Timestamp_UTC,actual_load_mw,persistence_prediction_MW
2025-05-28 03:45:00+00:00,48758.7,47593.5
2025-05-28 04:00:00+00:00,50944.0,48758.7
2025-05-28 04:15:00+00:00,52567.4,50944.0
2025-05-28 04:30:00+00:00,54068.6,52567.4
2025-05-28 04:45:00+00:00,54995.2,54068.6
2025-05-28 05:00:00+00:00,56482.9,54995.2
2025-05-28 05:15:00+00:00,57470.9,56482.9
2025-05-28 05:30:00+00:00,58063.6,57470.9
2025-05-28 05:45:00+00:00,59125.4,58063.6
2025-05-28 06:00:00+00:00,59643.6,59125.4
2025-05-28 06:15:00+00:00,60726.6,59643.6
2025-05-28 06:30:00+00:00,61118.5,60726.6
2025-05-28 06:45:00+00:00,61529.6,61118.5
2025-05-28 07:00:00+00:00,61592.0,61529.6
2025-05-28 07:15:00+00:00,61901.9,61592.0
2025-05-28 07:30:00+00:00,62291.8,61901.9
2025-05-28 07:45:00+00:00,62448.6,62291.8
2025-05-28 08:00:00+00:00,62423.8,62448.6
2025-05-28 08:15:00+00:00,62423.7,62423.8
2025-05-28 08:30:00+00:00,62855.5,62423.7
2025-05-28 08:45:00+00:00,62938.7,62855.5
2025-05-28 09:00:00+00:00,63153.9,62938.7
2025-05-28 09:15:00+00:00,63688.1,63153.9
2025-05-28 09:30:00+00:00,63883.5,63688.1
2025-05-28 09:45:00+00:00,64071.0,63883.5
2025-05-28 10:00:00+00:00,62703.8,64071.0
2025-05-28 10:15:00+00:00,62269.6,62703.8
2025-05-28 10:30:00+00:00,61988.4,62269.6
2025-05-28 10:45:00+00:00,61737.4,61988.4
2025-05-28 11:00:00+00:00,61349.8,61737.4
2025-05-28 11:15:00+00:00,60148.6,61349.8
2025-05-28 11:30:00+00:00,59291.5,60148.6
2025-05-28 11:45:00+00:00,58205.3,59291.5
2025-05-28 12:00:00+00:00,58444.3,58205.3
2025-05-28 12:15:00+00:00,59156.6,58444.3
2025-05-28 12:30:00+00:00,58650.9,59156.6
2025-05-28 12:45:00+00:00,58313.2,58650.9
2025-05-28 13:00:00+00:00,58005.0,58313.2
2025-05-28 13:15:00+00:00,57562.1,58005.0
2025-05-28 13:30:00+00:00,56666.2,57562.1
2025-05-28 13:45:00+00:00,56182.2,56666.2
2025-05-28 14:00:00+00:00,56642.4,56182.2
2025-05-28 14:15:00+00:00,56263.2,56642.4
2025-05-28 14:30:00+00:00,55601.8,56263.2
2025-05-28 14:45:00+00:00,55244.9,55601.8
2025-05-28 15:00:00+00:00,55947.5,55244.9
2025-05-28 15:15:00+00:00,55557.3,55947.5
2025-05-28 15:30:00+00:00,55664.1,55557.3
2025-05-28 15:45:00+00:00,55703.4,55664.1
2025-05-28 16:00:00+00:00,55983.4,55703.4
2025-05-28 16:15:00+00:00,55936.7,55983.4
2025-05-28 16:30:00+00:00,55895.4,55936.7
2025-05-28 16:45:00+00:00,55984.0,55895.4
2025-05-28 17:00:00+00:00,56292.0,55984.0
2025-05-28 17:15:00+00:00,55653.6,56292.0
2025-05-28 17:30:00+00:00,55212.1,55653.6
2025-05-28 17:45:00+00:00,54764.9,55212.1
2025-05-28 18:00:00+00:00,54600.8,54764.9
2025-05-28 18:15:00+00:00,54441.2,54600.8
2025-05-28 18:30:00+00:00,53243.9,54441.2
2025-05-28 18:45:00+00:00,51748.7,53243.9
2025-05-28 19:00:00+00:00,51142.1,51748.7
2025-05-28 19:15:00+00:00,50933.3,51142.1
2025-05-28 19:30:00+00:00,50781.3,50933.3
2025-05-28 19:45:00+00:00,50655.1,50781.3
2025-05-28 20:00:00+00:00,50035.2,50655.1
2025-05-28 20:15:00+00:00,49019.7,50035.2
2025-05-28 20:30:00+00:00,48351.0,49019.7
2025-05-28 20:45:00+00:00,47688.8,48351.0
2025-05-28 21:00:00+00:00,47020.2,47688.8
2025-05-28 21:15:00+00:00,46172.5,47020.2
2025-05-28 21:30:00+00:00,45189.4,46172.5
2025-05-28 21:45:00+00:00,44222.3,45189.4
2025-05-28 22:00:00+00:00,43539.3,44222.3
2025-05-28 22:15:00+00:00,42805.5,43539.3
2025-05-28 22:30:00+00:00,42402.4,42805.5
2025-05-28 22:45:00+00:00,42140.7,42402.4
2025-05-28 23:00:00+00:00,41306.8,42140.7
2025-05-28 23:15:00+00:00,41004.4,41306.8
2025-05-28 23:30:00+00:00,40558.0,41004.4
2025-05-28 23:45:00+00:00,40282.8,40558.0
2025-05-29 00:00:00+00:00,40103.2,40282.8
2025-05-29 00:15:00+00:00,39740.1,40103.2
2025-05-29 00:30:00+00:00,39383.6,39740.1
2025-05-29 00:45:00+00:00,39550.1,39383.6
2025-05-29 01:00:00+00:00,39319.1,39550.1
2025-05-29 01:15:00+00:00,39368.4,39319.1
2025-05-29 01:30:00+00:00,39160.2,39368.4
2025-05-29 01:45:00+00:00,39016.7,39160.2
2025-05-29 02:00:00+00:00,39317.0,39016.7
2025-05-29 02:15:00+00:00,39141.2,39317.0
2025-05-29 02:30:00+00:00,39192.2,39141.2
2025-05-29 02:45:00+00:00,38803.8,39192.2
2025-05-29 03:00:00+00:00,38609.4,38803.8
2025-05-29 03:15:00+00:00,38012.9,38609.4
2025-05-29 03:30:00+00:00,37616.0,38012.9
2025-05-29 03:45:00+00:00,37466.5,37616.0
2025-05-29 04:00:00+00:00,37948.7,37466.5
2025-05-29 04:15:00+00:00,37738.5,37948.7
2025-05-29 04:30:00+00:00,38091.9,37738.5
2025-05-29 04:45:00+00:00,38227.7,38091.9
2025-05-29 05:00:00+00:00,39250.6,38227.7
2025-05-29 05:15:00+00:00,39420.2,39250.6
2025-05-29 05:30:00+00:00,40269.9,39420.2
2025-05-29 05:45:00+00:00,41368.9,40269.9
2025-05-29 06:00:00+00:00,41667.7,41368.9
2025-05-29 06:15:00+00:00,42588.5,41667.7
2025-05-29 06:30:00+00:00,43393.8,42588.5
2025-05-29 06:45:00+00:00,44166.3,43393.8
2025-05-29 07:00:00+00:00,44878.2,44166.3
2025-05-29 07:15:00+00:00,45444.0,44878.2
2025-05-29 07:30:00+00:00,46195.2,45444.0
2025-05-29 07:45:00+00:00,46460.3,46195.2
2025-05-29 08:00:00+00:00,46613.2,46460.3
2025-05-29 08:15:00+00:00,46974.7,46613.2
2025-05-29 08:30:00+00:00,46737.4,46974.7
2025-05-29 08:45:00+00:00,47584.8,46737.4
2025-05-29 09:00:00+00:00,47315.2,47584.8
2025-05-29 09:15:00+00:00,47681.3,47315.2
2025-05-29 09:30:00+00:00,47799.9,47681.3
2025-05-29 09:45:00+00:00,47609.1,47799.9
2025-05-29 10:00:00+00:00,47545.3,47609.1
2025-05-29 10:15:00+00:00,47327.1,47545.3
2025-05-29 10:30:00+00:00,46425.1,47327.1
2025-05-29 10:45:00+00:00,46527.8,46425.1
2025-05-29 11:00:00+00:00,45768.5,46527.8
2025-05-29 11:15:00+00:00,45140.8,45768.5
2025-05-29 11:30:00+00:00,45055.5,45140.8
2025-05-29 11:45:00+00:00,44814.6,45055.5
2025-05-29 12:00:00+00:00,44812.0,44814.6
2025-05-29 12:15:00+00:00,44889.0,44812.0
2025-05-29 12:30:00+00:00,44543.9,44889.0
2025-05-29 12:45:00+00:00,44373.0,44543.9
2025-05-29 13:00:00+00:00,44231.5,44373.0
2025-05-29 13:15:00+00:00,44311.7,44231.5
2025-05-29 13:30:00+00:00,44166.4,44311.7
2025-05-29 13:45:00+00:00,44188.2,44166.4
2025-05-29 14:00:00+00:00,43257.9,44188.2
2025-05-29 14:15:00+00:00,43756.9,43257.9
2025-05-29 14:30:00+00:00,43487.6,43756.9
2025-05-29 14:45:00+00:00,44009.7,43487.6
2025-05-29 15:00:00+00:00,44653.6,44009.7
2025-05-29 15:15:00+00:00,44385.2,44653.6
2025-05-29 15:30:00+00:00,44730.9,44385.2
2025-05-29 15:45:00+00:00,44470.9,44730.9
2025-05-29 16:00:00+00:00,44822.2,44470.9
2025-05-29 16:15:00+00:00,44900.2,44822.2
2025-05-29 16:30:00+00:00,45238.5,44900.2
2025-05-29 16:45:00+00:00,45362.3,45238.5
2025-05-29 17:00:00+00:00,45680.0,45362.3
2025-05-29 17:15:00+00:00,45195.1,45680.0
2025-05-29 17:30:00+00:00,45570.6,45195.1
2025-05-29 17:45:00+00:00,45097.6,45570.6
2025-05-29 18:00:00+00:00,44838.3,45097.6
2025-05-29 18:15:00+00:00,44458.6,44838.3
2025-05-29 18:30:00+00:00,44349.1,44458.6
2025-05-29 18:45:00+00:00,44233.6,44349.1
2025-05-29 19:00:00+00:00,43830.7,44233.6
2025-05-29 19:15:00+00:00,43545.0,43830.7
2025-05-29 19:30:00+00:00,43742.4,43545.0
2025-05-29 19:45:00+00:00,43870.3,43742.4
2025-05-29 20:00:00+00:00,43736.9,43870.3
2025-05-29 20:15:00+00:00,43270.6,43736.9
2025-05-29 20:30:00+00:00,42748.8,43270.6
2025-05-29 20:45:00+00:00,42368.2,42748.8
2025-05-29 21:00:00+00:00,42321.1,42368.2
2025-05-29 21:15:00+00:00,41276.6,42321.1
2025-05-29 21:30:00+00:00,40780.4,41276.6
2025-05-29 21:45:00+00:00,40220.4,40780.4
2025-05-29 22:00:00+00:00,38796.3,40220.4
2025-05-29 22:15:00+00:00,38658.3,38796.3
2025-05-29 22:30:00+00:00,38244.9,38658.3
2025-05-29 22:45:00+00:00,37942.6,38244.9
2025-05-29 23:00:00+00:00,37844.4,37942.6
2025-05-29 23:15:00+00:00,37548.4,37844.4
2025-05-29 23:30:00+00:00,37124.0,37548.4
2025-05-29 23:45:00+00:00,36996.3,37124.0
2025-05-30 00:00:00+00:00,36795.8,36996.3
2025-05-30 00:15:00+00:00,36719.8,36795.8
2025-05-30 00:30:00+00:00,36685.6,36719.8
2025-05-30 00:45:00+00:00,36624.3,36685.6
2025-05-30 01:00:00+00:00,36658.2,36624.3
2025-05-30 01:15:00+00:00,36685.5,36658.2
2025-05-30 01:30:00+00:00,36897.2,36685.5
2025-05-30 01:45:00+00:00,37156.7,36897.2
2025-05-30 02:00:00+00:00,37754.0,37156.7
2025-05-30 02:15:00+00:00,37944.4,37754.0
2025-05-30 02:30:00+00:00,38201.4,37944.4
2025-05-30 02:45:00+00:00,38574.2,38201.4
2025-05-30 03:00:00+00:00,39881.2,38574.2
2025-05-30 03:15:00+00:00,39894.7,39881.2
2025-05-30 03:30:00+00:00,40006.7,39894.7
2025-05-30 03:45:00+00:00,40889.1,40006.7
2025-05-30 04:00:00+00:00,42866.6,40889.1
2025-05-30 04:15:00+00:00,43801.5,42866.6
2025-05-30 04:30:00+00:00,44829.9,43801.5
2025-05-30 04:45:00+00:00,45369.2,44829.9
2025-05-30 05:00:00+00:00,46639.1,45369.2
2025-05-30 05:15:00+00:00,47357.5,46639.1
2025-05-30 05:30:00+00:00,48403.3,47357.5
2025-05-30 05:45:00+00:00,49367.8,48403.3
2025-05-30 06:00:00+00:00,50222.6,49367.8
2025-05-30 06:15:00+00:00,51407.6,50222.6
2025-05-30 06:30:00+00:00,52202.0,51407.6
2025-05-30 06:45:00+00:00,52167.3,52202.0
2025-05-30 07:00:00+00:00,52361.8,52167.3
2025-05-30 07:15:00+00:00,52429.3,52361.8
2025-05-30 07:30:00+00:00,53070.1,52429.3
2025-05-30 07:45:00+00:00,53913.3,53070.1
2025-05-30 08:00:00+00:00,53559.6,53913.3
2025-05-30 08:15:00+00:00,53593.7,53559.6
2025-05-30 08:30:00+00:00,53686.5,53593.7
2025-05-30 08:45:00+00:00,53973.0,53686.5
2025-05-30 09:00:00+00:00,52912.5,53973.0
2025-05-30 09:15:00+00:00,52583.4,52912.5
2025-05-30 09:30:00+00:00,52650.7,52583.4
2025-05-30 09:45:00+00:00,52895.3,52650.7
2025-05-30 10:00:00+00:00,52870.3,52895.3
2025-05-30 10:15:00+00:00,52598.1,52870.3
2025-05-30 10:30:00+00:00,52543.4,52598.1
2025-05-30 10:45:00+00:00,51945.3,52543.4
2025-05-30 11:00:00+00:00,51517.2,51945.3
2025-05-30 11:15:00+00:00,51164.5,51517.2
2025-05-30 11:30:00+00:00,50385.6,51164.5
2025-05-30 11:45:00+00:00,49826.8,50385.6
2025-05-30 12:00:00+00:00,49038.7,49826.8
2025-05-30 12:15:00+00:00,49173.9,49038.7
2025-05-30 12:30:00+00:00,48934.3,49173.9
2025-05-30 12:45:00+00:00,48856.7,48934.3
2025-05-30 13:00:00+00:00,48858.7,48856.7
2025-05-30 13:15:00+00:00,48562.3,48858.7
2025-05-30 13:30:00+00:00,48773.5,48562.3
2025-05-30 13:45:00+00:00,48849.8,48773.5
2025-05-30 14:00:00+00:00,48850.8,48849.8
2025-05-30 14:15:00+00:00,48931.8,48850.8
2025-05-30 14:30:00+00:00,49305.8,48931.8
2025-05-30 14:45:00+00:00,49855.4,49305.8
2025-05-30 15:00:00+00:00,51243.3,49855.4
2025-05-30 15:15:00+00:00,51156.1,51243.3
2025-05-30 15:30:00+00:00,51081.8,51156.1
2025-05-30 15:45:00+00:00,51388.6,51081.8
2025-05-30 16:00:00+00:00,51630.6,51388.6
2025-05-30 16:15:00+00:00,51045.0,51630.6
2025-05-30 16:30:00+00:00,50941.7,51045.0
2025-05-30 16:45:00+00:00,51217.6,50941.7
2025-05-30 17:00:00+00:00,52238.5,51217.6
2025-05-30 17:15:00+00:00,51581.8,52238.5
2025-05-30 17:30:00+00:00,51309.9,51581.8
2025-05-30 17:45:00+00:00,51406.6,51309.9
2025-05-30 18:00:00+00:00,51218.0,51406.6
2025-05-30 18:15:00+00:00,50101.7,51218.0
2025-05-30 18:30:00+00:00,49472.9,50101.7
2025-05-30 18:45:00+00:00,49295.3,49472.9
2025-05-30 19:00:00+00:00,49017.5,49295.3
2025-05-30 19:15:00+00:00,48455.9,49017.5
2025-05-30 19:30:00+00:00,48477.1,48455.9
2025-05-30 19:45:00+00:00,48147.3,48477.1
2025-05-30 20:00:00+00:00,47694.1,48147.3
2025-05-30 20:15:00+00:00,47096.5,47694.1
2025-05-30 20:30:00+00:00,46271.3,47096.5
2025-05-30 20:45:00+00:00,45364.3,46271.3
2025-05-30 21:00:00+00:00,44196.1,45364.3
2025-05-30 21:15:00+00:00,43573.5,44196.1
2025-05-30 21:30:00+00:00,42793.7,43573.5
2025-05-30 21:45:00+00:00,41938.4,42793.7
2025-05-30 22:00:00+00:00,41096.5,41938.4
2025-05-30 22:15:00+00:00,40623.3,41096.5
2025-05-30 22:30:00+00:00,39914.4,40623.3
2025-05-30 22:45:00+00:00,39390.2,39914.4
2025-05-30 23:00:00+00:00,38860.1,39390.2
2025-05-30 23:15:00+00:00,38559.8,38860.1
2025-05-30 23:30:00+00:00,38213.8,38559.8
2025-05-30 23:45:00+00:00,37805.0,38213.8
2025-05-31 00:00:00+00:00,37289.8,37805.0
2025-05-31 00:15:00+00:00,36981.4,37289.8
2025-05-31 00:30:00+00:00,36624.7,36981.4
2025-05-31 00:45:00+00:00,36522.3,36624.7
2025-05-31 01:00:00+00:00,36578.1,36522.3
2025-05-31 01:15:00+00:00,36398.8,36578.1
2025-05-31 01:30:00+00:00,36257.5,36398.8
2025-05-31 01:45:00+00:00,36309.4,36257.5
2025-05-31 02:00:00+00:00,36550.3,36309.4
2025-05-31 02:15:00+00:00,36782.3,36550.3
2025-05-31 02:30:00+00:00,36535.9,36782.3
2025-05-31 02:45:00+00:00,36402.3,36535.9
2025-05-31 03:00:00+00:00,36492.0,36402.3
2025-05-31 03:15:00+00:00,36307.1,36492.0
2025-05-31 03:30:00+00:00,36498.1,36307.1
2025-05-31 03:45:00+00:00,37046.3,36498.1
2025-05-31 04:00:00+00:00,37544.4,37046.3
2025-05-31 04:15:00+00:00,38290.7,37544.4
2025-05-31 04:30:00+00:00,38573.3,38290.7
2025-05-31 04:45:00+00:00,38679.2,38573.3
2025-05-31 05:00:00+00:00,39712.1,38679.2
2025-05-31 05:15:00+00:00,40448.4,39712.1
2025-05-31 05:30:00+00:00,41342.6,40448.4
2025-05-31 05:45:00+00:00,42478.3,41342.6
2025-05-31 06:00:00+00:00,42661.1,42478.3
2025-05-31 06:15:00+00:00,43392.4,42661.1
2025-05-31 06:30:00+00:00,44010.0,43392.4
2025-05-31 06:45:00+00:00,45494.0,44010.0
2025-05-31 07:00:00+00:00,45214.3,45494.0
2025-05-31 07:15:00+00:00,45457.4,45214.3
2025-05-31 07:30:00+00:00,46248.5,45457.4
2025-05-31 07:45:00+00:00,46186.0,46248.5
2025-05-31 08:00:00+00:00,46052.6,46186.0
2025-05-31 08:15:00+00:00,45790.3,46052.6
2025-05-31 08:30:00+00:00,45915.9,45790.3
2025-05-31 08:45:00+00:00,46236.1,45915.9
2025-05-31 09:00:00+00:00,46117.6,46236.1
2025-05-31 09:15:00+00:00,46259.4,46117.6
2025-05-31 09:30:00+00:00,46774.5,46259.4
2025-05-31 09:45:00+00:00,46807.4,46774.5
2025-05-31 10:00:00+00:00,46394.5,46807.4
2025-05-31 10:15:00+00:00,45940.6,46394.5
2025-05-31 10:30:00+00:00,46128.2,45940.6
2025-05-31 10:45:00+00:00,46180.0,46128.2
2025-05-31 11:00:00+00:00,45290.4,46180.0
2025-05-31 11:15:00+00:00,45556.0,45290.4
2025-05-31 11:30:00+00:00,45211.2,45556.0
2025-05-31 11:45:00+00:00,45335.7,45211.2
2025-05-31 12:00:00+00:00,44741.0,45335.7
2025-05-31 12:15:00+00:00,45117.6,44741.0
2025-05-31 12:30:00+00:00,45033.0,45117.6
2025-05-31 12:45:00+00:00,45125.2,45033.0
2025-05-31 13:00:00+00:00,45379.9,45125.2
2025-05-31 13:15:00+00:00,45153.3,45379.9
2025-05-31 13:30:00+00:00,44961.2,45153.3
2025-05-31 13:45:00+00:00,44821.2,44961.2
2025-05-31 14:00:00+00:00,45169.6,44821.2
2025-05-31 14:15:00+00:00,45247.2,45169.6
2025-05-31 14:30:00+00:00,44921.6,45247.2
2025-05-31 14:45:00+00:00,44590.3,44921.6
2025-05-31 15:00:00+00:00,45774.0,44590.3
2025-05-31 15:15:00+00:00,45491.4,45774.0
2025-05-31 15:30:00+00:00,45944.4,45491.4
2025-05-31 15:45:00+00:00,45899.9,45944.4
2025-05-31 16:00:00+00:00,46603.5,45899.9
2025-05-31 16:15:00+00:00,46026.9,46603.5
2025-05-31 16:30:00+00:00,46029.1,46026.9
2025-05-31 16:45:00+00:00,46066.9,46029.1
2025-05-31 17:00:00+00:00,46591.4,46066.9
2025-05-31 17:15:00+00:00,45994.3,46591.4
2025-05-31 17:30:00+00:00,45584.6,45994.3
2025-05-31 17:45:00+00:00,45948.8,45584.6
2025-05-31 18:00:00+00:00,45273.2,45948.8
2025-05-31 18:15:00+00:00,44915.1,45273.2
2025-05-31 18:30:00+00:00,44744.4,44915.1
2025-05-31 18:45:00+00:00,43848.6,44744.4
2025-05-31 19:00:00+00:00,43180.9,43848.6
2025-05-31 19:15:00+00:00,42961.0,43180.9
2025-05-31 19:30:00+00:00,42647.1,42961.0
2025-05-31 19:45:00+00:00,42733.8,42647.1
2025-05-31 20:00:00+00:00,42395.6,42733.8
2025-05-31 20:15:00+00:00,41842.0,42395.6
2025-05-31 20:30:00+00:00,41350.9,41842.0
2025-05-31 20:45:00+00:00,41308.2,41350.9
2025-05-31 21:00:00+00:00,40144.3,41308.2
2025-05-31 21:15:00+00:00,39930.2,40144.3
2025-05-31 21:30:00+00:00,39222.6,39930.2
2025-05-31 21:45:00+00:00,38559.2,39222.6
2025-05-31 22:00:00+00:00,37867.0,38559.2
2025-05-31 22:15:00+00:00,37261.1,37867.0
2025-05-31 22:30:00+00:00,36759.7,37261.1
2025-05-31 22:45:00+00:00,36200.7,36759.7
2025-05-31 23:00:00+00:00,35656.5,36200.7
2025-05-31 23:15:00+00:00,35205.8,35656.5
2025-05-31 23:30:00+00:00,34878.3,35205.8
2025-05-31 23:45:00+00:00,34798.8,34878.3
2025-06-01 00:00:00+00:00,34216.0,34798.8
2025-06-01 00:15:00+00:00,33917.0,34216.0
2025-06-01 00:30:00+00:00,33306.0,33917.0
2025-06-01 00:45:00+00:00,33161.9,33306.0
2025-06-01 01:00:00+00:00,33497.8,33161.9
2025-06-01 01:15:00+00:00,33583.2,33497.8
2025-06-01 01:30:00+00:00,33522.9,33583.2
2025-06-01 01:45:00+00:00,33689.9,33522.9
2025-06-01 02:00:00+00:00,34088.8,33689.9
2025-06-01 02:15:00+00:00,33981.7,34088.8
2025-06-01 02:30:00+00:00,34182.8,33981.7
2025-06-01 02:45:00+00:00,34368.2,34182.8
2025-06-01 03:00:00+00:00,34398.3,34368.2
2025-06-01 03:15:00+00:00,34252.3,34398.3
2025-06-01 03:30:00+00:00,34175.4,34252.3
2025-06-01 03:45:00+00:00,34666.4,34175.4
2025-06-01 04:00:00+00:00,35050.8,34666.4
2025-06-01 04:15:00+00:00,35245.4,35050.8
2025-06-01 04:30:00+00:00,35765.9,35245.4
2025-06-01 04:45:00+00:00,35773.9,35765.9
2025-06-01 05:00:00+00:00,36218.4,35773.9
2025-06-01 05:15:00+00:00,37520.0,36218.4
2025-06-01 05:30:00+00:00,38036.2,37520.0
2025-06-01 05:45:00+00:00,38639.3,38036.2
2025-06-01 06:00:00+00:00,39436.7,38639.3
2025-06-01 06:15:00+00:00,40373.8,39436.7
2025-06-01 06:30:00+00:00,41392.6,40373.8
2025-06-01 06:45:00+00:00,42401.5,41392.6
2025-06-01 07:00:00+00:00,42500.8,42401.5
2025-06-01 07:15:00+00:00,43289.1,42500.8
2025-06-01 07:30:00+00:00,44204.8,43289.1
2025-06-01 07:45:00+00:00,44656.7,44204.8
2025-06-01 08:00:00+00:00,45211.7,44656.7
2025-06-01 08:15:00+00:00,45614.6,45211.7
2025-06-01 08:30:00+00:00,46061.5,45614.6
2025-06-01 08:45:00+00:00,45393.5,46061.5
2025-06-01 09:00:00+00:00,45717.6,45393.5
2025-06-01 09:15:00+00:00,46051.2,45717.6
2025-06-01 09:30:00+00:00,46459.1,46051.2
2025-06-01 09:45:00+00:00,46277.9,46459.1
2025-06-01 10:00:00+00:00,46296.3,46277.9
2025-06-01 10:15:00+00:00,46001.4,46296.3
2025-06-01 10:30:00+00:00,45502.9,46001.4
2025-06-01 10:45:00+00:00,45030.1,45502.9
2025-06-01 11:00:00+00:00,44952.6,45030.1
2025-06-01 11:15:00+00:00,44361.5,44952.6
2025-06-01 11:30:00+00:00,43757.2,44361.5
2025-06-01 11:45:00+00:00,43165.4,43757.2
2025-06-01 12:00:00+00:00,42780.5,43165.4
2025-06-01 12:15:00+00:00,42253.5,42780.5
2025-06-01 12:30:00+00:00,41776.2,42253.5
2025-06-01 12:45:00+00:00,41526.3,41776.2
2025-06-01 13:00:00+00:00,41879.2,41526.3
2025-06-01 13:15:00+00:00,41521.4,41879.2
2025-06-01 13:30:00+00:00,41460.8,41521.4
2025-06-01 13:45:00+00:00,41431.6,41460.8
2025-06-01 14:00:00+00:00,41959.5,41431.6
2025-06-01 14:15:00+00:00,42095.2,41959.5
2025-06-01 14:30:00+00:00,42278.4,42095.2
2025-06-01 14:45:00+00:00,42490.9,42278.4
2025-06-01 15:00:00+00:00,44249.2,42490.9
2025-06-01 15:15:00+00:00,45029.0,44249.2
2025-06-01 15:30:00+00:00,45536.9,45029.0
2025-06-01 15:45:00+00:00,45869.8,45536.9
2025-06-01 16:00:00+00:00,46397.6,45869.8
2025-06-01 16:15:00+00:00,46407.3,46397.6
2025-06-01 16:30:00+00:00,46510.6,46407.3
2025-06-01 16:45:00+00:00,46230.4,46510.6
2025-06-01 17:00:00+00:00,46398.6,46230.4
2025-06-01 17:15:00+00:00,46801.8,46398.6
2025-06-01 17:30:00+00:00,47214.2,46801.8
2025-06-01 17:45:00+00:00,46725.6,47214.2
2025-06-01 18:00:00+00:00,46253.2,46725.6
2025-06-01 18:15:00+00:00,45968.7,46253.2
2025-06-01 18:30:00+00:00,45680.0,45968.7
2025-06-01 18:45:00+00:00,45289.8,45680.0
2025-06-01 19:00:00+00:00,45380.5,45289.8
2025-06-01 19:15:00+00:00,45667.7,45380.5
2025-06-01 19:30:00+00:00,46364.0,45667.7
2025-06-01 19:45:00+00:00,46545.9,46364.0
2025-06-01 20:00:00+00:00,46015.2,46545.9
2025-06-01 20:15:00+00:00,45866.0,46015.2
2025-06-01 20:30:00+00:00,45405.0,45866.0
2025-06-01 20:45:00+00:00,44767.5,45405.0
2025-06-01 21:00:00+00:00,44059.9,44767.5
2025-06-01 21:15:00+00:00,42993.2,44059.9
2025-06-01 21:30:00+00:00,42603.5,42993.2
2025-06-01 21:45:00+00:00,42415.8,42603.5
2025-06-01 22:00:00+00:00,41441.0,42415.8
2025-06-01 22:15:00+00:00,40755.0,41441.0
2025-06-01 22:30:00+00:00,39960.6,40755.0
2025-06-01 22:45:00+00:00,39535.3,39960.6
2025-06-01 23:00:00+00:00,39218.4,39535.3
2025-06-01 23:15:00+00:00,38878.7,39218.4
2025-06-01 23:30:00+00:00,39038.1,38878.7
2025-06-01 23:45:00+00:00,38987.2,39038.1
2025-06-02 00:00:00+00:00,38644.4,38987.2
2025-06-02 00:15:00+00:00,38300.5,38644.4
2025-06-02 00:30:00+00:00,38456.7,38300.5
2025-06-02 00:45:00+00:00,38294.7,38456.7
2025-06-02 01:00:00+00:00,38406.5,38294.7
2025-06-02 01:15:00+00:00,38566.1,38406.5
2025-06-02 01:30:00+00:00,38467.9,38566.1
2025-06-02 01:45:00+00:00,38339.6,38467.9
2025-06-02 02:00:00+00:00,38843.1,38339.6
2025-06-02 02:15:00+00:00,39197.1,38843.1
2025-06-02 02:30:00+00:00,39487.5,39197.1
2025-06-02 02:45:00+00:00,40157.7,39487.5
2025-06-02 03:00:00+00:00,41309.2,40157.7
2025-06-02 03:15:00+00:00,42017.4,41309.2
2025-06-02 03:30:00+00:00,43142.5,42017.4
2025-06-02 03:45:00+00:00,44741.3,43142.5
2025-06-02 04:00:00+00:00,47837.1,44741.3
2025-06-02 04:15:00+00:00,49637.1,47837.1
2025-06-02 04:30:00+00:00,51211.6,49637.1
2025-06-02 04:45:00+00:00,52690.4,51211.6
2025-06-02 05:00:00+00:00,54185.2,52690.4
2025-06-02 05:15:00+00:00,55380.0,54185.2
2025-06-02 05:30:00+00:00,56529.7,55380.0
2025-06-02 05:45:00+00:00,57336.9,56529.7
2025-06-02 06:00:00+00:00,58138.6,57336.9
2025-06-02 06:15:00+00:00,58976.9,58138.6
2025-06-02 06:30:00+00:00,59075.9,58976.9
2025-06-02 06:45:00+00:00,58986.0,59075.9
2025-06-02 07:00:00+00:00,58897.1,58986.0
2025-06-02 07:15:00+00:00,59630.7,58897.1
2025-06-02 07:30:00+00:00,60474.0,59630.7
2025-06-02 07:45:00+00:00,60441.7,60474.0
2025-06-02 08:00:00+00:00,60877.7,60441.7
2025-06-02 08:15:00+00:00,60712.8,60877.7
2025-06-02 08:30:00+00:00,60678.8,60712.8
2025-06-02 08:45:00+00:00,60694.6,60678.8
2025-06-02 09:00:00+00:00,60483.1,60694.6
2025-06-02 09:15:00+00:00,61211.7,60483.1
2025-06-02 09:30:00+00:00,61452.3,61211.7
2025-06-02 09:45:00+00:00,61510.6,61452.3
2025-06-02 10:00:00+00:00,60503.2,61510.6
2025-06-02 10:15:00+00:00,60933.3,60503.2
2025-06-02 10:30:00+00:00,60943.4,60933.3
2025-06-02 10:45:00+00:00,61180.7,60943.4
2025-06-02 11:00:00+00:00,60860.0,61180.7
2025-06-02 11:15:00+00:00,60393.5,60860.0
2025-06-02 11:30:00+00:00,59820.9,60393.5
2025-06-02 11:45:00+00:00,59460.3,59820.9
2025-06-02 12:00:00+00:00,59361.2,59460.3
2025-06-02 12:15:00+00:00,59465.7,59361.2
2025-06-02 12:30:00+00:00,59458.3,59465.7
2025-06-02 12:45:00+00:00,58990.4,59458.3
2025-06-02 13:00:00+00:00,59199.0,58990.4
2025-06-02 13:15:00+00:00,58982.4,59199.0
2025-06-02 13:30:00+00:00,58117.9,58982.4
2025-06-02 13:45:00+00:00,57978.8,58117.9
2025-06-02 14:00:00+00:00,58297.5,57978.8
2025-06-02 14:15:00+00:00,57516.8,58297.5
2025-06-02 14:30:00+00:00,57419.1,57516.8
2025-06-02 14:45:00+00:00,57375.3,57419.1
2025-06-02 15:00:00+00:00,58263.1,57375.3
2025-06-02 15:15:00+00:00,57991.9,58263.1
2025-06-02 15:30:00+00:00,57797.3,57991.9
2025-06-02 15:45:00+00:00,57595.6,57797.3
2025-06-02 16:00:00+00:00,57828.4,57595.6
2025-06-02 16:15:00+00:00,57353.1,57828.4
2025-06-02 16:30:00+00:00,57518.5,57353.1
2025-06-02 16:45:00+00:00,57618.8,57518.5
2025-06-02 17:00:00+00:00,58239.1,57618.8
2025-06-02 17:15:00+00:00,57632.5,58239.1
2025-06-02 17:30:00+00:00,57290.4,57632.5
2025-06-02 17:45:00+00:00,56974.8,57290.4
2025-06-02 18:00:00+00:00,56418.6,56974.8
2025-06-02 18:15:00+00:00,55604.8,56418.6
2025-06-02 18:30:00+00:00,55007.2,55604.8
2025-06-02 18:45:00+00:00,54037.5,55007.2
2025-06-02 19:00:00+00:00,53190.2,54037.5
2025-06-02 19:15:00+00:00,52680.3,53190.2
2025-06-02 19:30:00+00:00,52371.6,52680.3
2025-06-02 19:45:00+00:00,52160.8,52371.6
2025-06-02 20:00:00+00:00,51516.3,52160.8
2025-06-02 20:15:00+00:00,50586.6,51516.3
2025-06-02 20:30:00+00:00,49665.1,50586.6
2025-06-02 20:45:00+00:00,48688.4,49665.1
2025-06-02 21:00:00+00:00,47566.5,48688.4
2025-06-02 21:15:00+00:00,46884.2,47566.5
2025-06-02 21:30:00+00:00,46016.2,46884.2
2025-06-02 21:45:00+00:00,45380.5,46016.2
2025-06-02 22:00:00+00:00,44598.2,45380.5
2025-06-02 22:15:00+00:00,43715.9,44598.2
2025-06-02 22:30:00+00:00,42896.1,43715.9
2025-06-02 22:45:00+00:00,42544.9,42896.1
2025-06-02 23:00:00+00:00,42061.8,42544.9
2025-06-02 23:15:00+00:00,41465.1,42061.8
2025-06-02 23:30:00+00:00,40950.8,41465.1
2025-06-02 23:45:00+00:00,40772.1,40950.8
2025-06-03 00:00:00+00:00,40488.2,40772.1
2025-06-03 00:15:00+00:00,40343.1,40488.2
2025-06-03 00:30:00+00:00,40021.6,40343.1
2025-06-03 00:45:00+00:00,39940.8,40021.6
2025-06-03 01:00:00+00:00,39872.1,39940.8
2025-06-03 01:15:00+00:00,40089.3,39872.1
2025-06-03 01:30:00+00:00,40092.7,40089.3
2025-06-03 01:45:00+00:00,40293.3,40092.7
2025-06-03 02:00:00+00:00,40857.8,40293.3
2025-06-03 02:15:00+00:00,41053.1,40857.8
2025-06-03 02:30:00+00:00,41454.1,41053.1
2025-06-03 02:45:00+00:00,41934.2,41454.1
2025-06-03 03:00:00+00:00,43095.3,41934.2
2025-06-03 03:15:00+00:00,43614.3,43095.3
2025-06-03 03:30:00+00:00,44767.6,43614.3
2025-06-03 03:45:00+00:00,46390.2,44767.6
2025-06-03 04:00:00+00:00,48738.3,46390.2
2025-06-03 04:15:00+00:00,50674.2,48738.3
2025-06-03 04:30:00+00:00,52014.0,50674.2
2025-06-03 04:45:00+00:00,53245.4,52014.0
2025-06-03 05:00:00+00:00,54754.1,53245.4
2025-06-03 05:15:00+00:00,56082.2,54754.1
2025-06-03 05:30:00+00:00,57099.0,56082.2
2025-06-03 05:45:00+00:00,57769.8,57099.0
2025-06-03 06:00:00+00:00,58352.1,57769.8
2025-06-03 06:15:00+00:00,58863.1,58352.1
2025-06-03 06:30:00+00:00,59333.7,58863.1
2025-06-03 06:45:00+00:00,59841.7,59333.7
2025-06-03 07:00:00+00:00,58535.3,59841.7
2025-06-03 07:15:00+00:00,59078.6,58535.3
2025-06-03 07:30:00+00:00,59814.1,59078.6
2025-06-03 07:45:00+00:00,60336.3,59814.1
2025-06-03 08:00:00+00:00,59567.4,60336.3
2025-06-03 08:15:00+00:00,59745.2,59567.4
2025-06-03 08:30:00+00:00,59804.6,59745.2
2025-06-03 08:45:00+00:00,59976.8,59804.6
2025-06-03 09:00:00+00:00,59556.3,59976.8
2025-06-03 09:15:00+00:00,59295.5,59556.3
2025-06-03 09:30:00+00:00,59508.1,59295.5
2025-06-03 09:45:00+00:00,59334.7,59508.1
2025-06-03 10:00:00+00:00,59279.6,59334.7
2025-06-03 10:15:00+00:00,58470.9,59279.6
2025-06-03 10:30:00+00:00,57948.6,58470.9
2025-06-03 10:45:00+00:00,58196.4,57948.6
2025-06-03 11:00:00+00:00,58409.5,58196.4
2025-06-03 11:15:00+00:00,57314.6,58409.5
2025-06-03 11:30:00+00:00,56933.1,57314.6
2025-06-03 11:45:00+00:00,56611.1,56933.1
2025-06-03 12:00:00+00:00,56215.3,56611.1
2025-06-03 12:15:00+00:00,55925.7,56215.3
2025-06-03 12:30:00+00:00,55539.1,55925.7
2025-06-03 12:45:00+00:00,55743.5,55539.1
2025-06-03 13:00:00+00:00,56052.2,55743.5
2025-06-03 13:15:00+00:00,55822.6,56052.2
2025-06-03 13:30:00+00:00,55642.4,55822.6
2025-06-03 13:45:00+00:00,55641.9,55642.4
2025-06-03 14:00:00+00:00,56958.2,55641.9
2025-06-03 14:15:00+00:00,56682.8,56958.2
2025-06-03 14:30:00+00:00,56578.6,56682.8
2025-06-03 14:45:00+00:00,56067.4,56578.6
2025-06-03 15:00:00+00:00,56639.4,56067.4
2025-06-03 15:15:00+00:00,56998.5,56639.4
2025-06-03 15:30:00+00:00,57100.9,56998.5
2025-06-03 15:45:00+00:00,57182.1,57100.9
2025-06-03 16:00:00+00:00,58475.7,57182.1
2025-06-03 16:15:00+00:00,58159.3,58475.7
2025-06-03 16:30:00+00:00,57893.6,58159.3
2025-06-03 16:45:00+00:00,57806.8,57893.6
2025-06-03 17:00:00+00:00,58461.6,57806.8
2025-06-03 17:15:00+00:00,58109.3,58461.6
2025-06-03 17:30:00+00:00,57793.6,58109.3
2025-06-03 17:45:00+00:00,57608.4,57793.6
2025-06-03 18:00:00+00:00,56680.6,57608.4
2025-06-03 18:15:00+00:00,55683.9,56680.6
2025-06-03 18:30:00+00:00,55112.2,55683.9
2025-06-03 18:45:00+00:00,54872.9,55112.2
2025-06-03 19:00:00+00:00,54289.1,54872.9
2025-06-03 19:15:00+00:00,53668.0,54289.1
2025-06-03 19:30:00+00:00,53891.7,53668.0
2025-06-03 19:45:00+00:00,53679.9,53891.7
2025-06-03 20:00:00+00:00,52878.2,53679.9
2025-06-03 20:15:00+00:00,52273.1,52878.2
2025-06-03 20:30:00+00:00,51348.2,52273.1
2025-06-03 20:45:00+00:00,50154.8,51348.2
2025-06-03 21:00:00+00:00,49178.8,50154.8
2025-06-03 21:15:00+00:00,48114.0,49178.8
2025-06-03 21:30:00+00:00,47298.0,48114.0
2025-06-03 21:45:00+00:00,46846.3,47298.0
2025-06-03 22:00:00+00:00,45819.5,46846.3
2025-06-03 22:15:00+00:00,45648.3,45819.5
2025-06-03 22:30:00+00:00,45633.8,45648.3
2025-06-03 22:45:00+00:00,45141.3,45633.8
2025-06-03 23:00:00+00:00,44552.7,45141.3
2025-06-03 23:15:00+00:00,43834.6,44552.7
2025-06-03 23:30:00+00:00,43751.8,43834.6
2025-06-03 23:45:00+00:00,43378.7,43751.8
2025-06-04 00:00:00+00:00,42958.7,43378.7
2025-06-04 00:15:00+00:00,43008.4,42958.7
2025-06-04 00:30:00+00:00,43219.4,43008.4
2025-06-04 00:45:00+00:00,42972.8,43219.4
2025-06-04 01:00:00+00:00,42999.1,42972.8
2025-06-04 01:15:00+00:00,42898.5,42999.1
2025-06-04 01:30:00+00:00,42838.1,42898.5
2025-06-04 01:45:00+00:00,42879.8,42838.1
2025-06-04 02:00:00+00:00,42805.7,42879.8
2025-06-04 02:15:00+00:00,42834.9,42805.7
2025-06-04 02:30:00+00:00,43011.6,42834.9
2025-06-04 02:45:00+00:00,43893.2,43011.6
2025-06-04 03:00:00+00:00,44170.2,43893.2
2025-06-04 03:15:00+00:00,44410.8,44170.2
2025-06-04 03:30:00+00:00,45447.2,44410.8
2025-06-04 03:45:00+00:00,47309.9,45447.2
2025-06-04 04:00:00+00:00,50175.9,47309.9
2025-06-04 04:15:00+00:00,51839.1,50175.9
2025-06-04 04:30:00+00:00,53223.4,51839.1
2025-06-04 04:45:00+00:00,54485.6,53223.4
2025-06-04 05:00:00+00:00,56121.2,54485.6
2025-06-04 05:15:00+00:00,57782.5,56121.2
2025-06-04 05:30:00+00:00,58989.2,57782.5
2025-06-04 05:45:00+00:00,59818.0,58989.2
2025-06-04 06:00:00+00:00,60866.0,59818.0
2025-06-04 06:15:00+00:00,61674.7,60866.0
2025-06-04 06:30:00+00:00,62066.3,61674.7
2025-06-04 06:45:00+00:00,62196.5,62066.3
2025-06-04 07:00:00+00:00,60650.5,62196.5
2025-06-04 07:15:00+00:00,60919.8,60650.5
2025-06-04 07:30:00+00:00,61672.9,60919.8
2025-06-04 07:45:00+00:00,61245.8,61672.9
2025-06-04 08:00:00+00:00,60999.8,61245.8
2025-06-04 08:15:00+00:00,60941.0,60999.8
2025-06-04 08:30:00+00:00,61638.2,60941.0
2025-06-04 08:45:00+00:00,61786.1,61638.2
2025-06-04 09:00:00+00:00,61581.4,61786.1
2025-06-04 09:15:00+00:00,62164.3,61581.4
2025-06-04 09:30:00+00:00,61992.0,62164.3
2025-06-04 09:45:00+00:00,62002.9,61992.0
2025-06-04 10:00:00+00:00,61649.1,62002.9
2025-06-04 10:15:00+00:00,62245.7,61649.1
2025-06-04 10:30:00+00:00,62727.0,62245.7
2025-06-04 10:45:00+00:00,62735.4,62727.0
2025-06-04 11:00:00+00:00,62236.1,62735.4
2025-06-04 11:15:00+00:00,61708.3,62236.1
2025-06-04 11:30:00+00:00,61002.2,61708.3
2025-06-04 11:45:00+00:00,60370.6,61002.2
2025-06-04 12:00:00+00:00,60005.5,60370.6
2025-06-04 12:15:00+00:00,60064.7,60005.5
2025-06-04 12:30:00+00:00,59699.3,60064.7
2025-06-04 12:45:00+00:00,58992.7,59699.3
2025-06-04 13:00:00+00:00,58955.1,58992.7
2025-06-04 13:15:00+00:00,58534.4,58955.1
2025-06-04 13:30:00+00:00,58152.0,58534.4
2025-06-04 13:45:00+00:00,57729.4,58152.0
2025-06-04 14:00:00+00:00,57841.6,57729.4
2025-06-04 14:15:00+00:00,58094.2,57841.6
2025-06-04 14:30:00+00:00,57633.9,58094.2
2025-06-04 14:45:00+00:00,57400.7,57633.9
2025-06-04 15:00:00+00:00,58586.7,57400.7
2025-06-04 15:15:00+00:00,58621.3,58586.7
2025-06-04 15:30:00+00:00,59135.1,58621.3
2025-06-04 15:45:00+00:00,59953.5,59135.1
2025-06-04 16:00:00+00:00,60710.0,59953.5
2025-06-04 16:15:00+00:00,60443.4,60710.0
2025-06-04 16:30:00+00:00,60266.0,60443.4
2025-06-04 16:45:00+00:00,60167.9,60266.0
2025-06-04 17:00:00+00:00,60168.0,60167.9
2025-06-04 17:15:00+00:00,59462.2,60168.0
2025-06-04 17:30:00+00:00,59213.3,59462.2
2025-06-04 17:45:00+00:00,58941.2,59213.3
2025-06-04 18:00:00+00:00,58175.4,58941.2
2025-06-04 18:15:00+00:00,57566.6,58175.4
2025-06-04 18:30:00+00:00,57158.3,57566.6
2025-06-04 18:45:00+00:00,56256.6,57158.3
2025-06-04 19:00:00+00:00,55460.4,56256.6
2025-06-04 19:15:00+00:00,54662.9,55460.4
2025-06-04 19:30:00+00:00,54290.4,54662.9
2025-06-04 19:45:00+00:00,53660.4,54290.4
2025-06-04 20:00:00+00:00,52625.1,53660.4
2025-06-04 20:15:00+00:00,51760.9,52625.1
2025-06-04 20:30:00+00:00,50939.7,51760.9
2025-06-04 20:45:00+00:00,49834.8,50939.7
2025-06-04 21:00:00+00:00,48656.9,49834.8
2025-06-04 21:15:00+00:00,47259.8,48656.9
2025-06-04 21:30:00+00:00,46972.8,47259.8
2025-06-04 21:45:00+00:00,46067.9,46972.8
2025-06-04 22:00:00+00:00,44362.4,46067.9
2025-06-04 22:15:00+00:00,43735.1,44362.4
2025-06-04 22:30:00+00:00,43203.6,43735.1
2025-06-04 22:45:00+00:00,42654.1,43203.6
2025-06-04 23:00:00+00:00,42288.2,42654.1
2025-06-04 23:15:00+00:00,41788.2,42288.2
2025-06-04 23:30:00+00:00,41586.9,41788.2
2025-06-04 23:45:00+00:00,41249.7,41586.9
2025-06-05 00:00:00+00:00,40734.6,41249.7
2025-06-05 00:15:00+00:00,40742.4,40734.6
2025-06-05 00:30:00+00:00,41077.1,40742.4
2025-06-05 00:45:00+00:00,40944.1,41077.1
2025-06-05 01:00:00+00:00,40837.1,40944.1
2025-06-05 01:15:00+00:00,40926.8,40837.1
2025-06-05 01:30:00+00:00,41009.2,40926.8
2025-06-05 01:45:00+00:00,41208.1,41009.2
2025-06-05 02:00:00+00:00,41675.2,41208.1
2025-06-05 02:15:00+00:00,42173.3,41675.2
2025-06-05 02:30:00+00:00,42282.5,42173.3
2025-06-05 02:45:00+00:00,42665.4,42282.5
2025-06-05 03:00:00+00:00,43703.0,42665.4
2025-06-05 03:15:00+00:00,43908.5,43703.0
2025-06-05 03:30:00+00:00,45055.0,43908.5
2025-06-05 03:45:00+00:00,46426.4,45055.0
2025-06-05 04:00:00+00:00,49257.8,46426.4
2025-06-05 04:15:00+00:00,50897.8,49257.8
2025-06-05 04:30:00+00:00,52471.6,50897.8
2025-06-05 04:45:00+00:00,53382.5,52471.6
2025-06-05 05:00:00+00:00,54560.1,53382.5
2025-06-05 05:15:00+00:00,55954.7,54560.1
2025-06-05 05:30:00+00:00,57070.1,55954.7
2025-06-05 05:45:00+00:00,58346.0,57070.1
2025-06-05 06:00:00+00:00,58423.0,58346.0
2025-06-05 06:15:00+00:00,59227.2,58423.0
2025-06-05 06:30:00+00:00,59959.8,59227.2
2025-06-05 06:45:00+00:00,60212.3,59959.8
2025-06-05 07:00:00+00:00,60313.4,60212.3
2025-06-05 07:15:00+00:00,60174.4,60313.4
2025-06-05 07:30:00+00:00,60554.7,60174.4
2025-06-05 07:45:00+00:00,61228.4,60554.7
2025-06-05 08:00:00+00:00,60695.0,61228.4
2025-06-05 08:15:00+00:00,61218.9,60695.0
2025-06-05 08:30:00+00:00,61301.4,61218.9
2025-06-05 08:45:00+00:00,61684.0,61301.4
2025-06-05 09:00:00+00:00,60702.7,61684.0
2025-06-05 09:15:00+00:00,61066.0,60702.7
2025-06-05 09:30:00+00:00,60690.2,61066.0
2025-06-05 09:45:00+00:00,60667.1,60690.2
2025-06-05 10:00:00+00:00,60494.0,60667.1
2025-06-05 10:15:00+00:00,60418.8,60494.0
2025-06-05 10:30:00+00:00,60299.8,60418.8
2025-06-05 10:45:00+00:00,60015.1,60299.8
2025-06-05 11:00:00+00:00,59690.8,60015.1
2025-06-05 11:15:00+00:00,59184.0,59690.8
2025-06-05 11:30:00+00:00,58984.7,59184.0
2025-06-05 11:45:00+00:00,58745.2,58984.7
2025-06-05 12:00:00+00:00,58398.7,58745.2
2025-06-05 12:15:00+00:00,58316.8,58398.7
2025-06-05 12:30:00+00:00,58517.4,58316.8
2025-06-05 12:45:00+00:00,58438.2,58517.4
2025-06-05 13:00:00+00:00,58943.8,58438.2
2025-06-05 13:15:00+00:00,57994.7,58943.8
2025-06-05 13:30:00+00:00,57594.9,57994.7
2025-06-05 13:45:00+00:00,57439.6,57594.9
2025-06-05 14:00:00+00:00,57171.1,57439.6
2025-06-05 14:15:00+00:00,56645.2,57171.1
2025-06-05 14:30:00+00:00,56911.2,56645.2
2025-06-05 14:45:00+00:00,56218.0,56911.2
2025-06-05 15:00:00+00:00,56957.1,56218.0
2025-06-05 15:15:00+00:00,56756.6,56957.1
2025-06-05 15:30:00+00:00,57013.3,56756.6
2025-06-05 15:45:00+00:00,57209.2,57013.3
2025-06-05 16:00:00+00:00,57418.5,57209.2
2025-06-05 16:15:00+00:00,56676.8,57418.5
2025-06-05 16:30:00+00:00,56852.2,56676.8
2025-06-05 16:45:00+00:00,56660.6,56852.2
2025-06-05 17:00:00+00:00,57223.7,56660.6
2025-06-05 17:15:00+00:00,56299.3,57223.7
2025-06-05 17:30:00+00:00,55998.3,56299.3
2025-06-05 17:45:00+00:00,55817.5,55998.3
2025-06-05 18:00:00+00:00,55841.6,55817.5
2025-06-05 18:15:00+00:00,55541.3,55841.6
2025-06-05 18:30:00+00:00,54794.9,55541.3
2025-06-05 18:45:00+00:00,54091.4,54794.9
2025-06-05 19:00:00+00:00,53227.2,54091.4
2025-06-05 19:15:00+00:00,53391.3,53227.2
2025-06-05 19:30:00+00:00,52627.4,53391.3
2025-06-05 19:45:00+00:00,52303.6,52627.4
2025-06-05 20:00:00+00:00,51278.8,52303.6
2025-06-05 20:15:00+00:00,51084.5,51278.8
2025-06-05 20:30:00+00:00,50095.6,51084.5
2025-06-05 20:45:00+00:00,48796.1,50095.6
2025-06-05 21:00:00+00:00,48149.1,48796.1
2025-06-05 21:15:00+00:00,47364.1,48149.1
2025-06-05 21:30:00+00:00,47129.1,47364.1
2025-06-05 21:45:00+00:00,46205.4,47129.1
2025-06-05 22:00:00+00:00,44883.8,46205.4
2025-06-05 22:15:00+00:00,44067.7,44883.8
2025-06-05 22:30:00+00:00,43587.8,44067.7
2025-06-05 22:45:00+00:00,43418.7,43587.8
2025-06-05 23:00:00+00:00,43179.9,43418.7
2025-06-05 23:15:00+00:00,43149.5,43179.9
2025-06-05 23:30:00+00:00,42435.2,43149.5
2025-06-05 23:45:00+00:00,42751.4,42435.2
2025-06-06 00:00:00+00:00,42462.2,42751.4
2025-06-06 00:15:00+00:00,42172.9,42462.2
2025-06-06 00:30:00+00:00,42070.1,42172.9
2025-06-06 00:45:00+00:00,42100.6,42070.1
2025-06-06 01:00:00+00:00,42199.4,42100.6
2025-06-06 01:15:00+00:00,42256.7,42199.4
2025-06-06 01:30:00+00:00,42338.6,42256.7
2025-06-06 01:45:00+00:00,42943.4,42338.6
2025-06-06 02:00:00+00:00,43427.7,42943.4
2025-06-06 02:15:00+00:00,43491.9,43427.7
2025-06-06 02:30:00+00:00,43443.2,43491.9
2025-06-06 02:45:00+00:00,43760.6,43443.2
2025-06-06 03:00:00+00:00,45008.3,43760.6
2025-06-06 03:15:00+00:00,45726.7,45008.3
2025-06-06 03:30:00+00:00,47024.5,45726.7
2025-06-06 03:45:00+00:00,48131.9,47024.5
2025-06-06 04:00:00+00:00,50473.8,48131.9
2025-06-06 04:15:00+00:00,52660.2,50473.8
2025-06-06 04:30:00+00:00,54659.9,52660.2
2025-06-06 04:45:00+00:00,55545.3,54659.9
2025-06-06 05:00:00+00:00,57007.8,55545.3
2025-06-06 05:15:00+00:00,58146.7,57007.8
2025-06-06 05:30:00+00:00,58732.4,58146.7
2025-06-06 05:45:00+00:00,59784.5,58732.4
2025-06-06 06:00:00+00:00,60988.7,59784.5
2025-06-06 06:15:00+00:00,62090.8,60988.7
2025-06-06 06:30:00+00:00,62195.4,62090.8
2025-06-06 06:45:00+00:00,62546.0,62195.4
2025-06-06 07:00:00+00:00,62630.1,62546.0
2025-06-06 07:15:00+00:00,62816.2,62630.1
2025-06-06 07:30:00+00:00,63117.2,62816.2
2025-06-06 07:45:00+00:00,63764.1,63117.2
2025-06-06 08:00:00+00:00,62728.1,63764.1
2025-06-06 08:15:00+00:00,61653.9,62728.1
2025-06-06 08:30:00+00:00,61203.0,61653.9
2025-06-06 08:45:00+00:00,61219.3,61203.0
2025-06-06 09:00:00+00:00,60823.2,61219.3
2025-06-06 09:15:00+00:00,60780.8,60823.2
2025-06-06 09:30:00+00:00,60845.2,60780.8
2025-06-06 09:45:00+00:00,60208.8,60845.2
2025-06-06 10:00:00+00:00,59955.9,60208.8
2025-06-06 10:15:00+00:00,59855.4,59955.9
2025-06-06 10:30:00+00:00,59658.4,59855.4
2025-06-06 10:45:00+00:00,59510.4,59658.4
2025-06-06 11:00:00+00:00,58815.0,59510.4
2025-06-06 11:15:00+00:00,58666.8,58815.0
2025-06-06 11:30:00+00:00,57870.6,58666.8
2025-06-06 11:45:00+00:00,57312.5,57870.6
2025-06-06 12:00:00+00:00,57505.3,57312.5
2025-06-06 12:15:00+00:00,57457.0,57505.3
2025-06-06 12:30:00+00:00,56705.2,57457.0
2025-06-06 12:45:00+00:00,56463.7,56705.2
2025-06-06 13:00:00+00:00,56693.9,56463.7
2025-06-06 13:15:00+00:00,55663.8,56693.9
2025-06-06 13:30:00+00:00,55522.3,55663.8
2025-06-06 13:45:00+00:00,55762.7,55522.3
2025-06-06 14:00:00+00:00,56361.9,55762.7
2025-06-06 14:15:00+00:00,54878.7,56361.9
2025-06-06 14:30:00+00:00,54822.1,54878.7
2025-06-06 14:45:00+00:00,54728.7,54822.1
2025-06-06 15:00:00+00:00,56765.3,54728.7
2025-06-06 15:15:00+00:00,56792.2,56765.3
2025-06-06 15:30:00+00:00,56355.7,56792.2
2025-06-06 15:45:00+00:00,56730.4,56355.7
2025-06-06 16:00:00+00:00,56941.3,56730.4
2025-06-06 16:15:00+00:00,56277.3,56941.3
2025-06-06 16:30:00+00:00,55800.3,56277.3
2025-06-06 16:45:00+00:00,55567.7,55800.3
2025-06-06 17:00:00+00:00,56110.0,55567.7
2025-06-06 17:15:00+00:00,55509.6,56110.0
2025-06-06 17:30:00+00:00,55418.2,55509.6
2025-06-06 17:45:00+00:00,54692.0,55418.2
2025-06-06 18:00:00+00:00,55287.3,54692.0
2025-06-06 18:15:00+00:00,54450.2,55287.3
2025-06-06 18:30:00+00:00,53627.0,54450.2
2025-06-06 18:45:00+00:00,53221.4,53627.0
2025-06-06 19:00:00+00:00,52370.8,53221.4
2025-06-06 19:15:00+00:00,51674.1,52370.8
2025-06-06 19:30:00+00:00,51041.7,51674.1
2025-06-06 19:45:00+00:00,50413.2,51041.7
2025-06-06 20:00:00+00:00,49111.0,50413.2
2025-06-06 20:15:00+00:00,48236.6,49111.0
2025-06-06 20:30:00+00:00,47689.6,48236.6
2025-06-06 20:45:00+00:00,46932.4,47689.6
2025-06-06 21:00:00+00:00,45800.8,46932.4
2025-06-06 21:15:00+00:00,45144.2,45800.8
2025-06-06 21:30:00+00:00,43863.9,45144.2
2025-06-06 21:45:00+00:00,43078.3,43863.9
2025-06-06 22:00:00+00:00,42363.1,43078.3
2025-06-06 22:15:00+00:00,41661.1,42363.1
2025-06-06 22:30:00+00:00,41034.2,41661.1
2025-06-06 22:45:00+00:00,40833.0,41034.2
2025-06-06 23:00:00+00:00,40502.9,40833.0
2025-06-06 23:15:00+00:00,40333.6,40502.9
2025-06-06 23:30:00+00:00,39890.5,40333.6
2025-06-06 23:45:00+00:00,39654.3,39890.5
2025-06-07 00:00:00+00:00,39132.2,39654.3
2025-06-07 00:15:00+00:00,38913.4,39132.2
2025-06-07 00:30:00+00:00,38774.2,38913.4
2025-06-07 00:45:00+00:00,38693.0,38774.2
2025-06-07 01:00:00+00:00,38383.9,38693.0
2025-06-07 01:15:00+00:00,38221.8,38383.9
2025-06-07 01:30:00+00:00,38181.3,38221.8
2025-06-07 01:45:00+00:00,38104.8,38181.3
2025-06-07 02:00:00+00:00,38255.8,38104.8
2025-06-07 02:15:00+00:00,38272.4,38255.8
2025-06-07 02:30:00+00:00,38296.9,38272.4
2025-06-07 02:45:00+00:00,38217.3,38296.9
2025-06-07 03:00:00+00:00,38009.7,38217.3
2025-06-07 03:15:00+00:00,37864.7,38009.7
2025-06-07 03:30:00+00:00,37936.1,37864.7
2025-06-07 03:45:00+00:00,38081.3,37936.1
2025-06-07 04:00:00+00:00,38729.6,38081.3
2025-06-07 04:15:00+00:00,39175.6,38729.6
2025-06-07 04:30:00+00:00,40005.5,39175.6
2025-06-07 04:45:00+00:00,40270.2,40005.5
2025-06-07 05:00:00+00:00,40704.7,40270.2
2025-06-07 05:15:00+00:00,41756.2,40704.7
2025-06-07 05:30:00+00:00,42538.5,41756.2
2025-06-07 05:45:00+00:00,43212.8,42538.5
2025-06-07 06:00:00+00:00,43903.1,43212.8
2025-06-07 06:15:00+00:00,44811.2,43903.1
2025-06-07 06:30:00+00:00,45199.6,44811.2
2025-06-07 06:45:00+00:00,45913.5,45199.6
2025-06-07 07:00:00+00:00,45966.4,45913.5
2025-06-07 07:15:00+00:00,46735.0,45966.4
2025-06-07 07:30:00+00:00,47213.2,46735.0
2025-06-07 07:45:00+00:00,48269.5,47213.2
2025-06-07 08:00:00+00:00,47873.6,48269.5
2025-06-07 08:15:00+00:00,48537.1,47873.6
2025-06-07 08:30:00+00:00,49123.7,48537.1
2025-06-07 08:45:00+00:00,49444.0,49123.7
2025-06-07 09:00:00+00:00,49169.8,49444.0
2025-06-07 09:15:00+00:00,49086.2,49169.8
2025-06-07 09:30:00+00:00,49529.1,49086.2
2025-06-07 09:45:00+00:00,49399.0,49529.1
2025-06-07 10:00:00+00:00,49488.6,49399.0
2025-06-07 10:15:00+00:00,49346.3,49488.6
2025-06-07 10:30:00+00:00,49266.3,49346.3
2025-06-07 10:45:00+00:00,48224.5,49266.3
2025-06-07 11:00:00+00:00,47572.0,48224.5
2025-06-07 11:15:00+00:00,47336.6,47572.0
2025-06-07 11:30:00+00:00,46931.0,47336.6
2025-06-07 11:45:00+00:00,46339.5,46931.0
2025-06-07 12:00:00+00:00,46238.2,46339.5
2025-06-07 12:15:00+00:00,46137.8,46238.2
2025-06-07 12:30:00+00:00,46542.5,46137.8
2025-06-07 12:45:00+00:00,46087.2,46542.5
2025-06-07 13:00:00+00:00,46189.1,46087.2
2025-06-07 13:15:00+00:00,46219.3,46189.1
2025-06-07 13:30:00+00:00,45862.3,46219.3
2025-06-07 13:45:00+00:00,45166.1,45862.3
2025-06-07 14:00:00+00:00,45527.8,45166.1
2025-06-07 14:15:00+00:00,45563.7,45527.8
2025-06-07 14:30:00+00:00,45078.0,45563.7
2025-06-07 14:45:00+00:00,45272.4,45078.0
2025-06-07 15:00:00+00:00,45383.9,45272.4
2025-06-07 15:15:00+00:00,45288.1,45383.9
2025-06-07 15:30:00+00:00,45132.0,45288.1
2025-06-07 15:45:00+00:00,45668.7,45132.0
2025-06-07 16:00:00+00:00,46476.0,45668.7
2025-06-07 16:15:00+00:00,46199.5,46476.0
2025-06-07 16:30:00+00:00,46060.0,46199.5
2025-06-07 16:45:00+00:00,46028.8,46060.0
2025-06-07 17:00:00+00:00,46031.1,46028.8
2025-06-07 17:15:00+00:00,45843.0,46031.1
2025-06-07 17:30:00+00:00,45956.1,45843.0
2025-06-07 17:45:00+00:00,45680.6,45956.1
2025-06-07 18:00:00+00:00,45449.8,45680.6
2025-06-07 18:15:00+00:00,44819.2,45449.8
2025-06-07 18:30:00+00:00,44149.0,44819.2
2025-06-07 18:45:00+00:00,43739.4,44149.0
2025-06-07 19:00:00+00:00,43650.8,43739.4
2025-06-07 19:15:00+00:00,43182.4,43650.8
2025-06-07 19:30:00+00:00,43238.7,43182.4
2025-06-07 19:45:00+00:00,42988.8,43238.7
2025-06-07 20:00:00+00:00,42923.7,42988.8
2025-06-07 20:15:00+00:00,42241.9,42923.7
2025-06-07 20:30:00+00:00,41582.0,42241.9
2025-06-07 20:45:00+00:00,40832.8,41582.0
2025-06-07 21:00:00+00:00,40447.3,40832.8
2025-06-07 21:15:00+00:00,40496.8,40447.3
2025-06-07 21:30:00+00:00,39793.2,40496.8
2025-06-07 21:45:00+00:00,39195.7,39793.2
2025-06-07 22:00:00+00:00,38124.1,39195.7
2025-06-07 22:15:00+00:00,38106.6,38124.1
2025-06-07 22:30:00+00:00,37955.8,38106.6
2025-06-07 22:45:00+00:00,37434.8,37955.8
2025-06-07 23:00:00+00:00,36736.2,37434.8
2025-06-07 23:15:00+00:00,36145.5,36736.2
2025-06-07 23:30:00+00:00,35968.9,36145.5
2025-06-07 23:45:00+00:00,35572.3,35968.9
2025-06-08 00:00:00+00:00,35171.8,35572.3
2025-06-08 00:15:00+00:00,34687.0,35171.8
2025-06-08 00:30:00+00:00,34700.2,34687.0
2025-06-08 00:45:00+00:00,34406.7,34700.2
2025-06-08 01:00:00+00:00,34221.3,34406.7
2025-06-08 01:15:00+00:00,33741.8,34221.3
2025-06-08 01:30:00+00:00,33718.6,33741.8
2025-06-08 01:45:00+00:00,33610.9,33718.6
2025-06-08 02:00:00+00:00,33635.9,33610.9
2025-06-08 02:15:00+00:00,33606.2,33635.9
2025-06-08 02:30:00+00:00,33597.2,33606.2
2025-06-08 02:45:00+00:00,33295.0,33597.2
2025-06-08 03:00:00+00:00,33552.7,33295.0
2025-06-08 03:15:00+00:00,33357.2,33552.7
2025-06-08 03:30:00+00:00,33367.7,33357.2
2025-06-08 03:45:00+00:00,33626.9,33367.7
2025-06-08 04:00:00+00:00,33523.2,33626.9
2025-06-08 04:15:00+00:00,33590.4,33523.2
2025-06-08 04:30:00+00:00,34131.1,33590.4
2025-06-08 04:45:00+00:00,34499.1,34131.1
2025-06-08 05:00:00+00:00,35063.5,34499.1
2025-06-08 05:15:00+00:00,35519.9,35063.5
2025-06-08 05:30:00+00:00,36441.4,35519.9
2025-06-08 05:45:00+00:00,37417.1,36441.4
2025-06-08 06:00:00+00:00,38150.8,37417.1
2025-06-08 06:15:00+00:00,38935.0,38150.8
2025-06-08 06:30:00+00:00,39728.9,38935.0
2025-06-08 06:45:00+00:00,40349.8,39728.9
2025-06-08 07:00:00+00:00,41458.9,40349.8
2025-06-08 07:15:00+00:00,42213.5,41458.9
2025-06-08 07:30:00+00:00,42623.9,42213.5
2025-06-08 07:45:00+00:00,43716.9,42623.9
2025-06-08 08:00:00+00:00,44014.3,43716.9
2025-06-08 08:15:00+00:00,44331.6,44014.3
2025-06-08 08:30:00+00:00,44894.5,44331.6
2025-06-08 08:45:00+00:00,45162.9,44894.5
2025-06-08 09:00:00+00:00,45860.8,45162.9
2025-06-08 09:15:00+00:00,45927.4,45860.8
2025-06-08 09:30:00+00:00,45863.8,45927.4
2025-06-08 09:45:00+00:00,45842.9,45863.8
2025-06-08 10:00:00+00:00,45679.4,45842.9
2025-06-08 10:15:00+00:00,45194.2,45679.4
2025-06-08 10:30:00+00:00,44937.6,45194.2
2025-06-08 10:45:00+00:00,44842.3,44937.6
2025-06-08 11:00:00+00:00,43517.5,44842.3
2025-06-08 11:15:00+00:00,43412.8,43517.5
2025-06-08 11:30:00+00:00,43189.7,43412.8
2025-06-08 11:45:00+00:00,42965.5,43189.7
2025-06-08 12:00:00+00:00,42127.8,42965.5
2025-06-08 12:15:00+00:00,41457.0,42127.8
2025-06-08 12:30:00+00:00,41656.7,41457.0
2025-06-08 12:45:00+00:00,41625.6,41656.7
2025-06-08 13:00:00+00:00,41835.4,41625.6
2025-06-08 13:15:00+00:00,41305.2,41835.4
2025-06-08 13:30:00+00:00,41603.6,41305.2
2025-06-08 13:45:00+00:00,41480.1,41603.6
2025-06-08 14:00:00+00:00,41951.4,41480.1
2025-06-08 14:15:00+00:00,41913.8,41951.4
2025-06-08 14:30:00+00:00,41699.8,41913.8
2025-06-08 14:45:00+00:00,41442.6,41699.8
2025-06-08 15:00:00+00:00,42581.5,41442.6
2025-06-08 15:15:00+00:00,42659.3,42581.5
2025-06-08 15:30:00+00:00,42667.3,42659.3
2025-06-08 15:45:00+00:00,43077.2,42667.3
2025-06-08 16:00:00+00:00,43134.2,43077.2
2025-06-08 16:15:00+00:00,43676.8,43134.2
2025-06-08 16:30:00+00:00,43489.4,43676.8
2025-06-08 16:45:00+00:00,43660.2,43489.4
2025-06-08 17:00:00+00:00,45030.2,43660.2
2025-06-08 17:15:00+00:00,44717.2,45030.2
2025-06-08 17:30:00+00:00,44442.1,44717.2
2025-06-08 17:45:00+00:00,44755.6,44442.1
2025-06-08 18:00:00+00:00,45376.9,44755.6
2025-06-08 18:15:00+00:00,44746.0,45376.9
2025-06-08 18:30:00+00:00,44566.1,44746.0
2025-06-08 18:45:00+00:00,44515.3,44566.1
2025-06-08 19:00:00+00:00,44111.5,44515.3
2025-06-08 19:15:00+00:00,43731.2,44111.5
2025-06-08 19:30:00+00:00,43516.3,43731.2
2025-06-08 19:45:00+00:00,43956.0,43516.3
2025-06-08 20:00:00+00:00,43740.4,43956.0
2025-06-08 20:15:00+00:00,43314.6,43740.4
2025-06-08 20:30:00+00:00,42619.4,43314.6
2025-06-08 20:45:00+00:00,41968.3,42619.4
2025-06-08 21:00:00+00:00,41159.9,41968.3
2025-06-08 21:15:00+00:00,40533.7,41159.9
2025-06-08 21:30:00+00:00,40011.8,40533.7
2025-06-08 21:45:00+00:00,39382.5,40011.8
2025-06-08 22:00:00+00:00,39055.6,39382.5
2025-06-08 22:15:00+00:00,38457.0,39055.6
2025-06-08 22:30:00+00:00,38109.8,38457.0
2025-06-08 22:45:00+00:00,37528.2,38109.8
2025-06-08 23:00:00+00:00,36905.3,37528.2
2025-06-08 23:15:00+00:00,36852.4,36905.3
2025-06-08 23:30:00+00:00,36539.2,36852.4
2025-06-08 23:45:00+00:00,36213.2,36539.2
2025-06-09 00:00:00+00:00,36036.0,36213.2
2025-06-09 00:15:00+00:00,35784.8,36036.0
2025-06-09 00:30:00+00:00,35607.8,35784.8
2025-06-09 00:45:00+00:00,35388.7,35607.8
2025-06-09 01:00:00+00:00,35407.0,35388.7
2025-06-09 01:15:00+00:00,35514.7,35407.0
2025-06-09 01:30:00+00:00,35510.8,35514.7
2025-06-09 01:45:00+00:00,35295.2,35510.8
2025-06-09 02:00:00+00:00,35323.1,35295.2
2025-06-09 02:15:00+00:00,35709.3,35323.1
2025-06-09 02:30:00+00:00,35779.6,35709.3
2025-06-09 02:45:00+00:00,35596.2,35779.6
2025-06-09 03:00:00+00:00,35772.1,35596.2
2025-06-09 03:15:00+00:00,35578.0,35772.1
2025-06-09 03:30:00+00:00,35823.0,35578.0
2025-06-09 03:45:00+00:00,35760.5,35823.0
2025-06-09 04:00:00+00:00,36266.6,35760.5
2025-06-09 04:15:00+00:00,36658.5,36266.6
2025-06-09 04:30:00+00:00,36750.9,36658.5
2025-06-09 04:45:00+00:00,36998.1,36750.9
2025-06-09 05:00:00+00:00,37482.3,36998.1
2025-06-09 05:15:00+00:00,38205.6,37482.3
2025-06-09 05:30:00+00:00,38944.0,38205.6
2025-06-09 05:45:00+00:00,39775.3,38944.0
2025-06-09 06:00:00+00:00,40842.3,39775.3
2025-06-09 06:15:00+00:00,41745.0,40842.3
2025-06-09 06:30:00+00:00,42500.7,41745.0
2025-06-09 06:45:00+00:00,42531.9,42500.7
2025-06-09 07:00:00+00:00,43265.4,42531.9
2025-06-09 07:15:00+00:00,42955.3,43265.4
2025-06-09 07:30:00+00:00,42569.0,42955.3
2025-06-09 07:45:00+00:00,42491.2,42569.0
2025-06-09 08:00:00+00:00,43387.2,42491.2
2025-06-09 08:15:00+00:00,42974.5,43387.2
2025-06-09 08:30:00+00:00,43003.0,42974.5
2025-06-09 08:45:00+00:00,43159.6,43003.0
2025-06-09 09:00:00+00:00,43114.2,43159.6
2025-06-09 09:15:00+00:00,43360.9,43114.2
2025-06-09 09:30:00+00:00,43687.4,43360.9
2025-06-09 09:45:00+00:00,43861.9,43687.4
2025-06-09 10:00:00+00:00,43767.4,43861.9
2025-06-09 10:15:00+00:00,44122.6,43767.4
2025-06-09 10:30:00+00:00,44374.5,44122.6
2025-06-09 10:45:00+00:00,43872.9,44374.5
2025-06-09 11:00:00+00:00,43151.4,43872.9
2025-06-09 11:15:00+00:00,42726.1,43151.4
2025-06-09 11:30:00+00:00,42552.6,42726.1
2025-06-09 11:45:00+00:00,41895.3,42552.6
2025-06-09 12:00:00+00:00,41315.3,41895.3
2025-06-09 12:15:00+00:00,41409.5,41315.3
2025-06-09 12:30:00+00:00,41190.7,41409.5
2025-06-09 12:45:00+00:00,40588.6,41190.7
2025-06-09 13:00:00+00:00,40588.7,40588.6
2025-06-09 13:15:00+00:00,40340.7,40588.7
2025-06-09 13:30:00+00:00,40331.0,40340.7
2025-06-09 13:45:00+00:00,40415.3,40331.0
2025-06-09 14:00:00+00:00,40930.8,40415.3
2025-06-09 14:15:00+00:00,40625.2,40930.8
2025-06-09 14:30:00+00:00,40886.0,40625.2
2025-06-09 14:45:00+00:00,41863.4,40886.0
2025-06-09 15:00:00+00:00,43508.0,41863.4
2025-06-09 15:15:00+00:00,43712.5,43508.0
2025-06-09 15:30:00+00:00,43557.6,43712.5
2025-06-09 15:45:00+00:00,43895.8,43557.6
2025-06-09 16:00:00+00:00,44687.0,43895.8
2025-06-09 16:15:00+00:00,44469.2,44687.0
2025-06-09 16:30:00+00:00,44836.3,44469.2
2025-06-09 16:45:00+00:00,44705.3,44836.3
2025-06-09 17:00:00+00:00,44814.5,44705.3
2025-06-09 17:15:00+00:00,44605.6,44814.5
2025-06-09 17:30:00+00:00,44602.6,44605.6
2025-06-09 17:45:00+00:00,44370.9,44602.6
2025-06-09 18:00:00+00:00,44597.8,44370.9
2025-06-09 18:15:00+00:00,44293.6,44597.8
2025-06-09 18:30:00+00:00,43876.8,44293.6
2025-06-09 18:45:00+00:00,43779.7,43876.8
2025-06-09 19:00:00+00:00,43650.9,43779.7
2025-06-09 19:15:00+00:00,43643.5,43650.9
2025-06-09 19:30:00+00:00,43514.6,43643.5
2025-06-09 19:45:00+00:00,43617.5,43514.6
2025-06-09 20:00:00+00:00,43428.8,43617.5
2025-06-09 20:15:00+00:00,43467.6,43428.8
2025-06-09 20:30:00+00:00,42512.7,43467.6
2025-06-09 20:45:00+00:00,42063.1,42512.7
2025-06-09 21:00:00+00:00,41082.4,42063.1
2025-06-09 21:15:00+00:00,40650.7,41082.4
2025-06-09 21:30:00+00:00,40020.2,40650.7
2025-06-09 21:45:00+00:00,39712.9,40020.2
2025-06-09 22:00:00+00:00,38269.9,39712.9
2025-06-09 22:15:00+00:00,38010.8,38269.9
2025-06-09 22:30:00+00:00,37638.5,38010.8
2025-06-09 22:45:00+00:00,37239.8,37638.5
2025-06-09 23:00:00+00:00,36998.9,37239.8
2025-06-09 23:15:00+00:00,36638.2,36998.9
2025-06-09 23:30:00+00:00,36352.1,36638.2
2025-06-09 23:45:00+00:00,36211.2,36352.1
2025-06-10 00:00:00+00:00,36091.9,36211.2
2025-06-10 00:15:00+00:00,35854.4,36091.9
2025-06-10 00:30:00+00:00,36138.4,35854.4
2025-06-10 00:45:00+00:00,36036.6,36138.4
2025-06-10 01:00:00+00:00,35783.8,36036.6
2025-06-10 01:15:00+00:00,36094.5,35783.8
2025-06-10 01:30:00+00:00,36050.3,36094.5
2025-06-10 01:45:00+00:00,36532.3,36050.3
2025-06-10 02:00:00+00:00,36868.2,36532.3
2025-06-10 02:15:00+00:00,37372.4,36868.2
2025-06-10 02:30:00+00:00,37931.1,37372.4
2025-06-10 02:45:00+00:00,38288.3,37931.1
2025-06-10 03:00:00+00:00,39130.9,38288.3
2025-06-10 03:15:00+00:00,39852.9,39130.9
2025-06-10 03:30:00+00:00,41105.4,39852.9
2025-06-10 03:45:00+00:00,42582.6,41105.4
2025-06-10 04:00:00+00:00,45519.0,42582.6
2025-06-10 04:15:00+00:00,47688.4,45519.0
2025-06-10 04:30:00+00:00,49298.7,47688.4
2025-06-10 04:45:00+00:00,50463.6,49298.7
2025-06-10 05:00:00+00:00,51574.8,50463.6
2025-06-10 05:15:00+00:00,53102.4,51574.8
2025-06-10 05:30:00+00:00,53785.7,53102.4
2025-06-10 05:45:00+00:00,54679.4,53785.7
2025-06-10 06:00:00+00:00,55344.8,54679.4
2025-06-10 06:15:00+00:00,56132.9,55344.8
2025-06-10 06:30:00+00:00,56938.3,56132.9
2025-06-10 06:45:00+00:00,57066.9,56938.3
2025-06-10 07:00:00+00:00,57014.4,57066.9
2025-06-10 07:15:00+00:00,57608.3,57014.4
2025-06-10 07:30:00+00:00,57689.9,57608.3
2025-06-10 07:45:00+00:00,58197.2,57689.9
2025-06-10 08:00:00+00:00,58414.4,58197.2
2025-06-10 08:15:00+00:00,58594.8,58414.4
2025-06-10 08:30:00+00:00,58883.3,58594.8
2025-06-10 08:45:00+00:00,58760.4,58883.3
2025-06-10 09:00:00+00:00,58791.3,58760.4
2025-06-10 09:15:00+00:00,59126.4,58791.3
2025-06-10 09:30:00+00:00,59878.5,59126.4
2025-06-10 09:45:00+00:00,59516.4,59878.5
2025-06-10 10:00:00+00:00,58898.0,59516.4
2025-06-10 10:15:00+00:00,58932.5,58898.0
2025-06-10 10:30:00+00:00,58515.6,58932.5
2025-06-10 10:45:00+00:00,58106.6,58515.6
2025-06-10 11:00:00+00:00,57858.8,58106.6
2025-06-10 11:15:00+00:00,56962.9,57858.8
2025-06-10 11:30:00+00:00,56879.9,56962.9
2025-06-10 11:45:00+00:00,56580.3,56879.9
2025-06-10 12:00:00+00:00,56482.2,56580.3
2025-06-10 12:15:00+00:00,56601.4,56482.2
2025-06-10 12:30:00+00:00,56476.1,56601.4
2025-06-10 12:45:00+00:00,56704.6,56476.1
2025-06-10 13:00:00+00:00,56365.5,56704.6
2025-06-10 13:15:00+00:00,56182.4,56365.5
2025-06-10 13:30:00+00:00,56403.4,56182.4
2025-06-10 13:45:00+00:00,56413.7,56403.4
2025-06-10 14:00:00+00:00,56706.8,56413.7
2025-06-10 14:15:00+00:00,56195.7,56706.8
2025-06-10 14:30:00+00:00,55962.0,56195.7
2025-06-10 14:45:00+00:00,56084.1,55962.0
2025-06-10 15:00:00+00:00,56090.2,56084.1
2025-06-10 15:15:00+00:00,56187.0,56090.2
2025-06-10 15:30:00+00:00,56468.3,56187.0
2025-06-10 15:45:00+00:00,56400.2,56468.3
2025-06-10 16:00:00+00:00,56008.2,56400.2
2025-06-10 16:15:00+00:00,55699.4,56008.2
2025-06-10 16:30:00+00:00,56101.5,55699.4
2025-06-10 16:45:00+00:00,55981.7,56101.5
2025-06-10 17:00:00+00:00,56341.3,55981.7
2025-06-10 17:15:00+00:00,55820.3,56341.3
2025-06-10 17:30:00+00:00,55704.3,55820.3
2025-06-10 17:45:00+00:00,55466.5,55704.3
2025-06-10 18:00:00+00:00,55514.4,55466.5
2025-06-10 18:15:00+00:00,54660.9,55514.4
2025-06-10 18:30:00+00:00,54616.4,54660.9
2025-06-10 18:45:00+00:00,54173.0,54616.4
2025-06-10 19:00:00+00:00,53637.2,54173.0
2025-06-10 19:15:00+00:00,52796.7,53637.2
2025-06-10 19:30:00+00:00,52122.7,52796.7
2025-06-10 19:45:00+00:00,51583.7,52122.7
2025-06-10 20:00:00+00:00,51231.7,51583.7
2025-06-10 20:15:00+00:00,50513.9,51231.7
2025-06-10 20:30:00+00:00,50402.6,50513.9
2025-06-10 20:45:00+00:00,49615.9,50402.6
2025-06-10 21:00:00+00:00,48749.1,49615.9
2025-06-10 21:15:00+00:00,47621.2,48749.1
2025-06-10 21:30:00+00:00,47067.8,47621.2
2025-06-10 21:45:00+00:00,46171.8,47067.8
2025-06-10 22:00:00+00:00,45098.6,46171.8
2025-06-10 22:15:00+00:00,44598.3,45098.6
2025-06-10 22:30:00+00:00,44422.2,44598.3
2025-06-10 22:45:00+00:00,43820.8,44422.2
2025-06-10 23:00:00+00:00,43212.7,43820.8
2025-06-10 23:15:00+00:00,42992.4,43212.7
2025-06-10 23:30:00+00:00,42750.2,42992.4
2025-06-10 23:45:00+00:00,42305.0,42750.2
2025-06-11 00:00:00+00:00,42134.9,42305.0
2025-06-11 00:15:00+00:00,42022.9,42134.9
2025-06-11 00:30:00+00:00,42301.4,42022.9
2025-06-11 00:45:00+00:00,42378.7,42301.4
2025-06-11 01:00:00+00:00,42572.2,42378.7
2025-06-11 01:15:00+00:00,42440.6,42572.2
2025-06-11 01:30:00+00:00,42602.0,42440.6
2025-06-11 01:45:00+00:00,42673.4,42602.0
2025-06-11 02:00:00+00:00,42926.3,42673.4
2025-06-11 02:15:00+00:00,43308.4,42926.3
2025-06-11 02:30:00+00:00,43813.2,43308.4
2025-06-11 02:45:00+00:00,44235.3,43813.2
2025-06-11 03:00:00+00:00,44637.7,44235.3
2025-06-11 03:15:00+00:00,45214.3,44637.7
2025-06-11 03:30:00+00:00,45841.9,45214.3
2025-06-11 03:45:00+00:00,47427.7,45841.9
2025-06-11 04:00:00+00:00,50348.7,47427.7
2025-06-11 04:15:00+00:00,52064.9,50348.7
2025-06-11 04:30:00+00:00,53154.9,52064.9
2025-06-11 04:45:00+00:00,54015.5,53154.9
2025-06-11 05:00:00+00:00,55396.6,54015.5
2025-06-11 05:15:00+00:00,56418.9,55396.6
2025-06-11 05:30:00+00:00,57422.7,56418.9
2025-06-11 05:45:00+00:00,58251.0,57422.7
2025-06-11 06:00:00+00:00,58240.4,58251.0
2025-06-11 06:15:00+00:00,58959.5,58240.4
2025-06-11 06:30:00+00:00,59575.6,58959.5
2025-06-11 06:45:00+00:00,59863.1,59575.6
2025-06-11 07:00:00+00:00,58224.9,59863.1
2025-06-11 07:15:00+00:00,58203.7,58224.9
2025-06-11 07:30:00+00:00,58372.2,58203.7
2025-06-11 07:45:00+00:00,58151.8,58372.2
2025-06-11 08:00:00+00:00,57889.0,58151.8
2025-06-11 08:15:00+00:00,58552.9,57889.0
2025-06-11 08:30:00+00:00,58342.6,58552.9
2025-06-11 08:45:00+00:00,58874.0,58342.6
2025-06-11 09:00:00+00:00,58220.9,58874.0
2025-06-11 09:15:00+00:00,58094.6,58220.9
2025-06-11 09:30:00+00:00,58207.9,58094.6
2025-06-11 09:45:00+00:00,58203.2,58207.9
2025-06-11 10:00:00+00:00,56975.6,58203.2
2025-06-11 10:15:00+00:00,56225.7,56975.6
2025-06-11 10:30:00+00:00,56033.8,56225.7
2025-06-11 10:45:00+00:00,55880.0,56033.8
2025-06-11 11:00:00+00:00,55426.5,55880.0
2025-06-11 11:15:00+00:00,55419.1,55426.5
2025-06-11 11:30:00+00:00,54918.0,55419.1
2025-06-11 11:45:00+00:00,54683.0,54918.0
2025-06-11 12:00:00+00:00,54238.4,54683.0
2025-06-11 12:15:00+00:00,53927.0,54238.4
2025-06-11 12:30:00+00:00,53790.0,53927.0
2025-06-11 12:45:00+00:00,53452.0,53790.0
2025-06-11 13:00:00+00:00,53971.0,53452.0
2025-06-11 13:15:00+00:00,53194.0,53971.0
2025-06-11 13:30:00+00:00,53142.7,53194.0
2025-06-11 13:45:00+00:00,53029.1,53142.7
2025-06-11 14:00:00+00:00,53464.9,53029.1
2025-06-11 14:15:00+00:00,52870.6,53464.9
2025-06-11 14:30:00+00:00,52612.8,52870.6
2025-06-11 14:45:00+00:00,52653.0,52612.8
2025-06-11 15:00:00+00:00,54089.8,52653.0
2025-06-11 15:15:00+00:00,53861.5,54089.8
2025-06-11 15:30:00+00:00,54072.7,53861.5
2025-06-11 15:45:00+00:00,54665.7,54072.7
2025-06-11 16:00:00+00:00,54717.8,54665.7
2025-06-11 16:15:00+00:00,54731.0,54717.8
2025-06-11 16:30:00+00:00,55253.1,54731.0
2025-06-11 16:45:00+00:00,55621.8,55253.1
2025-06-11 17:00:00+00:00,56034.1,55621.8
2025-06-11 17:15:00+00:00,55929.2,56034.1
2025-06-11 17:30:00+00:00,55767.0,55929.2
2025-06-11 17:45:00+00:00,55526.6,55767.0
2025-06-11 18:00:00+00:00,55450.0,55526.6
2025-06-11 18:15:00+00:00,55183.6,55450.0
2025-06-11 18:30:00+00:00,54599.6,55183.6
2025-06-11 18:45:00+00:00,53612.3,54599.6
2025-06-11 19:00:00+00:00,53276.5,53612.3
2025-06-11 19:15:00+00:00,52725.2,53276.5
2025-06-11 19:30:00+00:00,52339.4,52725.2
2025-06-11 19:45:00+00:00,52524.9,52339.4
2025-06-11 20:00:00+00:00,51690.9,52524.9
2025-06-11 20:15:00+00:00,50882.7,51690.9
2025-06-11 20:30:00+00:00,50410.6,50882.7
2025-06-11 20:45:00+00:00,49639.0,50410.6
2025-06-11 21:00:00+00:00,48407.6,49639.0
2025-06-11 21:15:00+00:00,47295.2,48407.6
2025-06-11 21:30:00+00:00,46538.8,47295.2
2025-06-11 21:45:00+00:00,45804.0,46538.8
2025-06-11 22:00:00+00:00,44788.9,45804.0
2025-06-11 22:15:00+00:00,43885.5,44788.9
2025-06-11 22:30:00+00:00,42996.9,43885.5
2025-06-11 22:45:00+00:00,42510.4,42996.9
2025-06-11 23:00:00+00:00,42184.9,42510.4
2025-06-11 23:15:00+00:00,41769.1,42184.9
2025-06-11 23:30:00+00:00,41777.4,41769.1
2025-06-11 23:45:00+00:00,41430.2,41777.4
2025-06-12 00:00:00+00:00,40974.0,41430.2
2025-06-12 00:15:00+00:00,41071.3,40974.0
2025-06-12 00:30:00+00:00,40712.9,41071.3
2025-06-12 00:45:00+00:00,40291.6,40712.9
2025-06-12 01:00:00+00:00,40534.2,40291.6
2025-06-12 01:15:00+00:00,40404.4,40534.2
2025-06-12 01:30:00+00:00,40518.9,40404.4
2025-06-12 01:45:00+00:00,40514.2,40518.9
2025-06-12 02:00:00+00:00,40817.7,40514.2
2025-06-12 02:15:00+00:00,41276.9,40817.7
2025-06-12 02:30:00+00:00,41657.2,41276.9
2025-06-12 02:45:00+00:00,42059.0,41657.2
2025-06-12 03:00:00+00:00,43065.8,42059.0
2025-06-12 03:15:00+00:00,43808.9,43065.8
2025-06-12 03:30:00+00:00,44920.1,43808.9
2025-06-12 03:45:00+00:00,46391.2,44920.1
2025-06-12 04:00:00+00:00,48973.9,46391.2
2025-06-12 04:15:00+00:00,50452.8,48973.9
2025-06-12 04:30:00+00:00,51717.1,50452.8
2025-06-12 04:45:00+00:00,52878.5,51717.1
2025-06-12 05:00:00+00:00,54861.1,52878.5
2025-06-12 05:15:00+00:00,55896.2,54861.1
2025-06-12 05:30:00+00:00,56639.3,55896.2
2025-06-12 05:45:00+00:00,57063.7,56639.3
2025-06-12 06:00:00+00:00,57021.5,57063.7
2025-06-12 06:15:00+00:00,57476.7,57021.5
2025-06-12 06:30:00+00:00,57852.5,57476.7
2025-06-12 06:45:00+00:00,58021.8,57852.5
2025-06-12 07:00:00+00:00,57179.5,58021.8
2025-06-12 07:15:00+00:00,57225.7,57179.5
2025-06-12 07:30:00+00:00,57183.5,57225.7
2025-06-12 07:45:00+00:00,57113.6,57183.5
2025-06-12 08:00:00+00:00,56608.0,57113.6
2025-06-12 08:15:00+00:00,56529.0,56608.0
2025-06-12 08:30:00+00:00,57040.7,56529.0
2025-06-12 08:45:00+00:00,57308.1,57040.7
2025-06-12 09:00:00+00:00,56508.0,57308.1
2025-06-12 09:15:00+00:00,56207.3,56508.0
2025-06-12 09:30:00+00:00,56116.8,56207.3
2025-06-12 09:45:00+00:00,56299.5,56116.8
2025-06-12 10:00:00+00:00,55339.9,56299.5
2025-06-12 10:15:00+00:00,54865.3,55339.9
2025-06-12 10:30:00+00:00,54850.0,54865.3
2025-06-12 10:45:00+00:00,54931.5,54850.0
2025-06-12 11:00:00+00:00,54639.0,54931.5
2025-06-12 11:15:00+00:00,54318.1,54639.0
2025-06-12 11:30:00+00:00,53847.8,54318.1
2025-06-12 11:45:00+00:00,53702.2,53847.8
2025-06-12 12:00:00+00:00,54293.6,53702.2
2025-06-12 12:15:00+00:00,54050.4,54293.6
2025-06-12 12:30:00+00:00,53710.0,54050.4
2025-06-12 12:45:00+00:00,53262.1,53710.0
2025-06-12 13:00:00+00:00,53638.5,53262.1
2025-06-12 13:15:00+00:00,53423.0,53638.5
2025-06-12 13:30:00+00:00,53717.2,53423.0
2025-06-12 13:45:00+00:00,53561.5,53717.2
2025-06-12 14:00:00+00:00,53593.1,53561.5
2025-06-12 14:15:00+00:00,53292.6,53593.1
2025-06-12 14:30:00+00:00,53298.0,53292.6
2025-06-12 14:45:00+00:00,53148.2,53298.0
2025-06-12 15:00:00+00:00,54592.9,53148.2
2025-06-12 15:15:00+00:00,54791.4,54592.9
2025-06-12 15:30:00+00:00,54746.1,54791.4
2025-06-12 15:45:00+00:00,55017.6,54746.1
2025-06-12 16:00:00+00:00,55099.5,55017.6
2025-06-12 16:15:00+00:00,55100.7,55099.5
2025-06-12 16:30:00+00:00,55195.2,55100.7
2025-06-12 16:45:00+00:00,55888.6,55195.2
2025-06-12 17:00:00+00:00,56123.7,55888.6
2025-06-12 17:15:00+00:00,56335.1,56123.7
2025-06-12 17:30:00+00:00,55982.9,56335.1
2025-06-12 17:45:00+00:00,55662.1,55982.9
2025-06-12 18:00:00+00:00,55398.2,55662.1
2025-06-12 18:15:00+00:00,55129.1,55398.2
2025-06-12 18:30:00+00:00,54988.6,55129.1
2025-06-12 18:45:00+00:00,54347.2,54988.6
2025-06-12 19:00:00+00:00,53691.8,54347.2
2025-06-12 19:15:00+00:00,53300.8,53691.8
2025-06-12 19:30:00+00:00,52759.3,53300.8
2025-06-12 19:45:00+00:00,53597.8,52759.3
2025-06-12 20:00:00+00:00,52261.2,53597.8
2025-06-12 20:15:00+00:00,52112.9,52261.2
2025-06-12 20:30:00+00:00,51223.6,52112.9
2025-06-12 20:45:00+00:00,49954.7,51223.6
2025-06-12 21:00:00+00:00,49151.6,49954.7
2025-06-12 21:15:00+00:00,48405.6,49151.6
2025-06-12 21:30:00+00:00,47499.9,48405.6
2025-06-12 21:45:00+00:00,46969.7,47499.9
2025-06-12 22:00:00+00:00,45869.7,46969.7
2025-06-12 22:15:00+00:00,45351.1,45869.7
2025-06-12 22:30:00+00:00,44715.2,45351.1
2025-06-12 22:45:00+00:00,44406.8,44715.2
2025-06-12 23:00:00+00:00,43632.4,44406.8
2025-06-12 23:15:00+00:00,42944.4,43632.4
2025-06-12 23:30:00+00:00,42803.9,42944.4
2025-06-12 23:45:00+00:00,42351.8,42803.9
2025-06-13 00:00:00+00:00,41991.7,42351.8
2025-06-13 00:15:00+00:00,41993.1,41991.7
2025-06-13 00:30:00+00:00,42127.9,41993.1
2025-06-13 00:45:00+00:00,42313.1,42127.9
2025-06-13 01:00:00+00:00,42048.1,42313.1
2025-06-13 01:15:00+00:00,42155.1,42048.1
2025-06-13 01:30:00+00:00,42160.9,42155.1
2025-06-13 01:45:00+00:00,41978.6,42160.9
2025-06-13 02:00:00+00:00,42223.6,41978.6
2025-06-13 02:15:00+00:00,42420.2,42223.6
2025-06-13 02:30:00+00:00,42636.0,42420.2
2025-06-13 02:45:00+00:00,42936.7,42636.0
2025-06-13 03:00:00+00:00,44224.2,42936.7
2025-06-13 03:15:00+00:00,44428.0,44224.2
2025-06-13 03:30:00+00:00,45541.6,44428.0
2025-06-13 03:45:00+00:00,46882.4,45541.6
2025-06-13 04:00:00+00:00,49305.8,46882.4
2025-06-13 04:15:00+00:00,50916.1,49305.8
2025-06-13 04:30:00+00:00,52305.9,50916.1
2025-06-13 04:45:00+00:00,53434.8,52305.9
2025-06-13 05:00:00+00:00,53921.0,53434.8
2025-06-13 05:15:00+00:00,54981.3,53921.0
2025-06-13 05:30:00+00:00,56019.0,54981.3
2025-06-13 05:45:00+00:00,56714.3,56019.0
2025-06-13 06:00:00+00:00,56972.3,56714.3
2025-06-13 06:15:00+00:00,57432.3,56972.3
2025-06-13 06:30:00+00:00,57654.2,57432.3
2025-06-13 06:45:00+00:00,57744.1,57654.2
2025-06-13 07:00:00+00:00,57083.0,57744.1
2025-06-13 07:15:00+00:00,57415.6,57083.0
2025-06-13 07:30:00+00:00,57555.9,57415.6
2025-06-13 07:45:00+00:00,58059.5,57555.9
2025-06-13 08:00:00+00:00,57727.7,58059.5
2025-06-13 08:15:00+00:00,58007.6,57727.7
2025-06-13 08:30:00+00:00,57911.8,58007.6
2025-06-13 08:45:00+00:00,58246.4,57911.8
2025-06-13 09:00:00+00:00,57404.5,58246.4
2025-06-13 09:15:00+00:00,57701.0,57404.5
2025-06-13 09:30:00+00:00,57881.9,57701.0
2025-06-13 09:45:00+00:00,57992.2,57881.9
2025-06-13 10:00:00+00:00,57515.8,57992.2
2025-06-13 10:15:00+00:00,56712.2,57515.8
2025-06-13 10:30:00+00:00,56805.2,56712.2
2025-06-13 10:45:00+00:00,56674.3,56805.2
2025-06-13 11:00:00+00:00,55711.7,56674.3
2025-06-13 11:15:00+00:00,55186.1,55711.7
2025-06-13 11:30:00+00:00,54867.8,55186.1
2025-06-13 11:45:00+00:00,54415.4,54867.8
2025-06-13 12:00:00+00:00,54428.0,54415.4
2025-06-13 12:15:00+00:00,54398.3,54428.0
2025-06-13 12:30:00+00:00,53756.6,54398.3
2025-06-13 12:45:00+00:00,53511.2,53756.6
2025-06-13 13:00:00+00:00,53682.8,53511.2
2025-06-13 13:15:00+00:00,53566.5,53682.8
2025-06-13 13:30:00+00:00,53769.7,53566.5
2025-06-13 13:45:00+00:00,53164.6,53769.7
2025-06-13 14:00:00+00:00,53512.4,53164.6
2025-06-13 14:15:00+00:00,53755.2,53512.4
2025-06-13 14:30:00+00:00,53065.3,53755.2
2025-06-13 14:45:00+00:00,53104.8,53065.3
2025-06-13 15:00:00+00:00,53501.0,53104.8
2025-06-13 15:15:00+00:00,53393.3,53501.0
2025-06-13 15:30:00+00:00,53540.2,53393.3
2025-06-13 15:45:00+00:00,53243.1,53540.2
2025-06-13 16:00:00+00:00,53640.7,53243.1
2025-06-13 16:15:00+00:00,53476.3,53640.7
2025-06-13 16:30:00+00:00,53540.8,53476.3
2025-06-13 16:45:00+00:00,53208.4,53540.8
2025-06-13 17:00:00+00:00,53395.4,53208.4
2025-06-13 17:15:00+00:00,53033.2,53395.4
2025-06-13 17:30:00+00:00,53284.6,53033.2
2025-06-13 17:45:00+00:00,53258.6,53284.6
2025-06-13 18:00:00+00:00,52914.0,53258.6
2025-06-13 18:15:00+00:00,52623.7,52914.0
2025-06-13 18:30:00+00:00,52355.0,52623.7
2025-06-13 18:45:00+00:00,51909.6,52355.0
2025-06-13 19:00:00+00:00,51279.4,51909.6
2025-06-13 19:15:00+00:00,50928.6,51279.4
2025-06-13 19:30:00+00:00,50503.6,50928.6
2025-06-13 19:45:00+00:00,50425.4,50503.6
2025-06-13 20:00:00+00:00,49809.7,50425.4
2025-06-13 20:15:00+00:00,49373.2,49809.7
2025-06-13 20:30:00+00:00,48939.7,49373.2
2025-06-13 20:45:00+00:00,47972.4,48939.7
2025-06-13 21:00:00+00:00,47138.0,47972.4
2025-06-13 21:15:00+00:00,46804.4,47138.0
2025-06-13 21:30:00+00:00,45856.9,46804.4
2025-06-13 21:45:00+00:00,45232.4,45856.9
2025-06-13 22:00:00+00:00,44075.4,45232.4
2025-06-13 22:15:00+00:00,44087.2,44075.4
2025-06-13 22:30:00+00:00,43692.9,44087.2
2025-06-13 22:45:00+00:00,43118.3,43692.9
2025-06-13 23:00:00+00:00,42378.3,43118.3
2025-06-13 23:15:00+00:00,41961.9,42378.3
2025-06-13 23:30:00+00:00,41186.1,41961.9
2025-06-13 23:45:00+00:00,40397.1,41186.1
2025-06-14 00:00:00+00:00,40116.0,40397.1
2025-06-14 00:15:00+00:00,40085.3,40116.0
2025-06-14 00:30:00+00:00,39871.0,40085.3
2025-06-14 00:45:00+00:00,39799.3,39871.0
2025-06-14 01:00:00+00:00,39637.8,39799.3
2025-06-14 01:15:00+00:00,39459.4,39637.8
2025-06-14 01:30:00+00:00,39532.9,39459.4
2025-06-14 01:45:00+00:00,39465.0,39532.9
2025-06-14 02:00:00+00:00,39428.8,39465.0
2025-06-14 02:15:00+00:00,39330.9,39428.8
2025-06-14 02:30:00+00:00,39393.5,39330.9
2025-06-14 02:45:00+00:00,39446.9,39393.5
2025-06-14 03:00:00+00:00,39438.3,39446.9
2025-06-14 03:15:00+00:00,39581.3,39438.3
2025-06-14 03:30:00+00:00,39709.3,39581.3
2025-06-14 03:45:00+00:00,39890.8,39709.3
2025-06-14 04:00:00+00:00,40628.5,39890.8
2025-06-14 04:15:00+00:00,41174.7,40628.5
2025-06-14 04:30:00+00:00,41743.0,41174.7
2025-06-14 04:45:00+00:00,42262.7,41743.0
2025-06-14 05:00:00+00:00,43005.7,42262.7
2025-06-14 05:15:00+00:00,43746.4,43005.7
2025-06-14 05:30:00+00:00,44707.5,43746.4
2025-06-14 05:45:00+00:00,45528.9,44707.5
2025-06-14 06:00:00+00:00,45889.7,45528.9
2025-06-14 06:15:00+00:00,46715.2,45889.7
2025-06-14 06:30:00+00:00,47321.4,46715.2
2025-06-14 06:45:00+00:00,48928.7,47321.4
2025-06-14 07:00:00+00:00,48354.0,48928.7
2025-06-14 07:15:00+00:00,48300.8,48354.0
2025-06-14 07:30:00+00:00,48877.5,48300.8
2025-06-14 07:45:00+00:00,49065.1,48877.5
2025-06-14 08:00:00+00:00,47822.5,49065.1
2025-06-14 08:15:00+00:00,48325.5,47822.5
2025-06-14 08:30:00+00:00,48661.6,48325.5
2025-06-14 08:45:00+00:00,48361.8,48661.6
2025-06-14 09:00:00+00:00,48087.3,48361.8
2025-06-14 09:15:00+00:00,48189.1,48087.3
2025-06-14 09:30:00+00:00,48358.8,48189.1
2025-06-14 09:45:00+00:00,48120.5,48358.8
2025-06-14 10:00:00+00:00,47771.1,48120.5
2025-06-14 10:15:00+00:00,47469.2,47771.1
2025-06-14 10:30:00+00:00,47348.0,47469.2
2025-06-14 10:45:00+00:00,47170.3,47348.0
2025-06-14 11:00:00+00:00,46738.8,47170.3
2025-06-14 11:15:00+00:00,46413.7,46738.8
2025-06-14 11:30:00+00:00,45917.3,46413.7
2025-06-14 11:45:00+00:00,45805.1,45917.3
2025-06-14 12:00:00+00:00,45541.1,45805.1
2025-06-14 12:15:00+00:00,45316.8,45541.1
2025-06-14 12:30:00+00:00,45239.3,45316.8
2025-06-14 12:45:00+00:00,45216.7,45239.3
2025-06-14 13:00:00+00:00,45446.8,45216.7
2025-06-14 13:15:00+00:00,45369.2,45446.8
2025-06-14 13:30:00+00:00,45845.2,45369.2
2025-06-14 13:45:00+00:00,45841.2,45845.2
2025-06-14 14:00:00+00:00,46252.1,45841.2
2025-06-14 14:15:00+00:00,46102.0,46252.1
2025-06-14 14:30:00+00:00,46503.7,46102.0
2025-06-14 14:45:00+00:00,46075.7,46503.7
2025-06-14 15:00:00+00:00,47116.3,46075.7
2025-06-14 15:15:00+00:00,47464.4,47116.3
2025-06-14 15:30:00+00:00,47647.3,47464.4
2025-06-14 15:45:00+00:00,47434.1,47647.3
2025-06-14 16:00:00+00:00,48123.3,47434.1
2025-06-14 16:15:00+00:00,48069.6,48123.3
2025-06-14 16:30:00+00:00,48360.7,48069.6
2025-06-14 16:45:00+00:00,48230.2,48360.7
2025-06-14 17:00:00+00:00,48618.1,48230.2
2025-06-14 17:15:00+00:00,48477.5,48618.1
2025-06-14 17:30:00+00:00,48813.4,48477.5
2025-06-14 17:45:00+00:00,48592.8,48813.4
2025-06-14 18:00:00+00:00,48447.2,48592.8
2025-06-14 18:15:00+00:00,48141.1,48447.2
2025-06-14 18:30:00+00:00,47548.3,48141.1
2025-06-14 18:45:00+00:00,47057.1,47548.3
2025-06-14 19:00:00+00:00,46743.1,47057.1
2025-06-14 19:15:00+00:00,46300.0,46743.1
2025-06-14 19:30:00+00:00,46445.5,46300.0
2025-06-14 19:45:00+00:00,46333.3,46445.5
2025-06-14 20:00:00+00:00,46224.0,46333.3
2025-06-14 20:15:00+00:00,45926.4,46224.0
2025-06-14 20:30:00+00:00,45304.4,45926.4
2025-06-14 20:45:00+00:00,44939.0,45304.4
2025-06-14 21:00:00+00:00,44058.0,44939.0
2025-06-14 21:15:00+00:00,43336.1,44058.0
2025-06-14 21:30:00+00:00,42686.5,43336.1
2025-06-14 21:45:00+00:00,42385.2,42686.5
2025-06-14 22:00:00+00:00,41147.6,42385.2
2025-06-14 22:15:00+00:00,40627.9,41147.6
2025-06-14 22:30:00+00:00,40036.5,40627.9
2025-06-14 22:45:00+00:00,39782.4,40036.5
2025-06-14 23:00:00+00:00,38944.3,39782.4
2025-06-14 23:15:00+00:00,38990.0,38944.3
2025-06-14 23:30:00+00:00,38278.1,38990.0
2025-06-14 23:45:00+00:00,38093.7,38278.1
2025-06-15 00:00:00+00:00,37622.7,38093.7
2025-06-15 00:15:00+00:00,37392.8,37622.7
2025-06-15 00:30:00+00:00,37272.5,37392.8
2025-06-15 00:45:00+00:00,36978.7,37272.5
2025-06-15 01:00:00+00:00,36557.5,36978.7
2025-06-15 01:15:00+00:00,36397.0,36557.5
2025-06-15 01:30:00+00:00,36154.0,36397.0
2025-06-15 01:45:00+00:00,35796.5,36154.0
2025-06-15 02:00:00+00:00,35510.2,35796.5
2025-06-15 02:15:00+00:00,35356.9,35510.2
2025-06-15 02:30:00+00:00,35111.8,35356.9
2025-06-15 02:45:00+00:00,34835.6,35111.8
2025-06-15 03:00:00+00:00,35072.1,34835.6
2025-06-15 03:15:00+00:00,34603.0,35072.1
2025-06-15 03:30:00+00:00,34882.7,34603.0
2025-06-15 03:45:00+00:00,35457.5,34882.7
2025-06-15 04:00:00+00:00,36014.0,35457.5
2025-06-15 04:15:00+00:00,36058.6,36014.0
2025-06-15 04:30:00+00:00,36262.4,36058.6
2025-06-15 04:45:00+00:00,36730.3,36262.4
2025-06-15 05:00:00+00:00,37090.3,36730.3
2025-06-15 05:15:00+00:00,37622.1,37090.3
2025-06-15 05:30:00+00:00,38723.0,37622.1
2025-06-15 05:45:00+00:00,39231.9,38723.0
2025-06-15 06:00:00+00:00,39722.7,39231.9
2025-06-15 06:15:00+00:00,40713.7,39722.7
2025-06-15 06:30:00+00:00,40906.7,40713.7
2025-06-15 06:45:00+00:00,41941.1,40906.7
2025-06-15 07:00:00+00:00,42790.0,41941.1
2025-06-15 07:15:00+00:00,43549.8,42790.0
2025-06-15 07:30:00+00:00,44046.2,43549.8
2025-06-15 07:45:00+00:00,44067.2,44046.2
2025-06-15 08:00:00+00:00,44411.3,44067.2
2025-06-15 08:15:00+00:00,44663.6,44411.3
2025-06-15 08:30:00+00:00,45348.5,44663.6
2025-06-15 08:45:00+00:00,45902.4,45348.5
2025-06-15 09:00:00+00:00,45895.1,45902.4
2025-06-15 09:15:00+00:00,46022.4,45895.1
2025-06-15 09:30:00+00:00,46962.0,46022.4
2025-06-15 09:45:00+00:00,47204.8,46962.0
2025-06-15 10:00:00+00:00,46978.6,47204.8
2025-06-15 10:15:00+00:00,46771.1,46978.6
2025-06-15 10:30:00+00:00,46397.7,46771.1
2025-06-15 10:45:00+00:00,46513.8,46397.7
2025-06-15 11:00:00+00:00,45657.9,46513.8
2025-06-15 11:15:00+00:00,45643.9,45657.9
2025-06-15 11:30:00+00:00,45194.9,45643.9
2025-06-15 11:45:00+00:00,45186.2,45194.9
2025-06-15 12:00:00+00:00,45039.2,45186.2
2025-06-15 12:15:00+00:00,44698.6,45039.2
2025-06-15 12:30:00+00:00,44339.7,44698.6
2025-06-15 12:45:00+00:00,44050.3,44339.7
2025-06-15 13:00:00+00:00,43815.8,44050.3
2025-06-15 13:15:00+00:00,43566.6,43815.8
2025-06-15 13:30:00+00:00,42998.8,43566.6
2025-06-15 13:45:00+00:00,43065.7,42998.8
2025-06-15 14:00:00+00:00,43536.7,43065.7
2025-06-15 14:15:00+00:00,43716.4,43536.7
2025-06-15 14:30:00+00:00,43907.0,43716.4
2025-06-15 14:45:00+00:00,43974.5,43907.0
2025-06-15 15:00:00+00:00,45393.6,43974.5
2025-06-15 15:15:00+00:00,45226.1,45393.6
2025-06-15 15:30:00+00:00,45972.6,45226.1
2025-06-15 15:45:00+00:00,45856.7,45972.6
2025-06-15 16:00:00+00:00,46941.2,45856.7
2025-06-15 16:15:00+00:00,46724.5,46941.2
2025-06-15 16:30:00+00:00,46582.3,46724.5
2025-06-15 16:45:00+00:00,46554.3,46582.3
2025-06-15 17:00:00+00:00,46579.3,46554.3
2025-06-15 17:15:00+00:00,46290.8,46579.3
2025-06-15 17:30:00+00:00,46383.5,46290.8
2025-06-15 17:45:00+00:00,46226.8,46383.5
2025-06-15 18:00:00+00:00,46075.7,46226.8
2025-06-15 18:15:00+00:00,46193.2,46075.7
2025-06-15 18:30:00+00:00,45893.8,46193.2
2025-06-15 18:45:00+00:00,45574.8,45893.8
2025-06-15 19:00:00+00:00,44970.5,45574.8
2025-06-15 19:15:00+00:00,45047.3,44970.5
2025-06-15 19:30:00+00:00,44963.2,45047.3
2025-06-15 19:45:00+00:00,45222.5,44963.2
2025-06-15 20:00:00+00:00,45325.3,45222.5
2025-06-15 20:15:00+00:00,45292.4,45325.3
2025-06-15 20:30:00+00:00,44711.1,45292.4
2025-06-15 20:45:00+00:00,44041.4,44711.1
2025-06-15 21:00:00+00:00,43741.1,44041.4
2025-06-15 21:15:00+00:00,43109.3,43741.1
2025-06-15 21:30:00+00:00,42985.9,43109.3
2025-06-15 21:45:00+00:00,42435.5,42985.9
2025-06-15 22:00:00+00:00,41880.8,42435.5
2025-06-15 22:15:00+00:00,41358.2,41880.8
2025-06-15 22:30:00+00:00,40832.8,41358.2
2025-06-15 22:45:00+00:00,40441.3,40832.8
2025-06-15 23:00:00+00:00,40461.2,40441.3
2025-06-15 23:15:00+00:00,39835.3,40461.2
2025-06-15 23:30:00+00:00,39707.7,39835.3
2025-06-15 23:45:00+00:00,39777.7,39707.7
2025-06-16 00:00:00+00:00,39492.4,39777.7
2025-06-16 00:15:00+00:00,39659.3,39492.4
2025-06-16 00:30:00+00:00,39876.4,39659.3
2025-06-16 00:45:00+00:00,39435.9,39876.4
2025-06-16 01:00:00+00:00,39162.3,39435.9
2025-06-16 01:15:00+00:00,39239.8,39162.3
2025-06-16 01:30:00+00:00,39333.3,39239.8
2025-06-16 01:45:00+00:00,39269.8,39333.3
2025-06-16 02:00:00+00:00,39543.5,39269.8
2025-06-16 02:15:00+00:00,39779.0,39543.5
2025-06-16 02:30:00+00:00,40313.9,39779.0
2025-06-16 02:45:00+00:00,40378.1,40313.9
2025-06-16 03:00:00+00:00,41590.7,40378.1
2025-06-16 03:15:00+00:00,42371.6,41590.7
2025-06-16 03:30:00+00:00,43429.1,42371.6
2025-06-16 03:45:00+00:00,45066.1,43429.1
2025-06-16 04:00:00+00:00,47693.9,45066.1
2025-06-16 04:15:00+00:00,49530.8,47693.9
2025-06-16 04:30:00+00:00,51458.6,49530.8
2025-06-16 04:45:00+00:00,52427.4,51458.6
2025-06-16 05:00:00+00:00,53754.0,52427.4
2025-06-16 05:15:00+00:00,55329.8,53754.0
2025-06-16 05:30:00+00:00,56429.2,55329.8
2025-06-16 05:45:00+00:00,57305.6,56429.2
2025-06-16 06:00:00+00:00,58146.2,57305.6
2025-06-16 06:15:00+00:00,58939.0,58146.2
2025-06-16 06:30:00+00:00,59417.3,58939.0
2025-06-16 06:45:00+00:00,59483.9,59417.3
2025-06-16 07:00:00+00:00,58719.4,59483.9
2025-06-16 07:15:00+00:00,59151.8,58719.4
2025-06-16 07:30:00+00:00,59146.5,59151.8
2025-06-16 07:45:00+00:00,59544.2,59146.5
2025-06-16 08:00:00+00:00,58790.2,59544.2
2025-06-16 08:15:00+00:00,58572.4,58790.2
2025-06-16 08:30:00+00:00,58628.4,58572.4
2025-06-16 08:45:00+00:00,59209.7,58628.4
2025-06-16 09:00:00+00:00,58885.1,59209.7
2025-06-16 09:15:00+00:00,59152.5,58885.1
2025-06-16 09:30:00+00:00,59451.1,59152.5
2025-06-16 09:45:00+00:00,59516.9,59451.1
2025-06-16 10:00:00+00:00,59028.4,59516.9
2025-06-16 10:15:00+00:00,59102.9,59028.4
2025-06-16 10:30:00+00:00,59316.9,59102.9
2025-06-16 10:45:00+00:00,59490.3,59316.9
2025-06-16 11:00:00+00:00,59514.2,59490.3
2025-06-16 11:15:00+00:00,59397.9,59514.2
2025-06-16 11:30:00+00:00,59132.4,59397.9
2025-06-16 11:45:00+00:00,58694.3,59132.4
2025-06-16 12:00:00+00:00,58433.5,58694.3
2025-06-16 12:15:00+00:00,58550.1,58433.5
2025-06-16 12:30:00+00:00,58094.0,58550.1
2025-06-16 12:45:00+00:00,58320.7,58094.0
2025-06-16 13:00:00+00:00,58033.9,58320.7
2025-06-16 13:15:00+00:00,57767.7,58033.9
2025-06-16 13:30:00+00:00,57330.7,57767.7
2025-06-16 13:45:00+00:00,57349.6,57330.7
2025-06-16 14:00:00+00:00,57651.1,57349.6
2025-06-16 14:15:00+00:00,57423.7,57651.1
2025-06-16 14:30:00+00:00,56615.8,57423.7
2025-06-16 14:45:00+00:00,56409.6,56615.8
2025-06-16 15:00:00+00:00,57145.6,56409.6
2025-06-16 15:15:00+00:00,56834.5,57145.6
2025-06-16 15:30:00+00:00,56570.8,56834.5
2025-06-16 15:45:00+00:00,56477.5,56570.8
2025-06-16 16:00:00+00:00,57033.4,56477.5
2025-06-16 16:15:00+00:00,56608.8,57033.4
2025-06-16 16:30:00+00:00,56634.6,56608.8
2025-06-16 16:45:00+00:00,56872.8,56634.6
2025-06-16 17:00:00+00:00,57032.1,56872.8
2025-06-16 17:15:00+00:00,57039.1,57032.1
2025-06-16 17:30:00+00:00,57190.8,57039.1
2025-06-16 17:45:00+00:00,57090.1,57190.8
2025-06-16 18:00:00+00:00,56838.8,57090.1
2025-06-16 18:15:00+00:00,55756.7,56838.8
2025-06-16 18:30:00+00:00,55263.9,55756.7
2025-06-16 18:45:00+00:00,54797.5,55263.9
2025-06-16 19:00:00+00:00,54435.9,54797.5
2025-06-16 19:15:00+00:00,53957.0,54435.9
2025-06-16 19:30:00+00:00,53517.3,53957.0
2025-06-16 19:45:00+00:00,52855.5,53517.3
2025-06-16 20:00:00+00:00,52409.8,52855.5
2025-06-16 20:15:00+00:00,51802.3,52409.8
2025-06-16 20:30:00+00:00,50829.0,51802.3
2025-06-16 20:45:00+00:00,50182.7,50829.0
2025-06-16 21:00:00+00:00,49163.7,50182.7
2025-06-16 21:15:00+00:00,48234.5,49163.7
2025-06-16 21:30:00+00:00,47594.5,48234.5
2025-06-16 21:45:00+00:00,47305.7,47594.5
2025-06-16 22:00:00+00:00,46154.3,47305.7
2025-06-16 22:15:00+00:00,45595.9,46154.3
2025-06-16 22:30:00+00:00,45147.7,45595.9
2025-06-16 22:45:00+00:00,44721.5,45147.7
2025-06-16 23:00:00+00:00,44378.1,44721.5
2025-06-16 23:15:00+00:00,43703.6,44378.1
2025-06-16 23:30:00+00:00,43142.5,43703.6
2025-06-16 23:45:00+00:00,42800.7,43142.5
2025-06-17 00:00:00+00:00,42084.5,42800.7
2025-06-17 00:15:00+00:00,41981.9,42084.5
2025-06-17 00:30:00+00:00,41938.2,41981.9
2025-06-17 00:45:00+00:00,41920.9,41938.2
2025-06-17 01:00:00+00:00,41945.1,41920.9
2025-06-17 01:15:00+00:00,41822.9,41945.1
2025-06-17 01:30:00+00:00,41744.1,41822.9
2025-06-17 01:45:00+00:00,41617.7,41744.1
2025-06-17 02:00:00+00:00,42192.9,41617.7
2025-06-17 02:15:00+00:00,42308.6,42192.9
2025-06-17 02:30:00+00:00,42808.4,42308.6
2025-06-17 02:45:00+00:00,43216.3,42808.4
2025-06-17 03:00:00+00:00,44245.0,43216.3
2025-06-17 03:15:00+00:00,44798.8,44245.0
2025-06-17 03:30:00+00:00,45739.7,44798.8
2025-06-17 03:45:00+00:00,47140.6,45739.7
2025-06-17 04:00:00+00:00,49912.1,47140.6
2025-06-17 04:15:00+00:00,51416.5,49912.1
2025-06-17 04:30:00+00:00,52531.1,51416.5
2025-06-17 04:45:00+00:00,53763.5,52531.1
2025-06-17 05:00:00+00:00,55271.8,53763.5
2025-06-17 05:15:00+00:00,56306.6,55271.8
2025-06-17 05:30:00+00:00,57078.9,56306.6
2025-06-17 05:45:00+00:00,57626.9,57078.9
2025-06-17 06:00:00+00:00,57831.2,57626.9
2025-06-17 06:15:00+00:00,58137.6,57831.2
2025-06-17 06:30:00+00:00,58499.8,58137.6
2025-06-17 06:45:00+00:00,58035.4,58499.8
2025-06-17 07:00:00+00:00,57708.6,58035.4
2025-06-17 07:15:00+00:00,58071.0,57708.6
2025-06-17 07:30:00+00:00,58011.0,58071.0
2025-06-17 07:45:00+00:00,58288.1,58011.0
2025-06-17 08:00:00+00:00,57756.4,58288.1
2025-06-17 08:15:00+00:00,57800.9,57756.4
2025-06-17 08:30:00+00:00,58027.3,57800.9
2025-06-17 08:45:00+00:00,58199.5,58027.3
2025-06-17 09:00:00+00:00,57661.0,58199.5
2025-06-17 09:15:00+00:00,57973.2,57661.0
2025-06-17 09:30:00+00:00,58166.8,57973.2
2025-06-17 09:45:00+00:00,57983.1,58166.8
2025-06-17 10:00:00+00:00,57028.4,57983.1
2025-06-17 10:15:00+00:00,56951.3,57028.4
2025-06-17 10:30:00+00:00,56720.4,56951.3
2025-06-17 10:45:00+00:00,56925.4,56720.4
2025-06-17 11:00:00+00:00,55714.1,56925.4
2025-06-17 11:15:00+00:00,55694.1,55714.1
2025-06-17 11:30:00+00:00,55530.4,55694.1
2025-06-17 11:45:00+00:00,54729.3,55530.4
2025-06-17 12:00:00+00:00,54714.2,54729.3
2025-06-17 12:15:00+00:00,54373.5,54714.2
2025-06-17 12:30:00+00:00,54237.8,54373.5
2025-06-17 12:45:00+00:00,53683.8,54237.8
2025-06-17 13:00:00+00:00,55120.7,53683.8
2025-06-17 13:15:00+00:00,54623.6,55120.7
2025-06-17 13:30:00+00:00,54465.0,54623.6
2025-06-17 13:45:00+00:00,54271.3,54465.0
2025-06-17 14:00:00+00:00,55231.0,54271.3
2025-06-17 14:15:00+00:00,54938.4,55231.0
2025-06-17 14:30:00+00:00,54963.1,54938.4
2025-06-17 14:45:00+00:00,54639.9,54963.1
2025-06-17 15:00:00+00:00,55957.8,54639.9
2025-06-17 15:15:00+00:00,55580.6,55957.8
2025-06-17 15:30:00+00:00,55525.6,55580.6
2025-06-17 15:45:00+00:00,55532.3,55525.6
2025-06-17 16:00:00+00:00,56373.9,55532.3
2025-06-17 16:15:00+00:00,56141.0,56373.9
2025-06-17 16:30:00+00:00,55975.3,56141.0
2025-06-17 16:45:00+00:00,56247.6,55975.3
2025-06-17 17:00:00+00:00,56974.0,56247.6
2025-06-17 17:15:00+00:00,56816.1,56974.0
2025-06-17 17:30:00+00:00,56904.1,56816.1
2025-06-17 17:45:00+00:00,56853.6,56904.1
2025-06-17 18:00:00+00:00,57160.1,56853.6
2025-06-17 18:15:00+00:00,56410.3,57160.1
2025-06-17 18:30:00+00:00,55923.1,56410.3
2025-06-17 18:45:00+00:00,55222.9,55923.1
2025-06-17 19:00:00+00:00,54648.8,55222.9
2025-06-17 19:15:00+00:00,53863.4,54648.8
2025-06-17 19:30:00+00:00,53119.2,53863.4
2025-06-17 19:45:00+00:00,52733.7,53119.2
2025-06-17 20:00:00+00:00,52153.4,52733.7
2025-06-17 20:15:00+00:00,51452.2,52153.4
2025-06-17 20:30:00+00:00,50703.5,51452.2
2025-06-17 20:45:00+00:00,49822.9,50703.5
2025-06-17 21:00:00+00:00,48793.1,49822.9
2025-06-17 21:15:00+00:00,47869.3,48793.1
2025-06-17 21:30:00+00:00,49836.7,47869.3
2025-06-17 21:45:00+00:00,46917.8,49836.7
2025-06-17 22:00:00+00:00,46105.6,46917.8
2025-06-17 22:15:00+00:00,45528.3,46105.6
2025-06-17 22:30:00+00:00,44768.9,45528.3
2025-06-17 22:45:00+00:00,44148.4,44768.9
2025-06-17 23:00:00+00:00,43656.5,44148.4
2025-06-17 23:15:00+00:00,43142.2,43656.5
2025-06-17 23:30:00+00:00,42897.4,43142.2
2025-06-17 23:45:00+00:00,42541.2,42897.4
2025-06-18 00:00:00+00:00,42164.5,42541.2
2025-06-18 00:15:00+00:00,41931.7,42164.5
2025-06-18 00:30:00+00:00,41863.2,41931.7
2025-06-18 00:45:00+00:00,42039.5,41863.2
2025-06-18 01:00:00+00:00,42084.7,42039.5
2025-06-18 01:15:00+00:00,41920.9,42084.7
2025-06-18 01:30:00+00:00,41676.1,41920.9
2025-06-18 01:45:00+00:00,41808.8,41676.1
2025-06-18 02:00:00+00:00,42478.2,41808.8
2025-06-18 02:15:00+00:00,42730.1,42478.2
2025-06-18 02:30:00+00:00,42782.2,42730.1
2025-06-18 02:45:00+00:00,43144.8,42782.2
2025-06-18 03:00:00+00:00,43960.9,43144.8
2025-06-18 03:15:00+00:00,44479.1,43960.9
2025-06-18 03:30:00+00:00,45240.4,44479.1
2025-06-18 03:45:00+00:00,46515.7,45240.4
2025-06-18 04:00:00+00:00,49136.6,46515.7
2025-06-18 04:15:00+00:00,50715.9,49136.6
2025-06-18 04:30:00+00:00,52047.9,50715.9
2025-06-18 04:45:00+00:00,53060.3,52047.9
2025-06-18 05:00:00+00:00,54660.0,53060.3
2025-06-18 05:15:00+00:00,55526.4,54660.0
2025-06-18 05:30:00+00:00,56253.9,55526.4
2025-06-18 05:45:00+00:00,57335.2,56253.9
2025-06-18 06:00:00+00:00,57964.3,57335.2
2025-06-18 06:15:00+00:00,58878.8,57964.3
2025-06-18 06:30:00+00:00,58897.2,58878.8
2025-06-18 06:45:00+00:00,58867.3,58897.2
2025-06-18 07:00:00+00:00,57756.0,58867.3
2025-06-18 07:15:00+00:00,57655.5,57756.0
2025-06-18 07:30:00+00:00,58041.7,57655.5
2025-06-18 07:45:00+00:00,57911.5,58041.7
2025-06-18 08:00:00+00:00,56747.4,57911.5
2025-06-18 08:15:00+00:00,56986.6,56747.4
2025-06-18 08:30:00+00:00,56733.3,56986.6
2025-06-18 08:45:00+00:00,57305.9,56733.3
2025-06-18 09:00:00+00:00,56432.3,57305.9
2025-06-18 09:15:00+00:00,56843.3,56432.3
2025-06-18 09:30:00+00:00,56889.0,56843.3
2025-06-18 09:45:00+00:00,57140.5,56889.0
2025-06-18 10:00:00+00:00,56334.3,57140.5
2025-06-18 10:15:00+00:00,56207.2,56334.3
2025-06-18 10:30:00+00:00,56606.3,56207.2
2025-06-18 10:45:00+00:00,56763.2,56606.3
2025-06-18 11:00:00+00:00,56483.4,56763.2
2025-06-18 11:15:00+00:00,56231.2,56483.4
2025-06-18 11:30:00+00:00,55994.0,56231.2
2025-06-18 11:45:00+00:00,55596.3,55994.0
2025-06-18 12:00:00+00:00,56352.8,55596.3
2025-06-18 12:15:00+00:00,56422.3,56352.8
2025-06-18 12:30:00+00:00,55665.7,56422.3
2025-06-18 12:45:00+00:00,55274.7,55665.7
2025-06-18 13:00:00+00:00,55803.2,55274.7
2025-06-18 13:15:00+00:00,55458.1,55803.2
2025-06-18 13:30:00+00:00,55040.5,55458.1
2025-06-18 13:45:00+00:00,54720.6,55040.5
2025-06-18 14:00:00+00:00,55880.9,54720.6
2025-06-18 14:15:00+00:00,55501.7,55880.9
2025-06-18 14:30:00+00:00,55566.8,55501.7
2025-06-18 14:45:00+00:00,55352.3,55566.8
2025-06-18 15:00:00+00:00,56404.7,55352.3
2025-06-18 15:15:00+00:00,56368.8,56404.7
2025-06-18 15:30:00+00:00,56380.0,56368.8
2025-06-18 15:45:00+00:00,56543.3,56380.0
2025-06-18 16:00:00+00:00,56903.6,56543.3
2025-06-18 16:15:00+00:00,56445.1,56903.6
2025-06-18 16:30:00+00:00,56669.7,56445.1
2025-06-18 16:45:00+00:00,57360.4,56669.7
2025-06-18 17:00:00+00:00,57112.4,57360.4
2025-06-18 17:15:00+00:00,56717.9,57112.4
2025-06-18 17:30:00+00:00,56590.8,56717.9
2025-06-18 17:45:00+00:00,56631.2,56590.8
2025-06-18 18:00:00+00:00,56702.5,56631.2
2025-06-18 18:15:00+00:00,55910.9,56702.5
2025-06-18 18:30:00+00:00,55204.2,55910.9
2025-06-18 18:45:00+00:00,54381.5,55204.2
2025-06-18 19:00:00+00:00,54256.1,54381.5
2025-06-18 19:15:00+00:00,53408.2,54256.1
2025-06-18 19:30:00+00:00,53196.8,53408.2
2025-06-18 19:45:00+00:00,52784.4,53196.8
2025-06-18 20:00:00+00:00,51990.5,52784.4
2025-06-18 20:15:00+00:00,51622.8,51990.5
2025-06-18 20:30:00+00:00,50914.0,51622.8
2025-06-18 20:45:00+00:00,50104.8,50914.0
2025-06-18 21:00:00+00:00,48948.8,50104.8
2025-06-18 21:15:00+00:00,48271.2,48948.8
2025-06-18 21:30:00+00:00,47453.7,48271.2
2025-06-18 21:45:00+00:00,46714.4,47453.7
2025-06-18 22:00:00+00:00,45738.5,46714.4
2025-06-18 22:15:00+00:00,45213.5,45738.5
2025-06-18 22:30:00+00:00,44740.8,45213.5
2025-06-18 22:45:00+00:00,44083.4,44740.8
2025-06-18 23:00:00+00:00,43783.3,44083.4
2025-06-18 23:15:00+00:00,43201.4,43783.3
2025-06-18 23:30:00+00:00,42537.9,43201.4
2025-06-18 23:45:00+00:00,42203.8,42537.9
2025-06-19 00:00:00+00:00,41786.3,42203.8
2025-06-19 00:15:00+00:00,41504.9,41786.3
2025-06-19 00:30:00+00:00,41290.6,41504.9
2025-06-19 00:45:00+00:00,40954.3,41290.6
2025-06-19 01:00:00+00:00,40981.4,40954.3
2025-06-19 01:15:00+00:00,40979.9,40981.4
2025-06-19 01:30:00+00:00,41010.7,40979.9
2025-06-19 01:45:00+00:00,40682.2,41010.7
2025-06-19 02:00:00+00:00,40919.9,40682.2
2025-06-19 02:15:00+00:00,40896.8,40919.9
2025-06-19 02:30:00+00:00,40916.5,40896.8
2025-06-19 02:45:00+00:00,40992.9,40916.5
2025-06-19 03:00:00+00:00,41607.0,40992.9
2025-06-19 03:15:00+00:00,41516.1,41607.0
2025-06-19 03:30:00+00:00,41448.2,41516.1
2025-06-19 03:45:00+00:00,41859.4,41448.2
2025-06-19 04:00:00+00:00,43205.8,41859.4
2025-06-19 04:15:00+00:00,43678.9,43205.8
2025-06-19 04:30:00+00:00,44337.9,43678.9
2025-06-19 04:45:00+00:00,45128.6,44337.9
2025-06-19 05:00:00+00:00,46069.7,45128.6
2025-06-19 05:15:00+00:00,46905.1,46069.7
2025-06-19 05:30:00+00:00,47711.2,46905.1
2025-06-19 05:45:00+00:00,48487.4,47711.2
2025-06-19 06:00:00+00:00,49409.8,48487.4
2025-06-19 06:15:00+00:00,49902.4,49409.8
2025-06-19 06:30:00+00:00,50183.3,49902.4
2025-06-19 06:45:00+00:00,50569.0,50183.3
2025-06-19 07:00:00+00:00,49658.1,50569.0
2025-06-19 07:15:00+00:00,50092.1,49658.1
2025-06-19 07:30:00+00:00,50326.0,50092.1
2025-06-19 07:45:00+00:00,50912.5,50326.0
2025-06-19 08:00:00+00:00,50137.7,50912.5
2025-06-19 08:15:00+00:00,49710.3,50137.7
2025-06-19 08:30:00+00:00,49644.3,49710.3
2025-06-19 08:45:00+00:00,49214.2,49644.3
2025-06-19 09:00:00+00:00,49860.2,49214.2
2025-06-19 09:15:00+00:00,49844.8,49860.2
2025-06-19 09:30:00+00:00,49794.6,49844.8
2025-06-19 09:45:00+00:00,49473.2,49794.6
2025-06-19 10:00:00+00:00,49680.9,49473.2
2025-06-19 10:15:00+00:00,48900.6,49680.9
2025-06-19 10:30:00+00:00,48987.1,48900.6
2025-06-19 10:45:00+00:00,48955.5,48987.1
2025-06-19 11:00:00+00:00,48381.0,48955.5
2025-06-19 11:15:00+00:00,48188.9,48381.0
2025-06-19 11:30:00+00:00,47724.2,48188.9
2025-06-19 11:45:00+00:00,47522.9,47724.2
2025-06-19 12:00:00+00:00,47329.0,47522.9
2025-06-19 12:15:00+00:00,47104.0,47329.0
2025-06-19 12:30:00+00:00,46947.7,47104.0
2025-06-19 12:45:00+00:00,46526.6,46947.7
2025-06-19 13:00:00+00:00,46759.3,46526.6
2025-06-19 13:15:00+00:00,46416.7,46759.3
2025-06-19 13:30:00+00:00,46687.7,46416.7
2025-06-19 13:45:00+00:00,46348.6,46687.7
2025-06-19 14:00:00+00:00,46491.2,46348.6
2025-06-19 14:15:00+00:00,46437.3,46491.2
2025-06-19 14:30:00+00:00,46932.9,46437.3
2025-06-19 14:45:00+00:00,47120.2,46932.9
2025-06-19 15:00:00+00:00,48553.2,47120.2
2025-06-19 15:15:00+00:00,49025.4,48553.2
2025-06-19 15:30:00+00:00,49366.3,49025.4
2025-06-19 15:45:00+00:00,49193.7,49366.3
2025-06-19 16:00:00+00:00,50226.0,49193.7
2025-06-19 16:15:00+00:00,49919.5,50226.0
2025-06-19 16:30:00+00:00,49348.0,49919.5
2025-06-19 16:45:00+00:00,49276.7,49348.0
2025-06-19 17:00:00+00:00,49231.8,49276.7
2025-06-19 17:15:00+00:00,49198.2,49231.8
2025-06-19 17:30:00+00:00,49211.0,49198.2
2025-06-19 17:45:00+00:00,49245.1,49211.0
2025-06-19 18:00:00+00:00,50075.6,49245.1
2025-06-19 18:15:00+00:00,49524.9,50075.6
2025-06-19 18:30:00+00:00,49073.1,49524.9
2025-06-19 18:45:00+00:00,48651.6,49073.1
2025-06-19 19:00:00+00:00,48337.9,48651.6
2025-06-19 19:15:00+00:00,47838.7,48337.9
2025-06-19 19:30:00+00:00,47411.9,47838.7
2025-06-19 19:45:00+00:00,47545.7,47411.9
2025-06-19 20:00:00+00:00,47434.6,47545.7
2025-06-19 20:15:00+00:00,47079.0,47434.6
2025-06-19 20:30:00+00:00,46207.1,47079.0
2025-06-19 20:45:00+00:00,45636.8,46207.1
2025-06-19 21:00:00+00:00,44908.0,45636.8
2025-06-19 21:15:00+00:00,44105.3,44908.0
2025-06-19 21:30:00+00:00,43819.7,44105.3
2025-06-19 21:45:00+00:00,43259.1,43819.7
2025-06-19 22:00:00+00:00,42529.3,43259.1
2025-06-19 22:15:00+00:00,41897.4,42529.3
2025-06-19 22:30:00+00:00,41417.6,41897.4
2025-06-19 22:45:00+00:00,41213.4,41417.6
2025-06-19 23:00:00+00:00,40766.7,41213.4
2025-06-19 23:15:00+00:00,40374.9,40766.7
2025-06-19 23:30:00+00:00,40073.1,40374.9
2025-06-19 23:45:00+00:00,39800.4,40073.1
2025-06-20 00:00:00+00:00,38966.2,39800.4
2025-06-20 00:15:00+00:00,38572.0,38966.2
2025-06-20 00:30:00+00:00,38544.9,38572.0
2025-06-20 00:45:00+00:00,38457.1,38544.9
2025-06-20 01:00:00+00:00,38476.4,38457.1
2025-06-20 01:15:00+00:00,38519.7,38476.4
2025-06-20 01:30:00+00:00,38345.9,38519.7
2025-06-20 01:45:00+00:00,38362.7,38345.9
2025-06-20 02:00:00+00:00,38820.6,38362.7
2025-06-20 02:15:00+00:00,38844.9,38820.6
2025-06-20 02:30:00+00:00,39193.8,38844.9
2025-06-20 02:45:00+00:00,39216.8,39193.8
2025-06-20 03:00:00+00:00,40161.8,39216.8
2025-06-20 03:15:00+00:00,40556.0,40161.8
2025-06-20 03:30:00+00:00,41104.6,40556.0
2025-06-20 03:45:00+00:00,42075.2,41104.6
2025-06-20 04:00:00+00:00,44321.7,42075.2
2025-06-20 04:15:00+00:00,45140.6,44321.7
2025-06-20 04:30:00+00:00,46098.8,45140.6
2025-06-20 04:45:00+00:00,47307.4,46098.8
2025-06-20 05:00:00+00:00,48140.6,47307.4
2025-06-20 05:15:00+00:00,49306.8,48140.6
2025-06-20 05:30:00+00:00,50225.3,49306.8
2025-06-20 05:45:00+00:00,51383.6,50225.3
2025-06-20 06:00:00+00:00,51686.8,51383.6
2025-06-20 06:15:00+00:00,52310.5,51686.8
2025-06-20 06:30:00+00:00,52836.1,52310.5
2025-06-20 06:45:00+00:00,53057.5,52836.1
2025-06-20 07:00:00+00:00,52523.5,53057.5
2025-06-20 07:15:00+00:00,52102.1,52523.5
2025-06-20 07:30:00+00:00,52164.5,52102.1
2025-06-20 07:45:00+00:00,52021.7,52164.5
2025-06-20 08:00:00+00:00,51480.9,52021.7
2025-06-20 08:15:00+00:00,51574.6,51480.9
2025-06-20 08:30:00+00:00,52081.2,51574.6
2025-06-20 08:45:00+00:00,52435.6,52081.2
2025-06-20 09:00:00+00:00,51397.1,52435.6
2025-06-20 09:15:00+00:00,51604.4,51397.1
2025-06-20 09:30:00+00:00,51815.6,51604.4
2025-06-20 09:45:00+00:00,51883.8,51815.6
2025-06-20 10:00:00+00:00,51513.2,51883.8
2025-06-20 10:15:00+00:00,51196.9,51513.2
2025-06-20 10:30:00+00:00,51004.0,51196.9
2025-06-20 10:45:00+00:00,51074.9,51004.0
2025-06-20 11:00:00+00:00,50434.4,51074.9
2025-06-20 11:15:00+00:00,50216.8,50434.4
2025-06-20 11:30:00+00:00,49636.6,50216.8
2025-06-20 11:45:00+00:00,49550.9,49636.6
2025-06-20 12:00:00+00:00,49265.3,49550.9
2025-06-20 12:15:00+00:00,49067.3,49265.3
2025-06-20 12:30:00+00:00,48600.2,49067.3
2025-06-20 12:45:00+00:00,48497.1,48600.2
2025-06-20 13:00:00+00:00,49121.0,48497.1
2025-06-20 13:15:00+00:00,48796.5,49121.0
2025-06-20 13:30:00+00:00,48617.8,48796.5
2025-06-20 13:45:00+00:00,48451.1,48617.8
2025-06-20 14:00:00+00:00,49279.1,48451.1
2025-06-20 14:15:00+00:00,48933.7,49279.1
2025-06-20 14:30:00+00:00,48693.2,48933.7
2025-06-20 14:45:00+00:00,48943.8,48693.2
2025-06-20 15:00:00+00:00,49156.1,48943.8
2025-06-20 15:15:00+00:00,49249.1,49156.1
2025-06-20 15:30:00+00:00,49530.2,49249.1
2025-06-20 15:45:00+00:00,50112.5,49530.2
2025-06-20 16:00:00+00:00,50545.1,50112.5
2025-06-20 16:15:00+00:00,50512.1,50545.1
2025-06-20 16:30:00+00:00,50444.5,50512.1
2025-06-20 16:45:00+00:00,50696.9,50444.5
2025-06-20 17:00:00+00:00,50825.6,50696.9
2025-06-20 17:15:00+00:00,50808.2,50825.6
2025-06-20 17:30:00+00:00,50907.2,50808.2
2025-06-20 17:45:00+00:00,50842.5,50907.2
2025-06-20 18:00:00+00:00,50765.5,50842.5
2025-06-20 18:15:00+00:00,50266.0,50765.5
2025-06-20 18:30:00+00:00,49743.7,50266.0
2025-06-20 18:45:00+00:00,49143.8,49743.7
2025-06-20 19:00:00+00:00,48525.7,49143.8
2025-06-20 19:15:00+00:00,47820.1,48525.7
2025-06-20 19:30:00+00:00,47380.0,47820.1
2025-06-20 19:45:00+00:00,47178.8,47380.0
2025-06-20 20:00:00+00:00,46902.0,47178.8
2025-06-20 20:15:00+00:00,46457.1,46902.0
2025-06-20 20:30:00+00:00,45858.4,46457.1
2025-06-20 20:45:00+00:00,45065.3,45858.4
2025-06-20 21:00:00+00:00,43884.9,45065.3
2025-06-20 21:15:00+00:00,43213.6,43884.9
2025-06-20 21:30:00+00:00,42815.2,43213.6
2025-06-20 21:45:00+00:00,42078.6,42815.2
2025-06-20 22:00:00+00:00,41057.5,42078.6
2025-06-20 22:15:00+00:00,40897.6,41057.5
2025-06-20 22:30:00+00:00,40250.1,40897.6
2025-06-20 22:45:00+00:00,39648.0,40250.1
2025-06-20 23:00:00+00:00,39068.0,39648.0
2025-06-20 23:15:00+00:00,38719.6,39068.0
2025-06-20 23:30:00+00:00,38521.3,38719.6
2025-06-20 23:45:00+00:00,38064.0,38521.3
2025-06-21 00:00:00+00:00,37819.9,38064.0
2025-06-21 00:15:00+00:00,37704.3,37819.9
2025-06-21 00:30:00+00:00,37628.7,37704.3
2025-06-21 00:45:00+00:00,37322.4,37628.7
2025-06-21 01:00:00+00:00,37133.4,37322.4
2025-06-21 01:15:00+00:00,37304.3,37133.4
2025-06-21 01:30:00+00:00,37391.2,37304.3
2025-06-21 01:45:00+00:00,36929.4,37391.2
2025-06-21 02:00:00+00:00,36858.5,36929.4
2025-06-21 02:15:00+00:00,36766.0,36858.5
2025-06-21 02:30:00+00:00,36871.2,36766.0
2025-06-21 02:45:00+00:00,36546.1,36871.2
2025-06-21 03:00:00+00:00,36697.4,36546.1
2025-06-21 03:15:00+00:00,36334.6,36697.4
2025-06-21 03:30:00+00:00,36489.5,36334.6
2025-06-21 03:45:00+00:00,37404.1,36489.5
2025-06-21 04:00:00+00:00,37744.6,37404.1
2025-06-21 04:15:00+00:00,38315.1,37744.6
2025-06-21 04:30:00+00:00,39050.8,38315.1
2025-06-21 04:45:00+00:00,39778.0,39050.8
2025-06-21 05:00:00+00:00,40834.5,39778.0
2025-06-21 05:15:00+00:00,41187.4,40834.5
2025-06-21 05:30:00+00:00,42362.3,41187.4
2025-06-21 05:45:00+00:00,43217.6,42362.3
2025-06-21 06:00:00+00:00,43872.2,43217.6
2025-06-21 06:15:00+00:00,44479.7,43872.2
2025-06-21 06:30:00+00:00,44640.2,44479.7
2025-06-21 06:45:00+00:00,45475.9,44640.2
2025-06-21 07:00:00+00:00,45632.4,45475.9
2025-06-21 07:15:00+00:00,45867.0,45632.4
2025-06-21 07:30:00+00:00,46534.9,45867.0
2025-06-21 07:45:00+00:00,47021.5,46534.9
2025-06-21 08:00:00+00:00,46326.4,47021.5
2025-06-21 08:15:00+00:00,46022.7,46326.4
2025-06-21 08:30:00+00:00,46191.1,46022.7
2025-06-21 08:45:00+00:00,46500.8,46191.1
2025-06-21 09:00:00+00:00,46245.2,46500.8
2025-06-21 09:15:00+00:00,46419.9,46245.2
2025-06-21 09:30:00+00:00,46371.3,46419.9
2025-06-21 09:45:00+00:00,46289.6,46371.3
2025-06-21 10:00:00+00:00,45539.7,46289.6
2025-06-21 10:15:00+00:00,45523.8,45539.7
2025-06-21 10:30:00+00:00,44798.6,45523.8
2025-06-21 10:45:00+00:00,44887.5,44798.6
2025-06-21 11:00:00+00:00,44140.7,44887.5
2025-06-21 11:15:00+00:00,43896.2,44140.7
2025-06-21 11:30:00+00:00,44006.8,43896.2
2025-06-21 11:45:00+00:00,43850.6,44006.8
2025-06-21 12:00:00+00:00,43665.9,43850.6
2025-06-21 12:15:00+00:00,43475.5,43665.9
2025-06-21 12:30:00+00:00,43287.1,43475.5
2025-06-21 12:45:00+00:00,43030.9,43287.1
2025-06-21 13:00:00+00:00,43611.8,43030.9
2025-06-21 13:15:00+00:00,43101.8,43611.8
2025-06-21 13:30:00+00:00,42964.2,43101.8
2025-06-21 13:45:00+00:00,42946.8,42964.2
2025-06-21 14:00:00+00:00,43847.7,42946.8
2025-06-21 14:15:00+00:00,44225.1,43847.7
2025-06-21 14:30:00+00:00,44480.2,44225.1
2025-06-21 14:45:00+00:00,44453.9,44480.2
2025-06-21 15:00:00+00:00,44906.7,44453.9
2025-06-21 15:15:00+00:00,44877.8,44906.7
2025-06-21 15:30:00+00:00,44810.8,44877.8
2025-06-21 15:45:00+00:00,45295.2,44810.8
2025-06-21 16:00:00+00:00,45641.6,45295.2
2025-06-21 16:15:00+00:00,46000.5,45641.6
2025-06-21 16:30:00+00:00,46003.5,46000.5
2025-06-21 16:45:00+00:00,45957.0,46003.5
2025-06-21 17:00:00+00:00,46725.3,45957.0
2025-06-21 17:15:00+00:00,46415.3,46725.3
2025-06-21 17:30:00+00:00,46656.2,46415.3
2025-06-21 17:45:00+00:00,46411.7,46656.2
2025-06-21 18:00:00+00:00,46944.9,46411.7
2025-06-21 18:15:00+00:00,46359.4,46944.9
2025-06-21 18:30:00+00:00,45557.0,46359.4
2025-06-21 18:45:00+00:00,45432.4,45557.0
2025-06-21 19:00:00+00:00,45005.6,45432.4
2025-06-21 19:15:00+00:00,44325.7,45005.6
2025-06-21 19:30:00+00:00,44183.1,44325.7
2025-06-21 19:45:00+00:00,44252.5,44183.1
2025-06-21 20:00:00+00:00,44207.0,44252.5
2025-06-21 20:15:00+00:00,43887.1,44207.0
2025-06-21 20:30:00+00:00,43442.7,43887.1
2025-06-21 20:45:00+00:00,42564.9,43442.7
2025-06-21 21:00:00+00:00,42091.0,42564.9
2025-06-21 21:15:00+00:00,41715.5,42091.0
2025-06-21 21:30:00+00:00,40904.8,41715.5
2025-06-21 21:45:00+00:00,40471.8,40904.8
2025-06-21 22:00:00+00:00,39481.0,40471.8
2025-06-21 22:15:00+00:00,38652.9,39481.0
2025-06-21 22:30:00+00:00,38265.5,38652.9
2025-06-21 22:45:00+00:00,37490.4,38265.5
2025-06-21 23:00:00+00:00,36862.5,37490.4
2025-06-21 23:15:00+00:00,36682.7,36862.5
2025-06-21 23:30:00+00:00,36258.6,36682.7
2025-06-21 23:45:00+00:00,35726.8,36258.6
2025-06-22 00:00:00+00:00,35397.4,35726.8
2025-06-22 00:15:00+00:00,35230.4,35397.4
2025-06-22 00:30:00+00:00,35080.7,35230.4
2025-06-22 00:45:00+00:00,34692.3,35080.7
2025-06-22 01:00:00+00:00,34765.7,34692.3
2025-06-22 01:15:00+00:00,34590.2,34765.7
2025-06-22 01:30:00+00:00,34480.9,34590.2
2025-06-22 01:45:00+00:00,34217.2,34480.9
2025-06-22 02:00:00+00:00,34257.4,34217.2
2025-06-22 02:15:00+00:00,34393.1,34257.4
2025-06-22 02:30:00+00:00,34174.2,34393.1
2025-06-22 02:45:00+00:00,33978.9,34174.2
2025-06-22 03:00:00+00:00,33649.8,33978.9
2025-06-22 03:15:00+00:00,33799.8,33649.8
2025-06-22 03:30:00+00:00,33718.1,33799.8
2025-06-22 03:45:00+00:00,33912.2,33718.1
2025-06-22 04:00:00+00:00,34261.5,33912.2
2025-06-22 04:15:00+00:00,34463.8,34261.5
2025-06-22 04:30:00+00:00,34870.0,34463.8
2025-06-22 04:45:00+00:00,35311.1,34870.0
2025-06-22 05:00:00+00:00,35849.9,35311.1
2025-06-22 05:15:00+00:00,36375.9,35849.9
2025-06-22 05:30:00+00:00,37408.4,36375.9
2025-06-22 05:45:00+00:00,38073.9,37408.4
2025-06-22 06:00:00+00:00,38935.3,38073.9
2025-06-22 06:15:00+00:00,39474.2,38935.3
2025-06-22 06:30:00+00:00,40183.7,39474.2
2025-06-22 06:45:00+00:00,41048.1,40183.7
2025-06-22 07:00:00+00:00,40975.7,41048.1
2025-06-22 07:15:00+00:00,41546.5,40975.7
2025-06-22 07:30:00+00:00,42137.2,41546.5
2025-06-22 07:45:00+00:00,42388.2,42137.2
2025-06-22 08:00:00+00:00,42223.4,42388.2
2025-06-22 08:15:00+00:00,42537.5,42223.4
2025-06-22 08:30:00+00:00,42890.3,42537.5
2025-06-22 08:45:00+00:00,42896.4,42890.3
2025-06-22 09:00:00+00:00,43104.2,42896.4
2025-06-22 09:15:00+00:00,43378.4,43104.2
2025-06-22 09:30:00+00:00,43707.0,43378.4
2025-06-22 09:45:00+00:00,43975.9,43707.0
2025-06-22 10:00:00+00:00,43404.5,43975.9
2025-06-22 10:15:00+00:00,42768.2,43404.5
2025-06-22 10:30:00+00:00,42984.7,42768.2
2025-06-22 10:45:00+00:00,43422.2,42984.7
2025-06-22 11:00:00+00:00,43046.4,43422.2
2025-06-22 11:15:00+00:00,42796.4,43046.4
2025-06-22 11:30:00+00:00,42603.4,42796.4
2025-06-22 11:45:00+00:00,42062.6,42603.4
2025-06-22 12:00:00+00:00,42044.8,42062.6
2025-06-22 12:15:00+00:00,41926.1,42044.8
2025-06-22 12:30:00+00:00,41732.4,41926.1
2025-06-22 12:45:00+00:00,41478.4,41732.4
2025-06-22 13:00:00+00:00,42213.1,41478.4
2025-06-22 13:15:00+00:00,41791.3,42213.1
2025-06-22 13:30:00+00:00,41634.9,41791.3
2025-06-22 13:45:00+00:00,42167.8,41634.9
2025-06-22 14:00:00+00:00,42125.9,42167.8
2025-06-22 14:15:00+00:00,42333.2,42125.9
2025-06-22 14:30:00+00:00,42413.3,42333.2
2025-06-22 14:45:00+00:00,42809.4,42413.3
2025-06-22 15:00:00+00:00,43994.5,42809.4
2025-06-22 15:15:00+00:00,43654.3,43994.5
2025-06-22 15:30:00+00:00,44444.0,43654.3
2025-06-22 15:45:00+00:00,45112.6,44444.0
2025-06-22 16:00:00+00:00,47055.0,45112.6
2025-06-22 16:15:00+00:00,47583.3,47055.0
2025-06-22 16:30:00+00:00,47702.3,47583.3
2025-06-22 16:45:00+00:00,47939.6,47702.3
2025-06-22 17:00:00+00:00,48314.4,47939.6
2025-06-22 17:15:00+00:00,48266.0,48314.4
2025-06-22 17:30:00+00:00,48188.2,48266.0
2025-06-22 17:45:00+00:00,47526.6,48188.2
2025-06-22 18:00:00+00:00,47375.9,47526.6
2025-06-22 18:15:00+00:00,47326.5,47375.9
2025-06-22 18:30:00+00:00,47102.2,47326.5
2025-06-22 18:45:00+00:00,46914.1,47102.2
2025-06-22 19:00:00+00:00,46485.3,46914.1
2025-06-22 19:15:00+00:00,46394.7,46485.3
2025-06-22 19:30:00+00:00,46351.0,46394.7
2025-06-22 19:45:00+00:00,46736.8,46351.0
2025-06-22 20:00:00+00:00,46449.5,46736.8
2025-06-22 20:15:00+00:00,46438.8,46449.5
2025-06-22 20:30:00+00:00,46265.6,46438.8
2025-06-22 20:45:00+00:00,45975.0,46265.6
2025-06-22 21:00:00+00:00,45140.4,45975.0
2025-06-22 21:15:00+00:00,44568.2,45140.4
2025-06-22 21:30:00+00:00,43851.0,44568.2
2025-06-22 21:45:00+00:00,43466.5,43851.0
2025-06-22 22:00:00+00:00,42958.5,43466.5
2025-06-22 22:15:00+00:00,42042.3,42958.5
2025-06-22 22:30:00+00:00,41982.5,42042.3
2025-06-22 22:45:00+00:00,41700.5,41982.5
2025-06-22 23:00:00+00:00,40360.8,41700.5
2025-06-22 23:15:00+00:00,39609.6,40360.8
2025-06-22 23:30:00+00:00,39068.8,39609.6
2025-06-22 23:45:00+00:00,39243.1,39068.8
2025-06-23 00:00:00+00:00,39330.2,39243.1
2025-06-23 00:15:00+00:00,39504.7,39330.2
2025-06-23 00:30:00+00:00,39900.1,39504.7
2025-06-23 00:45:00+00:00,40029.7,39900.1
2025-06-23 01:00:00+00:00,40376.7,40029.7
2025-06-23 01:15:00+00:00,39733.1,40376.7
2025-06-23 01:30:00+00:00,39658.2,39733.1
2025-06-23 01:45:00+00:00,40018.9,39658.2
2025-06-23 02:00:00+00:00,40221.3,40018.9
2025-06-23 02:15:00+00:00,40576.4,40221.3
2025-06-23 02:30:00+00:00,40876.2,40576.4
2025-06-23 02:45:00+00:00,41242.0,40876.2
2025-06-23 03:00:00+00:00,42286.4,41242.0
2025-06-23 03:15:00+00:00,43014.5,42286.4
2025-06-23 03:30:00+00:00,43989.3,43014.5
2025-06-23 03:45:00+00:00,45083.4,43989.3
2025-06-23 04:00:00+00:00,47787.6,45083.4
2025-06-23 04:15:00+00:00,50050.6,47787.6
2025-06-23 04:30:00+00:00,51950.8,50050.6
2025-06-23 04:45:00+00:00,53460.2,51950.8
2025-06-23 05:00:00+00:00,54947.4,53460.2
2025-06-23 05:15:00+00:00,56381.5,54947.4
2025-06-23 05:30:00+00:00,57133.5,56381.5
2025-06-23 05:45:00+00:00,58280.9,57133.5
2025-06-23 06:00:00+00:00,58940.6,58280.9
2025-06-23 06:15:00+00:00,59689.1,58940.6
2025-06-23 06:30:00+00:00,60406.4,59689.1
2025-06-23 06:45:00+00:00,61032.8,60406.4
2025-06-23 07:00:00+00:00,60827.4,61032.8
2025-06-23 07:15:00+00:00,61384.3,60827.4
2025-06-23 07:30:00+00:00,61602.4,61384.3
2025-06-23 07:45:00+00:00,61927.8,61602.4
2025-06-23 08:00:00+00:00,60798.0,61927.8
2025-06-23 08:15:00+00:00,61599.1,60798.0
2025-06-23 08:30:00+00:00,61926.0,61599.1
2025-06-23 08:45:00+00:00,62069.8,61926.0
2025-06-23 09:00:00+00:00,62619.8,62069.8
2025-06-23 09:15:00+00:00,62722.7,62619.8
2025-06-23 09:30:00+00:00,63063.1,62722.7
2025-06-23 09:45:00+00:00,62709.2,63063.1
2025-06-23 10:00:00+00:00,62013.2,62709.2
2025-06-23 10:15:00+00:00,62190.4,62013.2
2025-06-23 10:30:00+00:00,61794.5,62190.4
2025-06-23 10:45:00+00:00,61734.3,61794.5
2025-06-23 11:00:00+00:00,61204.7,61734.3
2025-06-23 11:15:00+00:00,61050.4,61204.7
2025-06-23 11:30:00+00:00,60834.8,61050.4
2025-06-23 11:45:00+00:00,60389.2,60834.8
2025-06-23 12:00:00+00:00,59929.6,60389.2
2025-06-23 12:15:00+00:00,59691.4,59929.6
2025-06-23 12:30:00+00:00,59494.4,59691.4
2025-06-23 12:45:00+00:00,59460.0,59494.4
2025-06-23 13:00:00+00:00,59761.2,59460.0
2025-06-23 13:15:00+00:00,59413.4,59761.2
2025-06-23 13:30:00+00:00,58938.2,59413.4
2025-06-23 13:45:00+00:00,57693.3,58938.2
2025-06-23 14:00:00+00:00,57968.5,57693.3
2025-06-23 14:15:00+00:00,57653.0,57968.5
2025-06-23 14:30:00+00:00,57643.5,57653.0
2025-06-23 14:45:00+00:00,57624.0,57643.5
2025-06-23 15:00:00+00:00,57624.6,57624.0
2025-06-23 15:15:00+00:00,57701.6,57624.6
2025-06-23 15:30:00+00:00,58375.5,57701.6
2025-06-23 15:45:00+00:00,58599.2,58375.5
2025-06-23 16:00:00+00:00,57892.6,58599.2
2025-06-23 16:15:00+00:00,57210.1,57892.6
2025-06-23 16:30:00+00:00,57421.7,57210.1
2025-06-23 16:45:00+00:00,57631.4,57421.7
2025-06-23 17:00:00+00:00,59148.1,57631.4
2025-06-23 17:15:00+00:00,59053.5,59148.1
2025-06-23 17:30:00+00:00,58800.6,59053.5
2025-06-23 17:45:00+00:00,58589.4,58800.6
2025-06-23 18:00:00+00:00,59279.3,58589.4
2025-06-23 18:15:00+00:00,58855.1,59279.3
2025-06-23 18:30:00+00:00,58033.0,58855.1
2025-06-23 18:45:00+00:00,57436.2,58033.0
2025-06-23 19:00:00+00:00,56878.1,57436.2
2025-06-23 19:15:00+00:00,56270.5,56878.1
2025-06-23 19:30:00+00:00,55888.8,56270.5
2025-06-23 19:45:00+00:00,55670.0,55888.8
2025-06-23 20:00:00+00:00,54914.6,55670.0
2025-06-23 20:15:00+00:00,54141.4,54914.6
2025-06-23 20:30:00+00:00,53439.6,54141.4
2025-06-23 20:45:00+00:00,52470.2,53439.6
2025-06-23 21:00:00+00:00,51581.0,52470.2
2025-06-23 21:15:00+00:00,50637.5,51581.0
2025-06-23 21:30:00+00:00,49917.4,50637.5
2025-06-23 21:45:00+00:00,49523.3,49917.4
2025-06-23 22:00:00+00:00,47638.6,49523.3
2025-06-23 22:15:00+00:00,46841.2,47638.6
2025-06-23 22:30:00+00:00,46341.8,46841.2
2025-06-23 22:45:00+00:00,45822.4,46341.8
2025-06-23 23:00:00+00:00,45197.3,45822.4
2025-06-23 23:15:00+00:00,44934.8,45197.3
2025-06-23 23:30:00+00:00,44427.4,44934.8
2025-06-23 23:45:00+00:00,44465.0,44427.4
2025-06-24 00:00:00+00:00,44094.9,44465.0
2025-06-24 00:15:00+00:00,43591.6,44094.9
2025-06-24 00:30:00+00:00,43813.8,43591.6
2025-06-24 00:45:00+00:00,43879.2,43813.8
2025-06-24 01:00:00+00:00,43588.0,43879.2
2025-06-24 01:15:00+00:00,43437.5,43588.0
2025-06-24 01:30:00+00:00,43457.3,43437.5
2025-06-24 01:45:00+00:00,43687.5,43457.3
2025-06-24 02:00:00+00:00,43942.9,43687.5
2025-06-24 02:15:00+00:00,43947.8,43942.9
2025-06-24 02:30:00+00:00,44349.8,43947.8
2025-06-24 02:45:00+00:00,44567.7,44349.8
2025-06-24 03:00:00+00:00,45821.1,44567.7
2025-06-24 03:15:00+00:00,46470.0,45821.1
2025-06-24 03:30:00+00:00,47347.0,46470.0
2025-06-24 03:45:00+00:00,48832.9,47347.0
2025-06-24 04:00:00+00:00,51525.6,48832.9
2025-06-24 04:15:00+00:00,53717.8,51525.6
2025-06-24 04:30:00+00:00,55053.9,53717.8
2025-06-24 04:45:00+00:00,56075.0,55053.9
2025-06-24 05:00:00+00:00,57062.3,56075.0
2025-06-24 05:15:00+00:00,57920.3,57062.3
2025-06-24 05:30:00+00:00,58560.8,57920.3
2025-06-24 05:45:00+00:00,59409.5,58560.8
2025-06-24 06:00:00+00:00,57702.0,59409.5
2025-06-24 06:15:00+00:00,58369.2,57702.0
2025-06-24 06:30:00+00:00,58735.9,58369.2
2025-06-24 06:45:00+00:00,58784.1,58735.9
2025-06-24 07:00:00+00:00,57618.5,58784.1
2025-06-24 07:15:00+00:00,57814.9,57618.5
2025-06-24 07:30:00+00:00,58319.6,57814.9
2025-06-24 07:45:00+00:00,58036.8,58319.6
2025-06-24 08:00:00+00:00,56706.8,58036.8
2025-06-24 08:15:00+00:00,56811.9,56706.8
2025-06-24 08:30:00+00:00,57333.6,56811.9
2025-06-24 08:45:00+00:00,57209.4,57333.6
2025-06-24 09:00:00+00:00,57355.0,57209.4
2025-06-24 09:15:00+00:00,57229.0,57355.0
2025-06-24 09:30:00+00:00,57144.6,57229.0
2025-06-24 09:45:00+00:00,57052.2,57144.6
2025-06-24 10:00:00+00:00,56824.5,57052.2
2025-06-24 10:15:00+00:00,56745.7,56824.5
2025-06-24 10:30:00+00:00,56944.8,56745.7
2025-06-24 10:45:00+00:00,56945.4,56944.8
2025-06-24 11:00:00+00:00,56716.6,56945.4
2025-06-24 11:15:00+00:00,56673.6,56716.6
2025-06-24 11:30:00+00:00,56660.3,56673.6
2025-06-24 11:45:00+00:00,56592.2,56660.3
2025-06-24 12:00:00+00:00,56145.7,56592.2
2025-06-24 12:15:00+00:00,56442.0,56145.7
2025-06-24 12:30:00+00:00,56212.5,56442.0
2025-06-24 12:45:00+00:00,55924.9,56212.5
2025-06-24 13:00:00+00:00,56659.1,55924.9
2025-06-24 13:15:00+00:00,56387.9,56659.1
2025-06-24 13:30:00+00:00,56500.9,56387.9
2025-06-24 13:45:00+00:00,56156.8,56500.9
2025-06-24 14:00:00+00:00,56522.8,56156.8
2025-06-24 14:15:00+00:00,55985.4,56522.8
2025-06-24 14:30:00+00:00,56119.3,55985.4
2025-06-24 14:45:00+00:00,56397.9,56119.3
2025-06-24 15:00:00+00:00,58138.8,56397.9
2025-06-24 15:15:00+00:00,57860.5,58138.8
2025-06-24 15:30:00+00:00,58165.7,57860.5
2025-06-24 15:45:00+00:00,58481.6,58165.7
2025-06-24 16:00:00+00:00,59166.9,58481.6
2025-06-24 16:15:00+00:00,58993.2,59166.9
2025-06-24 16:30:00+00:00,59359.2,58993.2
2025-06-24 16:45:00+00:00,59510.4,59359.2
2025-06-24 17:00:00+00:00,59687.2,59510.4
2025-06-24 17:15:00+00:00,59166.6,59687.2
2025-06-24 17:30:00+00:00,59343.3,59166.6
2025-06-24 17:45:00+00:00,59563.1,59343.3
2025-06-24 18:00:00+00:00,59523.4,59563.1
2025-06-24 18:15:00+00:00,59162.1,59523.4
2025-06-24 18:30:00+00:00,58326.3,59162.1
2025-06-24 18:45:00+00:00,57628.1,58326.3
2025-06-24 19:00:00+00:00,57757.4,57628.1
2025-06-24 19:15:00+00:00,56926.1,57757.4
2025-06-24 19:30:00+00:00,56054.7,56926.1
2025-06-24 19:45:00+00:00,55549.2,56054.7
2025-06-24 20:00:00+00:00,54521.2,55549.2
2025-06-24 20:15:00+00:00,54115.9,54521.2
2025-06-24 20:30:00+00:00,53458.8,54115.9
2025-06-24 20:45:00+00:00,52604.7,53458.8
2025-06-24 21:00:00+00:00,51201.2,52604.7
2025-06-24 21:15:00+00:00,50590.0,51201.2
2025-06-24 21:30:00+00:00,50036.1,50590.0
2025-06-24 21:45:00+00:00,49613.6,50036.1
2025-06-24 22:00:00+00:00,48565.9,49613.6
2025-06-24 22:15:00+00:00,47544.5,48565.9
2025-06-24 22:30:00+00:00,46744.4,47544.5
2025-06-24 22:45:00+00:00,46409.0,46744.4
2025-06-24 23:00:00+00:00,45774.6,46409.0
2025-06-24 23:15:00+00:00,45213.8,45774.6
2025-06-24 23:30:00+00:00,44912.0,45213.8
2025-06-24 23:45:00+00:00,44499.1,44912.0
2025-06-25 00:00:00+00:00,44186.9,44499.1
2025-06-25 00:15:00+00:00,43926.9,44186.9
2025-06-25 00:30:00+00:00,43466.3,43926.9
2025-06-25 00:45:00+00:00,43302.8,43466.3
2025-06-25 01:00:00+00:00,43168.0,43302.8
2025-06-25 01:15:00+00:00,43149.6,43168.0
2025-06-25 01:30:00+00:00,43044.9,43149.6
2025-06-25 01:45:00+00:00,43157.3,43044.9
2025-06-25 02:00:00+00:00,43466.8,43157.3
2025-06-25 02:15:00+00:00,44352.2,43466.8
2025-06-25 02:30:00+00:00,44593.8,44352.2
2025-06-25 02:45:00+00:00,44347.5,44593.8
2025-06-25 03:00:00+00:00,45281.4,44347.5
2025-06-25 03:15:00+00:00,45899.9,45281.4
2025-06-25 03:30:00+00:00,47014.4,45899.9
2025-06-25 03:45:00+00:00,48667.8,47014.4
2025-06-25 04:00:00+00:00,51371.5,48667.8
2025-06-25 04:15:00+00:00,53663.6,51371.5
2025-06-25 04:30:00+00:00,55097.2,53663.6
2025-06-25 04:45:00+00:00,56124.0,55097.2
2025-06-25 05:00:00+00:00,57622.7,56124.0
2025-06-25 05:15:00+00:00,58821.5,57622.7
2025-06-25 05:30:00+00:00,59592.6,58821.5
2025-06-25 05:45:00+00:00,60172.5,59592.6
2025-06-25 06:00:00+00:00,60017.2,60172.5
2025-06-25 06:15:00+00:00,60213.6,60017.2
2025-06-25 06:30:00+00:00,60451.0,60213.6
2025-06-25 06:45:00+00:00,60314.0,60451.0
2025-06-25 07:00:00+00:00,59505.4,60314.0
2025-06-25 07:15:00+00:00,59372.9,59505.4
2025-06-25 07:30:00+00:00,59360.9,59372.9
2025-06-25 07:45:00+00:00,59585.4,59360.9
2025-06-25 08:00:00+00:00,58688.7,59585.4
2025-06-25 08:15:00+00:00,58656.8,58688.7
2025-06-25 08:30:00+00:00,58633.1,58656.8
2025-06-25 08:45:00+00:00,58678.3,58633.1
2025-06-25 09:00:00+00:00,58836.7,58678.3
2025-06-25 09:15:00+00:00,59130.4,58836.7
2025-06-25 09:30:00+00:00,59473.6,59130.4
2025-06-25 09:45:00+00:00,59474.8,59473.6
2025-06-25 10:00:00+00:00,58702.6,59474.8
2025-06-25 10:15:00+00:00,58323.8,58702.6
2025-06-25 10:30:00+00:00,58429.0,58323.8
2025-06-25 10:45:00+00:00,58502.2,58429.0
2025-06-25 11:00:00+00:00,58098.8,58502.2
2025-06-25 11:15:00+00:00,57946.1,58098.8
2025-06-25 11:30:00+00:00,57705.3,57946.1
2025-06-25 11:45:00+00:00,57546.4,57705.3
2025-06-25 12:00:00+00:00,57864.4,57546.4
2025-06-25 12:15:00+00:00,57943.1,57864.4
2025-06-25 12:30:00+00:00,58059.4,57943.1
2025-06-25 12:45:00+00:00,58267.9,58059.4
2025-06-25 13:00:00+00:00,58729.1,58267.9
2025-06-25 13:15:00+00:00,58282.2,58729.1
2025-06-25 13:30:00+00:00,57694.2,58282.2
2025-06-25 13:45:00+00:00,57292.4,57694.2
2025-06-25 14:00:00+00:00,57621.4,57292.4
2025-06-25 14:15:00+00:00,57098.1,57621.4
2025-06-25 14:30:00+00:00,57260.5,57098.1
2025-06-25 14:45:00+00:00,57312.4,57260.5
2025-06-25 15:00:00+00:00,57813.8,57312.4
2025-06-25 15:15:00+00:00,57294.1,57813.8
2025-06-25 15:30:00+00:00,58071.5,57294.1
2025-06-25 15:45:00+00:00,57986.9,58071.5
2025-06-25 16:00:00+00:00,58118.7,57986.9
2025-06-25 16:15:00+00:00,58331.5,58118.7
2025-06-25 16:30:00+00:00,58213.3,58331.5
2025-06-25 16:45:00+00:00,58313.0,58213.3
2025-06-25 17:00:00+00:00,59188.8,58313.0
2025-06-25 17:15:00+00:00,58426.0,59188.8
2025-06-25 17:30:00+00:00,57861.1,58426.0
2025-06-25 17:45:00+00:00,57717.2,57861.1
2025-06-25 18:00:00+00:00,58227.3,57717.2
2025-06-25 18:15:00+00:00,57933.5,58227.3
2025-06-25 18:30:00+00:00,57081.1,57933.5
2025-06-25 18:45:00+00:00,56061.2,57081.1
2025-06-25 19:00:00+00:00,55358.2,56061.2
2025-06-25 19:15:00+00:00,54629.8,55358.2
2025-06-25 19:30:00+00:00,53853.0,54629.8
2025-06-25 19:45:00+00:00,53442.1,53853.0
2025-06-25 20:00:00+00:00,53153.9,53442.1
2025-06-25 20:15:00+00:00,52605.3,53153.9
2025-06-25 20:30:00+00:00,51819.5,52605.3
2025-06-25 20:45:00+00:00,51042.9,51819.5
2025-06-25 21:00:00+00:00,49634.2,51042.9
2025-06-25 21:15:00+00:00,48869.4,49634.2
2025-06-25 21:30:00+00:00,48020.2,48869.4
2025-06-25 21:45:00+00:00,47330.9,48020.2
2025-06-25 22:00:00+00:00,46449.2,47330.9
2025-06-25 22:15:00+00:00,45812.2,46449.2
2025-06-25 22:30:00+00:00,45325.1,45812.2
2025-06-25 22:45:00+00:00,44944.1,45325.1
2025-06-25 23:00:00+00:00,44624.6,44944.1
2025-06-25 23:15:00+00:00,44077.9,44624.6
2025-06-25 23:30:00+00:00,43488.0,44077.9
2025-06-25 23:45:00+00:00,42845.6,43488.0
2025-06-26 00:00:00+00:00,42552.1,42845.6
2025-06-26 00:15:00+00:00,42924.0,42552.1
2025-06-26 00:30:00+00:00,42347.2,42924.0
2025-06-26 00:45:00+00:00,41896.9,42347.2
2025-06-26 01:00:00+00:00,41476.0,41896.9
2025-06-26 01:15:00+00:00,40877.6,41476.0
2025-06-26 01:30:00+00:00,40651.5,40877.6
2025-06-26 01:45:00+00:00,41469.2,40651.5
2025-06-26 02:00:00+00:00,41806.9,41469.2
2025-06-26 02:15:00+00:00,42635.7,41806.9
2025-06-26 02:30:00+00:00,43198.7,42635.7
2025-06-26 02:45:00+00:00,43944.2,43198.7
2025-06-26 03:00:00+00:00,45341.3,43944.2
2025-06-26 03:15:00+00:00,45974.1,45341.3
2025-06-26 03:30:00+00:00,46847.0,45974.1
2025-06-26 03:45:00+00:00,48013.9,46847.0
2025-06-26 04:00:00+00:00,50903.8,48013.9
2025-06-26 04:15:00+00:00,52507.0,50903.8
2025-06-26 04:30:00+00:00,54018.3,52507.0
2025-06-26 04:45:00+00:00,54959.8,54018.3
2025-06-26 05:00:00+00:00,56222.9,54959.8
2025-06-26 05:15:00+00:00,57224.4,56222.9
2025-06-26 05:30:00+00:00,58543.9,57224.4
2025-06-26 05:45:00+00:00,59411.2,58543.9
2025-06-26 06:00:00+00:00,59860.7,59411.2
2025-06-26 06:15:00+00:00,60834.4,59860.7
2025-06-26 06:30:00+00:00,60867.7,60834.4
2025-06-26 06:45:00+00:00,61759.0,60867.7
2025-06-26 07:00:00+00:00,61168.9,61759.0
2025-06-26 07:15:00+00:00,61465.8,61168.9
2025-06-26 07:30:00+00:00,61550.0,61465.8
2025-06-26 07:45:00+00:00,61853.6,61550.0
2025-06-26 08:00:00+00:00,61338.4,61853.6
2025-06-26 08:15:00+00:00,61715.1,61338.4
2025-06-26 08:30:00+00:00,61781.0,61715.1
2025-06-26 08:45:00+00:00,61983.2,61781.0
2025-06-26 09:00:00+00:00,62226.2,61983.2
2025-06-26 09:15:00+00:00,62360.7,62226.2
2025-06-26 09:30:00+00:00,62535.2,62360.7
2025-06-26 09:45:00+00:00,62754.0,62535.2
2025-06-26 10:00:00+00:00,61589.5,62754.0
2025-06-26 10:15:00+00:00,61739.0,61589.5
2025-06-26 10:30:00+00:00,61845.6,61739.0
2025-06-26 10:45:00+00:00,61984.7,61845.6
2025-06-26 11:00:00+00:00,61763.2,61984.7
2025-06-26 11:15:00+00:00,61068.5,61763.2
2025-06-26 11:30:00+00:00,60591.2,61068.5
2025-06-26 11:45:00+00:00,59936.3,60591.2
2025-06-26 12:00:00+00:00,59236.9,59936.3
2025-06-26 12:15:00+00:00,58888.7,59236.9
2025-06-26 12:30:00+00:00,59108.9,58888.7
2025-06-26 12:45:00+00:00,59316.6,59108.9
2025-06-26 13:00:00+00:00,59268.4,59316.6
2025-06-26 13:15:00+00:00,59075.3,59268.4
2025-06-26 13:30:00+00:00,58655.9,59075.3
2025-06-26 13:45:00+00:00,58340.8,58655.9
2025-06-26 14:00:00+00:00,59001.4,58340.8
2025-06-26 14:15:00+00:00,58897.5,59001.4
2025-06-26 14:30:00+00:00,59079.5,58897.5
2025-06-26 14:45:00+00:00,59033.3,59079.5
2025-06-26 15:00:00+00:00,58539.5,59033.3
2025-06-26 15:15:00+00:00,58607.9,58539.5
2025-06-26 15:30:00+00:00,58386.7,58607.9
2025-06-26 15:45:00+00:00,58729.3,58386.7
2025-06-26 16:00:00+00:00,60057.3,58729.3
2025-06-26 16:15:00+00:00,59832.0,60057.3
2025-06-26 16:30:00+00:00,59747.2,59832.0
2025-06-26 16:45:00+00:00,59696.5,59747.2
2025-06-26 17:00:00+00:00,59243.5,59696.5
2025-06-26 17:15:00+00:00,58616.9,59243.5
2025-06-26 17:30:00+00:00,58463.8,58616.9
2025-06-26 17:45:00+00:00,58055.2,58463.8
2025-06-26 18:00:00+00:00,58233.0,58055.2
2025-06-26 18:15:00+00:00,57292.4,58233.0
2025-06-26 18:30:00+00:00,56688.1,57292.4
2025-06-26 18:45:00+00:00,55907.7,56688.1
2025-06-26 19:00:00+00:00,55171.6,55907.7
2025-06-26 19:15:00+00:00,54569.2,55171.6
2025-06-26 19:30:00+00:00,53883.1,54569.2
2025-06-26 19:45:00+00:00,53585.3,53883.1
2025-06-26 20:00:00+00:00,52652.1,53585.3
2025-06-26 20:15:00+00:00,52467.3,52652.1
2025-06-26 20:30:00+00:00,52028.9,52467.3
2025-06-26 20:45:00+00:00,51432.5,52028.9
2025-06-26 21:00:00+00:00,50795.9,51432.5
2025-06-26 21:15:00+00:00,49445.5,50795.9
2025-06-26 21:30:00+00:00,48928.2,49445.5
2025-06-26 21:45:00+00:00,48523.6,48928.2
2025-06-26 22:00:00+00:00,47449.4,48523.6
2025-06-26 22:15:00+00:00,46823.1,47449.4
2025-06-26 22:30:00+00:00,46696.0,46823.1
2025-06-26 22:45:00+00:00,46566.9,46696.0
2025-06-26 23:00:00+00:00,45829.1,46566.9
2025-06-26 23:15:00+00:00,45449.3,45829.1
2025-06-26 23:30:00+00:00,45244.2,45449.3
2025-06-26 23:45:00+00:00,45271.2,45244.2
2025-06-27 00:00:00+00:00,45427.2,45271.2
2025-06-27 00:15:00+00:00,45305.7,45427.2
2025-06-27 00:30:00+00:00,45354.7,45305.7
2025-06-27 00:45:00+00:00,45195.8,45354.7
2025-06-27 01:00:00+00:00,45345.3,45195.8
2025-06-27 01:15:00+00:00,45378.8,45345.3
2025-06-27 01:30:00+00:00,45462.9,45378.8
2025-06-27 01:45:00+00:00,45231.3,45462.9
2025-06-27 02:00:00+00:00,45286.5,45231.3
2025-06-27 02:15:00+00:00,45565.7,45286.5
2025-06-27 02:30:00+00:00,45454.4,45565.7
2025-06-27 02:45:00+00:00,45898.4,45454.4
2025-06-27 03:00:00+00:00,46710.9,45898.4
2025-06-27 03:15:00+00:00,47091.5,46710.9
2025-06-27 03:30:00+00:00,48129.0,47091.5
2025-06-27 03:45:00+00:00,49464.6,48129.0
2025-06-27 04:00:00+00:00,51029.4,49464.6
2025-06-27 04:15:00+00:00,52916.6,51029.4
2025-06-27 04:30:00+00:00,54500.5,52916.6
2025-06-27 04:45:00+00:00,56045.9,54500.5
2025-06-27 05:00:00+00:00,57536.0,56045.9
2025-06-27 05:15:00+00:00,58278.0,57536.0
2025-06-27 05:30:00+00:00,59041.3,58278.0
2025-06-27 05:45:00+00:00,59301.7,59041.3
2025-06-27 06:00:00+00:00,59669.2,59301.7
2025-06-27 06:15:00+00:00,60697.3,59669.2
2025-06-27 06:30:00+00:00,60946.9,60697.3
2025-06-27 06:45:00+00:00,61397.3,60946.9
2025-06-27 07:00:00+00:00,60352.9,61397.3
2025-06-27 07:15:00+00:00,60571.7,60352.9
2025-06-27 07:30:00+00:00,60611.9,60571.7
2025-06-27 07:45:00+00:00,60651.7,60611.9
2025-06-27 08:00:00+00:00,61045.7,60651.7
2025-06-27 08:15:00+00:00,61258.6,61045.7
2025-06-27 08:30:00+00:00,61764.2,61258.6
2025-06-27 08:45:00+00:00,62042.6,61764.2
2025-06-27 09:00:00+00:00,63148.6,62042.6
2025-06-27 09:15:00+00:00,64051.8,63148.6
2025-06-27 09:30:00+00:00,64195.0,64051.8
2025-06-27 09:45:00+00:00,63670.3,64195.0
2025-06-27 10:00:00+00:00,61804.1,63670.3
2025-06-27 10:15:00+00:00,61984.3,61804.1
2025-06-27 10:30:00+00:00,61960.1,61984.3
2025-06-27 10:45:00+00:00,61849.5,61960.1
2025-06-27 11:00:00+00:00,60923.8,61849.5
2025-06-27 11:15:00+00:00,60574.4,60923.8
2025-06-27 11:30:00+00:00,60017.2,60574.4
2025-06-27 11:45:00+00:00,59364.0,60017.2
2025-06-27 12:00:00+00:00,58066.7,59364.0
2025-06-27 12:15:00+00:00,57630.0,58066.7
2025-06-27 12:30:00+00:00,57506.7,57630.0
2025-06-27 12:45:00+00:00,57602.6,57506.7
2025-06-27 13:00:00+00:00,58630.3,57602.6
2025-06-27 13:15:00+00:00,58440.2,58630.3
2025-06-27 13:30:00+00:00,57893.9,58440.2
2025-06-27 13:45:00+00:00,56762.4,57893.9
2025-06-27 14:00:00+00:00,57332.3,56762.4
2025-06-27 14:15:00+00:00,56756.4,57332.3
2025-06-27 14:30:00+00:00,56439.6,56756.4
2025-06-27 14:45:00+00:00,56096.9,56439.6
2025-06-27 15:00:00+00:00,56797.9,56096.9
2025-06-27 15:15:00+00:00,56082.5,56797.9
2025-06-27 15:30:00+00:00,55747.8,56082.5
2025-06-27 15:45:00+00:00,55770.4,55747.8
2025-06-27 16:00:00+00:00,56068.6,55770.4
2025-06-27 16:15:00+00:00,56154.5,56068.6
2025-06-27 16:30:00+00:00,56416.9,56154.5
2025-06-27 16:45:00+00:00,56310.7,56416.9
2025-06-27 17:00:00+00:00,56712.7,56310.7
2025-06-27 17:15:00+00:00,56108.3,56712.7
2025-06-27 17:30:00+00:00,55763.7,56108.3
2025-06-27 17:45:00+00:00,55296.0,55763.7
2025-06-27 18:00:00+00:00,55133.1,55296.0
2025-06-27 18:15:00+00:00,53964.5,55133.1
2025-06-27 18:30:00+00:00,53347.4,53964.5
2025-06-27 18:45:00+00:00,52900.6,53347.4
2025-06-27 19:00:00+00:00,52237.0,52900.6
2025-06-27 19:15:00+00:00,51612.9,52237.0
2025-06-27 19:30:00+00:00,51026.0,51612.9
2025-06-27 19:45:00+00:00,50656.9,51026.0
2025-06-27 20:00:00+00:00,50100.5,50656.9
2025-06-27 20:15:00+00:00,49646.7,50100.5
2025-06-27 20:30:00+00:00,49190.4,49646.7
2025-06-27 20:45:00+00:00,48534.0,49190.4
2025-06-27 21:00:00+00:00,47836.4,48534.0
2025-06-27 21:15:00+00:00,47070.5,47836.4
2025-06-27 21:30:00+00:00,46517.4,47070.5
2025-06-27 21:45:00+00:00,46112.2,46517.4
2025-06-27 22:00:00+00:00,45245.4,46112.2
2025-06-27 22:15:00+00:00,44746.8,45245.4
2025-06-27 22:30:00+00:00,43798.6,44746.8
2025-06-27 22:45:00+00:00,43134.8,43798.6
2025-06-27 23:00:00+00:00,42753.7,43134.8
2025-06-27 23:15:00+00:00,41867.5,42753.7
2025-06-27 23:30:00+00:00,41577.3,41867.5
2025-06-27 23:45:00+00:00,41172.7,41577.3
2025-06-28 00:00:00+00:00,41156.4,41172.7
2025-06-28 00:15:00+00:00,40371.8,41156.4
2025-06-28 00:30:00+00:00,40324.8,40371.8
2025-06-28 00:45:00+00:00,40430.8,40324.8
2025-06-28 01:00:00+00:00,40115.6,40430.8
2025-06-28 01:15:00+00:00,39614.0,40115.6
2025-06-28 01:30:00+00:00,39469.0,39614.0
2025-06-28 01:45:00+00:00,39433.3,39469.0
2025-06-28 02:00:00+00:00,39492.4,39433.3
2025-06-28 02:15:00+00:00,39170.2,39492.4
2025-06-28 02:30:00+00:00,39011.3,39170.2
2025-06-28 02:45:00+00:00,38774.5,39011.3
2025-06-28 03:00:00+00:00,38705.6,38774.5
2025-06-28 03:15:00+00:00,38518.9,38705.6
2025-06-28 03:30:00+00:00,38873.7,38518.9
2025-06-28 03:45:00+00:00,39206.7,38873.7
2025-06-28 04:00:00+00:00,40293.1,39206.7
2025-06-28 04:15:00+00:00,40574.4,40293.1
2025-06-28 04:30:00+00:00,41247.3,40574.4
2025-06-28 04:45:00+00:00,41790.7,41247.3
2025-06-28 05:00:00+00:00,42750.2,41790.7
2025-06-28 05:15:00+00:00,43848.7,42750.2
2025-06-28 05:30:00+00:00,44791.9,43848.7
2025-06-28 05:45:00+00:00,45603.8,44791.9
2025-06-28 06:00:00+00:00,46581.2,45603.8
2025-06-28 06:15:00+00:00,47418.2,46581.2
2025-06-28 06:30:00+00:00,47805.7,47418.2
2025-06-28 06:45:00+00:00,48422.0,47805.7
2025-06-28 07:00:00+00:00,49048.7,48422.0
2025-06-28 07:15:00+00:00,49250.9,49048.7
2025-06-28 07:30:00+00:00,50089.1,49250.9
2025-06-28 07:45:00+00:00,50592.2,50089.1
2025-06-28 08:00:00+00:00,50806.1,50592.2
2025-06-28 08:15:00+00:00,50998.8,50806.1
2025-06-28 08:30:00+00:00,50958.9,50998.8
2025-06-28 08:45:00+00:00,51078.4,50958.9
2025-06-28 09:00:00+00:00,49824.0,51078.4
2025-06-28 09:15:00+00:00,49648.1,49824.0
2025-06-28 09:30:00+00:00,49750.2,49648.1
2025-06-28 09:45:00+00:00,49729.0,49750.2
2025-06-28 10:00:00+00:00,49085.0,49729.0
2025-06-28 10:15:00+00:00,48383.6,49085.0
2025-06-28 10:30:00+00:00,48506.5,48383.6
2025-06-28 10:45:00+00:00,48393.2,48506.5
2025-06-28 11:00:00+00:00,47995.7,48393.2
2025-06-28 11:15:00+00:00,47504.4,47995.7
2025-06-28 11:30:00+00:00,47372.1,47504.4
2025-06-28 11:45:00+00:00,46786.6,47372.1
2025-06-28 12:00:00+00:00,47356.8,46786.6
2025-06-28 12:15:00+00:00,46687.2,47356.8
2025-06-28 12:30:00+00:00,46565.9,46687.2
2025-06-28 12:45:00+00:00,46433.2,46565.9
2025-06-28 13:00:00+00:00,46473.1,46433.2
2025-06-28 13:15:00+00:00,46411.1,46473.1
2025-06-28 13:30:00+00:00,46376.4,46411.1
2025-06-28 13:45:00+00:00,46152.3,46376.4
2025-06-28 14:00:00+00:00,46483.7,46152.3
2025-06-28 14:15:00+00:00,46295.5,46483.7
2025-06-28 14:30:00+00:00,46089.1,46295.5
2025-06-28 14:45:00+00:00,46323.5,46089.1
2025-06-28 15:00:00+00:00,48209.2,46323.5
2025-06-28 15:15:00+00:00,47707.6,48209.2
2025-06-28 15:30:00+00:00,47948.9,47707.6
2025-06-28 15:45:00+00:00,48340.1,47948.9
2025-06-28 16:00:00+00:00,48592.8,48340.1
2025-06-28 16:15:00+00:00,48692.6,48592.8
2025-06-28 16:30:00+00:00,49481.5,48692.6
2025-06-28 16:45:00+00:00,49797.7,49481.5
2025-06-28 17:00:00+00:00,49685.3,49797.7
2025-06-28 17:15:00+00:00,49208.0,49685.3
2025-06-28 17:30:00+00:00,49093.8,49208.0
2025-06-28 17:45:00+00:00,49065.7,49093.8
2025-06-28 18:00:00+00:00,49042.9,49065.7
2025-06-28 18:15:00+00:00,48181.3,49042.9
2025-06-28 18:30:00+00:00,47875.3,48181.3
2025-06-28 18:45:00+00:00,47324.8,47875.3
2025-06-28 19:00:00+00:00,47073.3,47324.8
2025-06-28 19:15:00+00:00,46341.6,47073.3
2025-06-28 19:30:00+00:00,46039.4,46341.6
2025-06-28 19:45:00+00:00,46655.9,46039.4
2025-06-28 20:00:00+00:00,46217.9,46655.9
2025-06-28 20:15:00+00:00,46084.3,46217.9
2025-06-28 20:30:00+00:00,45289.3,46084.3
2025-06-28 20:45:00+00:00,45294.5,45289.3
2025-06-28 21:00:00+00:00,44312.8,45294.5
2025-06-28 21:15:00+00:00,43719.6,44312.8
2025-06-28 21:30:00+00:00,43276.9,43719.6
2025-06-28 21:45:00+00:00,42827.8,43276.9
2025-06-28 22:00:00+00:00,42619.7,42827.8
2025-06-28 22:15:00+00:00,41896.4,42619.7
2025-06-28 22:30:00+00:00,41494.3,41896.4
2025-06-28 22:45:00+00:00,40854.6,41494.3
2025-06-28 23:00:00+00:00,40473.7,40854.6
2025-06-28 23:15:00+00:00,39850.7,40473.7
2025-06-28 23:30:00+00:00,39333.3,39850.7
2025-06-28 23:45:00+00:00,39136.0,39333.3
2025-06-29 00:00:00+00:00,38427.3,39136.0
2025-06-29 00:15:00+00:00,38314.3,38427.3
2025-06-29 00:30:00+00:00,38107.2,38314.3
2025-06-29 00:45:00+00:00,37839.0,38107.2
2025-06-29 01:00:00+00:00,37734.2,37839.0
2025-06-29 01:15:00+00:00,37642.3,37734.2
2025-06-29 01:30:00+00:00,37375.1,37642.3
2025-06-29 01:45:00+00:00,37244.1,37375.1
2025-06-29 02:00:00+00:00,37213.8,37244.1
2025-06-29 02:15:00+00:00,36969.9,37213.8
2025-06-29 02:30:00+00:00,36967.1,36969.9
2025-06-29 02:45:00+00:00,36985.0,36967.1
2025-06-29 03:00:00+00:00,36755.7,36985.0
2025-06-29 03:15:00+00:00,36500.2,36755.7
2025-06-29 03:30:00+00:00,36539.0,36500.2
2025-06-29 03:45:00+00:00,36905.2,36539.0
2025-06-29 04:00:00+00:00,37496.4,36905.2
2025-06-29 04:15:00+00:00,37852.7,37496.4
2025-06-29 04:30:00+00:00,38087.5,37852.7
2025-06-29 04:45:00+00:00,38327.3,38087.5
2025-06-29 05:00:00+00:00,38800.5,38327.3
2025-06-29 05:15:00+00:00,39687.0,38800.5
2025-06-29 05:30:00+00:00,40346.3,39687.0
2025-06-29 05:45:00+00:00,41307.2,40346.3
2025-06-29 06:00:00+00:00,42066.7,41307.2
2025-06-29 06:15:00+00:00,42964.9,42066.7
2025-06-29 06:30:00+00:00,43764.6,42964.9
2025-06-29 06:45:00+00:00,43788.5,43764.6
2025-06-29 07:00:00+00:00,42897.5,43788.5
2025-06-29 07:15:00+00:00,43337.0,42897.5
2025-06-29 07:30:00+00:00,44218.7,43337.0
2025-06-29 07:45:00+00:00,44554.7,44218.7
2025-06-29 08:00:00+00:00,45274.5,44554.7
2025-06-29 08:15:00+00:00,45031.4,45274.5
2025-06-29 08:30:00+00:00,45538.5,45031.4
2025-06-29 08:45:00+00:00,45767.5,45538.5
2025-06-29 09:00:00+00:00,44581.1,45767.5
2025-06-29 09:15:00+00:00,44493.1,44581.1
2025-06-29 09:30:00+00:00,44690.2,44493.1
2025-06-29 09:45:00+00:00,44906.4,44690.2
2025-06-29 10:00:00+00:00,44989.6,44906.4
2025-06-29 10:15:00+00:00,44852.4,44989.6
2025-06-29 10:30:00+00:00,44725.1,44852.4
2025-06-29 10:45:00+00:00,44786.2,44725.1
2025-06-29 11:00:00+00:00,44789.9,44786.2
2025-06-29 11:15:00+00:00,44443.0,44789.9
2025-06-29 11:30:00+00:00,44167.5,44443.0
2025-06-29 11:45:00+00:00,43644.7,44167.5
2025-06-29 12:00:00+00:00,43734.9,43644.7
2025-06-29 12:15:00+00:00,42976.8,43734.9
2025-06-29 12:30:00+00:00,42887.2,42976.8
2025-06-29 12:45:00+00:00,42810.6,42887.2
2025-06-29 13:00:00+00:00,43683.6,42810.6
2025-06-29 13:15:00+00:00,43327.4,43683.6
2025-06-29 13:30:00+00:00,43658.8,43327.4
2025-06-29 13:45:00+00:00,43565.1,43658.8
2025-06-29 14:00:00+00:00,43366.3,43565.1
2025-06-29 14:15:00+00:00,43665.6,43366.3
2025-06-29 14:30:00+00:00,43804.7,43665.6
2025-06-29 14:45:00+00:00,44247.2,43804.7
2025-06-29 15:00:00+00:00,46590.5,44247.2
2025-06-29 15:15:00+00:00,46893.1,46590.5
2025-06-29 15:30:00+00:00,47112.1,46893.1
2025-06-29 15:45:00+00:00,47807.5,47112.1
2025-06-29 16:00:00+00:00,48710.0,47807.5
2025-06-29 16:15:00+00:00,48607.0,48710.0
2025-06-29 16:30:00+00:00,48975.5,48607.0
2025-06-29 16:45:00+00:00,49174.0,48975.5
2025-06-29 17:00:00+00:00,49700.8,49174.0
2025-06-29 17:15:00+00:00,49331.8,49700.8
2025-06-29 17:30:00+00:00,48894.9,49331.8
2025-06-29 17:45:00+00:00,48629.1,48894.9
2025-06-29 18:00:00+00:00,49300.4,48629.1
2025-06-29 18:15:00+00:00,49133.5,49300.4
2025-06-29 18:30:00+00:00,49037.6,49133.5
2025-06-29 18:45:00+00:00,48463.6,49037.6
2025-06-29 19:00:00+00:00,48269.4,48463.6
2025-06-29 19:15:00+00:00,47821.3,48269.4
2025-06-29 19:30:00+00:00,47608.5,47821.3
2025-06-29 19:45:00+00:00,47930.6,47608.5
2025-06-29 20:00:00+00:00,48201.7,47930.6
2025-06-29 20:15:00+00:00,48058.8,48201.7
2025-06-29 20:30:00+00:00,47964.5,48058.8
2025-06-29 20:45:00+00:00,47001.7,47964.5
2025-06-29 21:00:00+00:00,46515.2,47001.7
2025-06-29 21:15:00+00:00,45572.5,46515.2
2025-06-29 21:30:00+00:00,44599.9,45572.5
2025-06-29 21:45:00+00:00,44451.4,44599.9
2025-06-29 22:00:00+00:00,43590.0,44451.4
2025-06-29 22:15:00+00:00,42982.6,43590.0
2025-06-29 22:30:00+00:00,42447.9,42982.6
2025-06-29 22:45:00+00:00,42242.7,42447.9
2025-06-29 23:00:00+00:00,41707.8,42242.7
2025-06-29 23:15:00+00:00,41398.6,41707.8
2025-06-29 23:30:00+00:00,40874.7,41398.6
2025-06-29 23:45:00+00:00,40707.7,40874.7
2025-06-30 00:00:00+00:00,40774.2,40707.7
2025-06-30 00:15:00+00:00,40458.6,40774.2
2025-06-30 00:30:00+00:00,40222.8,40458.6
2025-06-30 00:45:00+00:00,40225.2,40222.8
2025-06-30 01:00:00+00:00,39885.2,40225.2
2025-06-30 01:15:00+00:00,39762.7,39885.2
2025-06-30 01:30:00+00:00,39841.7,39762.7
2025-06-30 01:45:00+00:00,39914.5,39841.7
2025-06-30 02:00:00+00:00,40309.1,39914.5
2025-06-30 02:15:00+00:00,40331.7,40309.1
2025-06-30 02:30:00+00:00,40646.1,40331.7
2025-06-30 02:45:00+00:00,41153.2,40646.1
2025-06-30 03:00:00+00:00,42288.4,41153.2
2025-06-30 03:15:00+00:00,42838.4,42288.4
2025-06-30 03:30:00+00:00,43926.6,42838.4
2025-06-30 03:45:00+00:00,45436.3,43926.6
2025-06-30 04:00:00+00:00,48578.5,45436.3
2025-06-30 04:15:00+00:00,50284.9,48578.5
2025-06-30 04:30:00+00:00,51928.9,50284.9
2025-06-30 04:45:00+00:00,53037.4,51928.9
2025-06-30 05:00:00+00:00,54436.1,53037.4
2025-06-30 05:15:00+00:00,55761.9,54436.1
2025-06-30 05:30:00+00:00,57041.9,55761.9
2025-06-30 05:45:00+00:00,57940.5,57041.9
2025-06-30 06:00:00+00:00,59138.0,57940.5
2025-06-30 06:15:00+00:00,59707.9,59138.0
2025-06-30 06:30:00+00:00,60162.4,59707.9
2025-06-30 06:45:00+00:00,60512.0,60162.4
2025-06-30 07:00:00+00:00,59519.6,60512.0
2025-06-30 07:15:00+00:00,59949.0,59519.6
2025-06-30 07:30:00+00:00,59961.6,59949.0
2025-06-30 07:45:00+00:00,59825.6,59961.6
2025-06-30 08:00:00+00:00,59038.7,59825.6
2025-06-30 08:15:00+00:00,58981.8,59038.7
2025-06-30 08:30:00+00:00,58626.5,58981.8
2025-06-30 08:45:00+00:00,58998.6,58626.5
2025-06-30 09:00:00+00:00,58139.7,58998.6
2025-06-30 09:15:00+00:00,58772.8,58139.7
2025-06-30 09:30:00+00:00,58447.4,58772.8
2025-06-30 09:45:00+00:00,58011.0,58447.4
2025-06-30 10:00:00+00:00,57816.0,58011.0
2025-06-30 10:15:00+00:00,57667.8,57816.0
2025-06-30 10:30:00+00:00,57565.1,57667.8
2025-06-30 10:45:00+00:00,57320.7,57565.1
2025-06-30 11:00:00+00:00,57448.2,57320.7
2025-06-30 11:15:00+00:00,57292.4,57448.2
2025-06-30 11:30:00+00:00,57034.3,57292.4
2025-06-30 11:45:00+00:00,56566.6,57034.3
2025-06-30 12:00:00+00:00,56844.4,56566.6
2025-06-30 12:15:00+00:00,56349.0,56844.4
2025-06-30 12:30:00+00:00,55848.0,56349.0
2025-06-30 12:45:00+00:00,55299.6,55848.0
2025-06-30 13:00:00+00:00,56519.6,55299.6
2025-06-30 13:15:00+00:00,56452.0,56519.6
2025-06-30 13:30:00+00:00,56457.0,56452.0
2025-06-30 13:45:00+00:00,56138.9,56457.0
2025-06-30 14:00:00+00:00,56016.3,56138.9
2025-06-30 14:15:00+00:00,54967.8,56016.3
2025-06-30 14:30:00+00:00,55072.6,54967.8
2025-06-30 14:45:00+00:00,55136.6,55072.6
2025-06-30 15:00:00+00:00,56082.5,55136.6
2025-06-30 15:15:00+00:00,56024.3,56082.5
2025-06-30 15:30:00+00:00,56358.2,56024.3
2025-06-30 15:45:00+00:00,56326.8,56358.2
2025-06-30 16:00:00+00:00,56766.8,56326.8
2025-06-30 16:15:00+00:00,56983.2,56766.8
2025-06-30 16:30:00+00:00,57091.5,56983.2
2025-06-30 16:45:00+00:00,57271.2,57091.5
2025-06-30 17:00:00+00:00,57344.6,57271.2
2025-06-30 17:15:00+00:00,56928.9,57344.6
2025-06-30 17:30:00+00:00,56878.6,56928.9
2025-06-30 17:45:00+00:00,56621.3,56878.6
2025-06-30 18:00:00+00:00,56871.0,56621.3
2025-06-30 18:15:00+00:00,56110.3,56871.0
2025-06-30 18:30:00+00:00,56131.0,56110.3
2025-06-30 18:45:00+00:00,55490.8,56131.0
2025-06-30 19:00:00+00:00,54863.9,55490.8
2025-06-30 19:15:00+00:00,54261.4,54863.9
2025-06-30 19:30:00+00:00,53753.9,54261.4
2025-06-30 19:45:00+00:00,53060.3,53753.9
2025-06-30 20:00:00+00:00,52832.8,53060.3
2025-06-30 20:15:00+00:00,52192.0,52832.8
2025-06-30 20:30:00+00:00,51383.6,52192.0
2025-06-30 20:45:00+00:00,50455.4,51383.6
2025-06-30 21:00:00+00:00,49056.4,50455.4
2025-06-30 21:15:00+00:00,48381.8,49056.4
2025-06-30 21:30:00+00:00,47303.1,48381.8
2025-06-30 21:45:00+00:00,46784.9,47303.1
2025-06-30 22:00:00+00:00,46355.0,46784.9
2025-06-30 22:15:00+00:00,45676.4,46355.0
2025-06-30 22:30:00+00:00,45188.3,45676.4
2025-06-30 22:45:00+00:00,44896.8,45188.3
2025-06-30 23:00:00+00:00,44814.2,44896.8
2025-06-30 23:15:00+00:00,44560.3,44814.2
2025-06-30 23:30:00+00:00,44149.8,44560.3
2025-06-30 23:45:00+00:00,43685.2,44149.8
2025-07-01 00:00:00+00:00,43077.5,43685.2
2025-07-01 00:15:00+00:00,43078.4,43077.5
2025-07-01 00:30:00+00:00,43152.4,43078.4
2025-07-01 00:45:00+00:00,43108.2,43152.4
2025-07-01 01:00:00+00:00,43420.7,43108.2
2025-07-01 01:15:00+00:00,43435.5,43420.7
2025-07-01 01:30:00+00:00,43446.6,43435.5
2025-07-01 01:45:00+00:00,43784.4,43446.6
2025-07-01 02:00:00+00:00,44201.0,43784.4
2025-07-01 02:15:00+00:00,44411.7,44201.0
2025-07-01 02:30:00+00:00,44644.6,44411.7
2025-07-01 02:45:00+00:00,45015.9,44644.6
2025-07-01 03:00:00+00:00,45907.0,45015.9
2025-07-01 03:15:00+00:00,46417.0,45907.0
2025-07-01 03:30:00+00:00,46950.5,46417.0
2025-07-01 03:45:00+00:00,48257.6,46950.5
2025-07-01 04:00:00+00:00,51085.2,48257.6
2025-07-01 04:15:00+00:00,52776.1,51085.2
2025-07-01 04:30:00+00:00,54189.1,52776.1
2025-07-01 04:45:00+00:00,55177.6,54189.1
2025-07-01 05:00:00+00:00,56602.4,55177.6
2025-07-01 05:15:00+00:00,57752.7,56602.4
2025-07-01 05:30:00+00:00,58644.9,57752.7
2025-07-01 05:45:00+00:00,59222.6,58644.9
2025-07-01 06:00:00+00:00,60095.3,59222.6
2025-07-01 06:15:00+00:00,60774.6,60095.3
2025-07-01 06:30:00+00:00,61000.0,60774.6
2025-07-01 06:45:00+00:00,61069.0,61000.0
2025-07-01 07:00:00+00:00,60939.8,61069.0
2025-07-01 07:15:00+00:00,61252.1,60939.8
2025-07-01 07:30:00+00:00,61140.1,61252.1
2025-07-01 07:45:00+00:00,60049.7,61140.1
2025-07-01 08:00:00+00:00,59559.1,60049.7
2025-07-01 08:15:00+00:00,59134.7,59559.1
2025-07-01 08:30:00+00:00,59709.7,59134.7
2025-07-01 08:45:00+00:00,60382.1,59709.7
2025-07-01 09:00:00+00:00,60156.3,60382.1
2025-07-01 09:15:00+00:00,60399.9,60156.3
2025-07-01 09:30:00+00:00,60137.2,60399.9
2025-07-01 09:45:00+00:00,59980.3,60137.2
2025-07-01 10:00:00+00:00,59527.3,59980.3
2025-07-01 10:15:00+00:00,59459.9,59527.3
2025-07-01 10:30:00+00:00,59321.0,59459.9
2025-07-01 10:45:00+00:00,59311.1,59321.0
2025-07-01 11:00:00+00:00,59255.6,59311.1
2025-07-01 11:15:00+00:00,58954.7,59255.6
2025-07-01 11:30:00+00:00,58491.9,58954.7
2025-07-01 11:45:00+00:00,58171.7,58491.9
2025-07-01 12:00:00+00:00,58561.8,58171.7
2025-07-01 12:15:00+00:00,58442.9,58561.8
2025-07-01 12:30:00+00:00,58231.8,58442.9
2025-07-01 12:45:00+00:00,58050.2,58231.8
2025-07-01 13:00:00+00:00,58041.3,58050.2
2025-07-01 13:15:00+00:00,57780.5,58041.3
2025-07-01 13:30:00+00:00,57930.5,57780.5
2025-07-01 13:45:00+00:00,57347.1,57930.5
2025-07-01 14:00:00+00:00,58144.4,57347.1
2025-07-01 14:15:00+00:00,58283.8,58144.4
2025-07-01 14:30:00+00:00,58996.4,58283.8
2025-07-01 14:45:00+00:00,58856.6,58996.4
2025-07-01 15:00:00+00:00,59403.3,58856.6
2025-07-01 15:15:00+00:00,59210.1,59403.3
2025-07-01 15:30:00+00:00,59387.3,59210.1
2025-07-01 15:45:00+00:00,59031.1,59387.3
2025-07-01 16:00:00+00:00,58968.9,59031.1
2025-07-01 16:15:00+00:00,58690.8,58968.9
2025-07-01 16:30:00+00:00,58807.1,58690.8
2025-07-01 16:45:00+00:00,58948.8,58807.1
2025-07-01 17:00:00+00:00,58935.6,58948.8
2025-07-01 17:15:00+00:00,58547.6,58935.6
2025-07-01 17:30:00+00:00,58646.7,58547.6
2025-07-01 17:45:00+00:00,58513.8,58646.7
2025-07-01 18:00:00+00:00,58478.7,58513.8
2025-07-01 18:15:00+00:00,57790.2,58478.7
2025-07-01 18:30:00+00:00,57036.4,57790.2
2025-07-01 18:45:00+00:00,56911.3,57036.4
2025-07-01 19:00:00+00:00,56067.5,56911.3
2025-07-01 19:15:00+00:00,55441.6,56067.5
2025-07-01 19:30:00+00:00,54862.8,55441.6
2025-07-01 19:45:00+00:00,54605.5,54862.8
2025-07-01 20:00:00+00:00,54713.0,54605.5
2025-07-01 20:15:00+00:00,54259.1,54713.0
2025-07-01 20:30:00+00:00,53429.5,54259.1
2025-07-01 20:45:00+00:00,52424.6,53429.5
2025-07-01 21:00:00+00:00,50977.0,52424.6
2025-07-01 21:15:00+00:00,50209.3,50977.0
2025-07-01 21:30:00+00:00,49950.2,50209.3
2025-07-01 21:45:00+00:00,49740.2,49950.2
2025-07-01 22:00:00+00:00,48025.0,49740.2
2025-07-01 22:15:00+00:00,47612.1,48025.0
2025-07-01 22:30:00+00:00,47119.2,47612.1
2025-07-01 22:45:00+00:00,46604.2,47119.2
2025-07-01 23:00:00+00:00,45993.4,46604.2
2025-07-01 23:15:00+00:00,46118.1,45993.4
2025-07-01 23:30:00+00:00,45815.6,46118.1
2025-07-01 23:45:00+00:00,45460.4,45815.6
2025-07-02 00:00:00+00:00,45137.2,45460.4
2025-07-02 00:15:00+00:00,44976.7,45137.2
2025-07-02 00:30:00+00:00,44872.1,44976.7
2025-07-02 00:45:00+00:00,45134.8,44872.1
2025-07-02 01:00:00+00:00,44841.2,45134.8
2025-07-02 01:15:00+00:00,44718.3,44841.2
2025-07-02 01:30:00+00:00,44803.6,44718.3
2025-07-02 01:45:00+00:00,44778.5,44803.6
2025-07-02 02:00:00+00:00,44817.0,44778.5
2025-07-02 02:15:00+00:00,44778.8,44817.0
2025-07-02 02:30:00+00:00,45226.9,44778.8
2025-07-02 02:45:00+00:00,45544.8,45226.9
2025-07-02 03:00:00+00:00,46655.8,45544.8
2025-07-02 03:15:00+00:00,47113.4,46655.8
2025-07-02 03:30:00+00:00,48410.3,47113.4
2025-07-02 03:45:00+00:00,49830.7,48410.3
2025-07-02 04:00:00+00:00,52518.0,49830.7
2025-07-02 04:15:00+00:00,54048.9,52518.0
2025-07-02 04:30:00+00:00,55685.7,54048.9
2025-07-02 04:45:00+00:00,56927.5,55685.7
2025-07-02 05:00:00+00:00,58121.8,56927.5
2025-07-02 05:15:00+00:00,59428.6,58121.8
2025-07-02 05:30:00+00:00,60576.5,59428.6
2025-07-02 05:45:00+00:00,61222.0,60576.5
2025-07-02 06:00:00+00:00,61311.1,61222.0
2025-07-02 06:15:00+00:00,62158.6,61311.1
2025-07-02 06:30:00+00:00,62252.1,62158.6
2025-07-02 06:45:00+00:00,62206.9,62252.1
2025-07-02 07:00:00+00:00,60910.0,62206.9
2025-07-02 07:15:00+00:00,61307.9,60910.0
2025-07-02 07:30:00+00:00,61236.2,61307.9
2025-07-02 07:45:00+00:00,61559.3,61236.2
2025-07-02 08:00:00+00:00,61568.4,61559.3
2025-07-02 08:15:00+00:00,61806.9,61568.4
2025-07-02 08:30:00+00:00,62124.7,61806.9
2025-07-02 08:45:00+00:00,61345.6,62124.7
2025-07-02 09:00:00+00:00,60607.5,61345.6
2025-07-02 09:15:00+00:00,60777.9,60607.5
2025-07-02 09:30:00+00:00,60791.8,60777.9
2025-07-02 09:45:00+00:00,60377.4,60791.8
2025-07-02 10:00:00+00:00,60030.0,60377.4
2025-07-02 10:15:00+00:00,59977.5,60030.0
2025-07-02 10:30:00+00:00,60024.2,59977.5
2025-07-02 10:45:00+00:00,59829.6,60024.2
2025-07-02 11:00:00+00:00,60271.1,59829.6
2025-07-02 11:15:00+00:00,60269.9,60271.1
2025-07-02 11:30:00+00:00,59660.1,60269.9
2025-07-02 11:45:00+00:00,59010.4,59660.1
2025-07-02 12:00:00+00:00,58603.3,59010.4
2025-07-02 12:15:00+00:00,58693.8,58603.3
2025-07-02 12:30:00+00:00,58313.8,58693.8
2025-07-02 12:45:00+00:00,58131.0,58313.8
2025-07-02 13:00:00+00:00,58813.0,58131.0
2025-07-02 13:15:00+00:00,58502.2,58813.0
2025-07-02 13:30:00+00:00,58840.3,58502.2
2025-07-02 13:45:00+00:00,58735.2,58840.3
2025-07-02 14:00:00+00:00,59383.5,58735.2
2025-07-02 14:15:00+00:00,59254.2,59383.5
2025-07-02 14:30:00+00:00,58524.5,59254.2
2025-07-02 14:45:00+00:00,59218.3,58524.5
2025-07-02 15:00:00+00:00,60000.2,59218.3
2025-07-02 15:15:00+00:00,60306.4,60000.2
2025-07-02 15:30:00+00:00,59974.1,60306.4
2025-07-02 15:45:00+00:00,59987.1,59974.1
2025-07-02 16:00:00+00:00,59731.4,59987.1
2025-07-02 16:15:00+00:00,59716.0,59731.4
2025-07-02 16:30:00+00:00,59237.4,59716.0
2025-07-02 16:45:00+00:00,58731.8,59237.4
2025-07-02 17:00:00+00:00,58959.1,58731.8
2025-07-02 17:15:00+00:00,58885.7,58959.1
2025-07-02 17:30:00+00:00,58943.2,58885.7
2025-07-02 17:45:00+00:00,58518.1,58943.2
2025-07-02 18:00:00+00:00,58941.0,58518.1
2025-07-02 18:15:00+00:00,58783.9,58941.0
2025-07-02 18:30:00+00:00,59148.2,58783.9
2025-07-02 18:45:00+00:00,58922.1,59148.2
2025-07-02 19:00:00+00:00,58700.3,58922.1
2025-07-02 19:15:00+00:00,58055.6,58700.3
2025-07-02 19:30:00+00:00,57270.7,58055.6
2025-07-02 19:45:00+00:00,57640.9,57270.7
2025-07-02 20:00:00+00:00,56517.5,57640.9
2025-07-02 20:15:00+00:00,55962.8,56517.5
2025-07-02 20:30:00+00:00,54797.4,55962.8
2025-07-02 20:45:00+00:00,53868.4,54797.4
2025-07-02 21:00:00+00:00,53099.7,53868.4
2025-07-02 21:15:00+00:00,52535.3,53099.7
2025-07-02 21:30:00+00:00,51583.8,52535.3
2025-07-02 21:45:00+00:00,50929.2,51583.8
2025-07-02 22:00:00+00:00,50254.8,50929.2
2025-07-02 22:15:00+00:00,49384.1,50254.8
2025-07-02 22:30:00+00:00,48382.6,49384.1
2025-07-02 22:45:00+00:00,47726.3,48382.6
2025-07-02 23:00:00+00:00,47400.4,47726.3
2025-07-02 23:15:00+00:00,47294.9,47400.4
2025-07-02 23:30:00+00:00,46907.1,47294.9
2025-07-02 23:45:00+00:00,46787.2,46907.1
2025-07-03 00:00:00+00:00,45570.5,46787.2
2025-07-03 00:15:00+00:00,44923.7,45570.5
2025-07-03 00:30:00+00:00,44896.3,44923.7
2025-07-03 00:45:00+00:00,44544.1,44896.3
2025-07-03 01:00:00+00:00,44122.1,44544.1
2025-07-03 01:15:00+00:00,43910.5,44122.1
2025-07-03 01:30:00+00:00,43832.3,43910.5
2025-07-03 01:45:00+00:00,43611.6,43832.3
2025-07-03 02:00:00+00:00,44120.5,43611.6
2025-07-03 02:15:00+00:00,44730.1,44120.5
2025-07-03 02:30:00+00:00,45074.9,44730.1
2025-07-03 02:45:00+00:00,45677.3,45074.9
2025-07-03 03:00:00+00:00,47220.6,45677.3
2025-07-03 03:15:00+00:00,47883.8,47220.6
2025-07-03 03:30:00+00:00,49390.2,47883.8
2025-07-03 03:45:00+00:00,50786.6,49390.2
2025-07-03 04:00:00+00:00,54210.3,50786.6
2025-07-03 04:15:00+00:00,55899.1,54210.3
2025-07-03 04:30:00+00:00,56810.1,55899.1
2025-07-03 04:45:00+00:00,57363.8,56810.1
2025-07-03 05:00:00+00:00,58273.3,57363.8
2025-07-03 05:15:00+00:00,59545.0,58273.3
2025-07-03 05:30:00+00:00,60329.1,59545.0
2025-07-03 05:45:00+00:00,61136.9,60329.1
2025-07-03 06:00:00+00:00,61781.9,61136.9
2025-07-03 06:15:00+00:00,62678.9,61781.9
2025-07-03 06:30:00+00:00,62821.4,62678.9
2025-07-03 06:45:00+00:00,63755.4,62821.4
2025-07-03 07:00:00+00:00,62903.7,63755.4
2025-07-03 07:15:00+00:00,63409.9,62903.7
2025-07-03 07:30:00+00:00,63960.7,63409.9
2025-07-03 07:45:00+00:00,64106.5,63960.7
2025-07-03 08:00:00+00:00,63882.8,64106.5
2025-07-03 08:15:00+00:00,64055.6,63882.8
2025-07-03 08:30:00+00:00,64030.2,64055.6
2025-07-03 08:45:00+00:00,63953.8,64030.2
2025-07-03 09:00:00+00:00,64125.6,63953.8
2025-07-03 09:15:00+00:00,63755.2,64125.6
2025-07-03 09:30:00+00:00,64000.5,63755.2
2025-07-03 09:45:00+00:00,64224.2,64000.5
2025-07-03 10:00:00+00:00,62201.9,64224.2
2025-07-03 10:15:00+00:00,61808.0,62201.9
2025-07-03 10:30:00+00:00,61919.5,61808.0
2025-07-03 10:45:00+00:00,61863.0,61919.5
2025-07-03 11:00:00+00:00,61320.0,61863.0
2025-07-03 11:15:00+00:00,61102.7,61320.0
2025-07-03 11:30:00+00:00,60504.2,61102.7
2025-07-03 11:45:00+00:00,60362.9,60504.2
2025-07-03 12:00:00+00:00,59990.0,60362.9
2025-07-03 12:15:00+00:00,59605.0,59990.0
2025-07-03 12:30:00+00:00,59837.0,59605.0
2025-07-03 12:45:00+00:00,59232.4,59837.0
2025-07-03 13:00:00+00:00,58854.5,59232.4
2025-07-03 13:15:00+00:00,58295.4,58854.5
2025-07-03 13:30:00+00:00,57759.3,58295.4
2025-07-03 13:45:00+00:00,57645.8,57759.3
2025-07-03 14:00:00+00:00,57364.3,57645.8
2025-07-03 14:15:00+00:00,56928.7,57364.3
2025-07-03 14:30:00+00:00,56865.7,56928.7
2025-07-03 14:45:00+00:00,56610.9,56865.7
2025-07-03 15:00:00+00:00,57610.9,56610.9
2025-07-03 15:15:00+00:00,58281.2,57610.9
2025-07-03 15:30:00+00:00,58651.9,58281.2
2025-07-03 15:45:00+00:00,58877.3,58651.9
2025-07-03 16:00:00+00:00,59851.7,58877.3
2025-07-03 16:15:00+00:00,59666.4,59851.7
2025-07-03 16:30:00+00:00,59749.4,59666.4
2025-07-03 16:45:00+00:00,59801.7,59749.4
2025-07-03 17:00:00+00:00,60094.2,59801.7
2025-07-03 17:15:00+00:00,59543.5,60094.2
2025-07-03 17:30:00+00:00,59380.5,59543.5
2025-07-03 17:45:00+00:00,58835.4,59380.5
2025-07-03 18:00:00+00:00,58642.9,58835.4
2025-07-03 18:15:00+00:00,57701.1,58642.9
2025-07-03 18:30:00+00:00,57395.7,57701.1
2025-07-03 18:45:00+00:00,56321.9,57395.7
2025-07-03 19:00:00+00:00,55674.9,56321.9
2025-07-03 19:15:00+00:00,55062.1,55674.9
2025-07-03 19:30:00+00:00,54367.0,55062.1
2025-07-03 19:45:00+00:00,54114.9,54367.0
2025-07-03 20:00:00+00:00,53270.0,54114.9
2025-07-03 20:15:00+00:00,52682.4,53270.0
2025-07-03 20:30:00+00:00,51857.1,52682.4
2025-07-03 20:45:00+00:00,51005.6,51857.1
2025-07-03 21:00:00+00:00,50251.8,51005.6
2025-07-03 21:15:00+00:00,49365.2,50251.8
2025-07-03 21:30:00+00:00,48337.5,49365.2
2025-07-03 21:45:00+00:00,48049.5,48337.5
2025-07-03 22:00:00+00:00,47904.0,48049.5
2025-07-03 22:15:00+00:00,47052.8,47904.0
2025-07-03 22:30:00+00:00,46286.4,47052.8
2025-07-03 22:45:00+00:00,45931.0,46286.4
2025-07-03 23:00:00+00:00,45097.7,45931.0
2025-07-03 23:15:00+00:00,44751.9,45097.7
2025-07-03 23:30:00+00:00,44399.4,44751.9
2025-07-03 23:45:00+00:00,44056.7,44399.4
2025-07-04 00:00:00+00:00,43842.8,44056.7
2025-07-04 00:15:00+00:00,43174.0,43842.8
2025-07-04 00:30:00+00:00,43243.3,43174.0
2025-07-04 00:45:00+00:00,43381.3,43243.3
2025-07-04 01:00:00+00:00,43546.1,43381.3
2025-07-04 01:15:00+00:00,43200.9,43546.1
2025-07-04 01:30:00+00:00,43221.4,43200.9
2025-07-04 01:45:00+00:00,43202.9,43221.4
2025-07-04 02:00:00+00:00,43658.0,43202.9
2025-07-04 02:15:00+00:00,43662.2,43658.0
2025-07-04 02:30:00+00:00,43889.8,43662.2
2025-07-04 02:45:00+00:00,44500.6,43889.8
2025-07-04 03:00:00+00:00,45573.7,44500.6
2025-07-04 03:15:00+00:00,46296.2,45573.7
2025-07-04 03:30:00+00:00,47156.5,46296.2
2025-07-04 03:45:00+00:00,48266.7,47156.5
2025-07-04 04:00:00+00:00,50407.0,48266.7
2025-07-04 04:15:00+00:00,52178.0,50407.0
2025-07-04 04:30:00+00:00,53488.2,52178.0
2025-07-04 04:45:00+00:00,54626.4,53488.2
2025-07-04 05:00:00+00:00,55907.3,54626.4
2025-07-04 05:15:00+00:00,56741.1,55907.3
2025-07-04 05:30:00+00:00,57889.8,56741.1
2025-07-04 05:45:00+00:00,58581.3,57889.8
2025-07-04 06:00:00+00:00,59477.3,58581.3
2025-07-04 06:15:00+00:00,59932.8,59477.3
2025-07-04 06:30:00+00:00,60480.8,59932.8
2025-07-04 06:45:00+00:00,60627.7,60480.8
2025-07-04 07:00:00+00:00,58834.3,60627.7
2025-07-04 07:15:00+00:00,59873.4,58834.3
2025-07-04 07:30:00+00:00,59713.2,59873.4
2025-07-04 07:45:00+00:00,59312.7,59713.2
2025-07-04 08:00:00+00:00,59255.6,59312.7
2025-07-04 08:15:00+00:00,59029.8,59255.6
2025-07-04 08:30:00+00:00,59042.5,59029.8
2025-07-04 08:45:00+00:00,59171.8,59042.5
2025-07-04 09:00:00+00:00,58622.2,59171.8
2025-07-04 09:15:00+00:00,58681.2,58622.2
2025-07-04 09:30:00+00:00,59260.3,58681.2
2025-07-04 09:45:00+00:00,59226.3,59260.3
2025-07-04 10:00:00+00:00,58782.8,59226.3
2025-07-04 10:15:00+00:00,58363.1,58782.8
2025-07-04 10:30:00+00:00,57610.4,58363.1
2025-07-04 10:45:00+00:00,57444.2,57610.4
2025-07-04 11:00:00+00:00,57212.2,57444.2
2025-07-04 11:15:00+00:00,56462.0,57212.2
2025-07-04 11:30:00+00:00,56396.6,56462.0
2025-07-04 11:45:00+00:00,55901.4,56396.6
2025-07-04 12:00:00+00:00,56038.4,55901.4
2025-07-04 12:15:00+00:00,55969.0,56038.4
2025-07-04 12:30:00+00:00,55452.5,55969.0
2025-07-04 12:45:00+00:00,55269.6,55452.5
2025-07-04 13:00:00+00:00,55617.1,55269.6
2025-07-04 13:15:00+00:00,55494.8,55617.1
2025-07-04 13:30:00+00:00,55045.4,55494.8
2025-07-04 13:45:00+00:00,54750.5,55045.4
2025-07-04 14:00:00+00:00,55296.1,54750.5
2025-07-04 14:15:00+00:00,54945.8,55296.1
2025-07-04 14:30:00+00:00,54893.6,54945.8
2025-07-04 14:45:00+00:00,54467.9,54893.6
2025-07-04 15:00:00+00:00,55118.2,54467.9
2025-07-04 15:15:00+00:00,54873.7,55118.2
2025-07-04 15:30:00+00:00,54598.2,54873.7
2025-07-04 15:45:00+00:00,54982.7,54598.2
2025-07-04 16:00:00+00:00,55057.1,54982.7
2025-07-04 16:15:00+00:00,54969.1,55057.1
2025-07-04 16:30:00+00:00,55060.0,54969.1
2025-07-04 16:45:00+00:00,55242.9,55060.0
2025-07-04 17:00:00+00:00,55636.9,55242.9
2025-07-04 17:15:00+00:00,55174.3,55636.9
2025-07-04 17:30:00+00:00,54638.8,55174.3
2025-07-04 17:45:00+00:00,54611.5,54638.8
2025-07-04 18:00:00+00:00,55027.7,54611.5
2025-07-04 18:15:00+00:00,54108.4,55027.7
2025-07-04 18:30:00+00:00,53438.2,54108.4
2025-07-04 18:45:00+00:00,52871.0,53438.2
2025-07-04 19:00:00+00:00,52330.4,52871.0
2025-07-04 19:15:00+00:00,51748.8,52330.4
2025-07-04 19:30:00+00:00,51222.1,51748.8
2025-07-04 19:45:00+00:00,50719.6,51222.1
2025-07-04 20:00:00+00:00,50224.1,50719.6
2025-07-04 20:15:00+00:00,49770.3,50224.1
2025-07-04 20:30:00+00:00,49379.4,49770.3
2025-07-04 20:45:00+00:00,49420.6,49379.4
2025-07-04 21:00:00+00:00,48580.4,49420.6
2025-07-04 21:15:00+00:00,47799.2,48580.4
2025-07-04 21:30:00+00:00,46657.2,47799.2
2025-07-04 21:45:00+00:00,45812.7,46657.2
2025-07-04 22:00:00+00:00,44692.6,45812.7
2025-07-04 22:15:00+00:00,44356.3,44692.6
2025-07-04 22:30:00+00:00,44081.9,44356.3
2025-07-04 22:45:00+00:00,43313.1,44081.9
2025-07-04 23:00:00+00:00,42330.5,43313.1
2025-07-04 23:15:00+00:00,41814.4,42330.5
2025-07-04 23:30:00+00:00,41279.7,41814.4
2025-07-04 23:45:00+00:00,40779.6,41279.7
2025-07-05 00:00:00+00:00,40080.7,40779.6
2025-07-05 00:15:00+00:00,39687.5,40080.7
2025-07-05 00:30:00+00:00,39695.7,39687.5
2025-07-05 00:45:00+00:00,39713.8,39695.7
2025-07-05 01:00:00+00:00,39516.8,39713.8
2025-07-05 01:15:00+00:00,39458.7,39516.8
2025-07-05 01:30:00+00:00,39437.0,39458.7
2025-07-05 01:45:00+00:00,39338.9,39437.0
2025-07-05 02:00:00+00:00,39411.7,39338.9
2025-07-05 02:15:00+00:00,39515.8,39411.7
2025-07-05 02:30:00+00:00,39593.3,39515.8
2025-07-05 02:45:00+00:00,39722.8,39593.3
2025-07-05 03:00:00+00:00,39613.4,39722.8
2025-07-05 03:15:00+00:00,39140.9,39613.4
2025-07-05 03:30:00+00:00,39297.1,39140.9
2025-07-05 03:45:00+00:00,40033.1,39297.1
2025-07-05 04:00:00+00:00,41235.2,40033.1
2025-07-05 04:15:00+00:00,42102.3,41235.2
2025-07-05 04:30:00+00:00,42583.9,42102.3
2025-07-05 04:45:00+00:00,43000.7,42583.9
2025-07-05 05:00:00+00:00,43612.2,43000.7
2025-07-05 05:15:00+00:00,44185.3,43612.2
2025-07-05 05:30:00+00:00,44939.1,44185.3
2025-07-05 05:45:00+00:00,45687.2,44939.1
2025-07-05 06:00:00+00:00,46305.3,45687.2
2025-07-05 06:15:00+00:00,47092.1,46305.3
2025-07-05 06:30:00+00:00,47491.7,47092.1
2025-07-05 06:45:00+00:00,48182.9,47491.7
2025-07-05 07:00:00+00:00,48396.4,48182.9
2025-07-05 07:15:00+00:00,48953.7,48396.4
2025-07-05 07:30:00+00:00,49737.0,48953.7
2025-07-05 07:45:00+00:00,49954.8,49737.0
2025-07-05 08:00:00+00:00,49868.0,49954.8
2025-07-05 08:15:00+00:00,49711.3,49868.0
2025-07-05 08:30:00+00:00,50390.5,49711.3
2025-07-05 08:45:00+00:00,50733.3,50390.5
2025-07-05 09:00:00+00:00,50907.8,50733.3
2025-07-05 09:15:00+00:00,50153.9,50907.8
2025-07-05 09:30:00+00:00,50134.3,50153.9
2025-07-05 09:45:00+00:00,49847.9,50134.3
2025-07-05 10:00:00+00:00,49238.7,49847.9
2025-07-05 10:15:00+00:00,48734.7,49238.7
2025-07-05 10:30:00+00:00,48259.4,48734.7
2025-07-05 10:45:00+00:00,47769.2,48259.4
2025-07-05 11:00:00+00:00,47668.9,47769.2
2025-07-05 11:15:00+00:00,47098.0,47668.9
2025-07-05 11:30:00+00:00,46735.2,47098.0
2025-07-05 11:45:00+00:00,46300.3,46735.2
2025-07-05 12:00:00+00:00,46338.7,46300.3
2025-07-05 12:15:00+00:00,46055.2,46338.7
2025-07-05 12:30:00+00:00,46206.8,46055.2
2025-07-05 12:45:00+00:00,45859.7,46206.8
2025-07-05 13:00:00+00:00,46229.0,45859.7
2025-07-05 13:15:00+00:00,45750.4,46229.0
2025-07-05 13:30:00+00:00,45738.4,45750.4
2025-07-05 13:45:00+00:00,45718.9,45738.4
2025-07-05 14:00:00+00:00,46110.3,45718.9
2025-07-05 14:15:00+00:00,46075.2,46110.3
2025-07-05 14:30:00+00:00,45950.1,46075.2
2025-07-05 14:45:00+00:00,46340.3,45950.1
2025-07-05 15:00:00+00:00,47720.5,46340.3
2025-07-05 15:15:00+00:00,47401.1,47720.5
2025-07-05 15:30:00+00:00,47344.4,47401.1
2025-07-05 15:45:00+00:00,47258.6,47344.4
2025-07-05 16:00:00+00:00,48336.7,47258.6
2025-07-05 16:15:00+00:00,48422.4,48336.7
2025-07-05 16:30:00+00:00,48388.8,48422.4
2025-07-05 16:45:00+00:00,48821.4,48388.8
2025-07-05 17:00:00+00:00,48641.3,48821.4
2025-07-05 17:15:00+00:00,49086.9,48641.3
2025-07-05 17:30:00+00:00,49005.0,49086.9
2025-07-05 17:45:00+00:00,48747.7,49005.0
2025-07-05 18:00:00+00:00,48251.0,48747.7
2025-07-05 18:15:00+00:00,47562.4,48251.0
2025-07-05 18:30:00+00:00,47062.3,47562.4
2025-07-05 18:45:00+00:00,46243.7,47062.3
2025-07-05 19:00:00+00:00,45649.2,46243.7
2025-07-05 19:15:00+00:00,45406.4,45649.2
2025-07-05 19:30:00+00:00,45215.4,45406.4
2025-07-05 19:45:00+00:00,44938.9,45215.4
2025-07-05 20:00:00+00:00,44951.2,44938.9
2025-07-05 20:15:00+00:00,44679.9,44951.2
2025-07-05 20:30:00+00:00,44237.5,44679.9
2025-07-05 20:45:00+00:00,43343.2,44237.5
2025-07-05 21:00:00+00:00,42784.5,43343.2
2025-07-05 21:15:00+00:00,42479.8,42784.5
2025-07-05 21:30:00+00:00,41804.2,42479.8
2025-07-05 21:45:00+00:00,41482.1,41804.2
2025-07-05 22:00:00+00:00,40863.9,41482.1
2025-07-05 22:15:00+00:00,40738.8,40863.9
2025-07-05 22:30:00+00:00,40326.5,40738.8
2025-07-05 22:45:00+00:00,39768.7,40326.5
2025-07-05 23:00:00+00:00,39224.0,39768.7
2025-07-05 23:15:00+00:00,38611.8,39224.0
2025-07-05 23:30:00+00:00,38392.7,38611.8
2025-07-05 23:45:00+00:00,38003.5,38392.7
2025-07-06 00:00:00+00:00,37557.5,38003.5
2025-07-06 00:15:00+00:00,37179.5,37557.5
2025-07-06 00:30:00+00:00,37167.3,37179.5
2025-07-06 00:45:00+00:00,37131.4,37167.3
2025-07-06 01:00:00+00:00,36754.1,37131.4
2025-07-06 01:15:00+00:00,36623.3,36754.1
2025-07-06 01:30:00+00:00,36262.3,36623.3
2025-07-06 01:45:00+00:00,36102.0,36262.3
2025-07-06 02:00:00+00:00,35866.1,36102.0
2025-07-06 02:15:00+00:00,35929.0,35866.1
2025-07-06 02:30:00+00:00,35846.5,35929.0
2025-07-06 02:45:00+00:00,35784.9,35846.5
2025-07-06 03:00:00+00:00,35651.3,35784.9
2025-07-06 03:15:00+00:00,35518.2,35651.3
2025-07-06 03:30:00+00:00,35519.5,35518.2
2025-07-06 03:45:00+00:00,35555.4,35519.5
2025-07-06 04:00:00+00:00,35965.0,35555.4
2025-07-06 04:15:00+00:00,36180.0,35965.0
2025-07-06 04:30:00+00:00,36829.1,36180.0
2025-07-06 04:45:00+00:00,37348.3,36829.1
2025-07-06 05:00:00+00:00,37489.0,37348.3
2025-07-06 05:15:00+00:00,38158.8,37489.0
2025-07-06 05:30:00+00:00,38791.1,38158.8
2025-07-06 05:45:00+00:00,38590.3,38791.1
2025-07-06 06:00:00+00:00,39762.0,38590.3
2025-07-06 06:15:00+00:00,40578.5,39762.0
2025-07-06 06:30:00+00:00,41504.7,40578.5
2025-07-06 06:45:00+00:00,41980.9,41504.7
2025-07-06 07:00:00+00:00,42546.9,41980.9
2025-07-06 07:15:00+00:00,43419.9,42546.9
2025-07-06 07:30:00+00:00,43960.4,43419.9
2025-07-06 07:45:00+00:00,45114.2,43960.4
2025-07-06 08:00:00+00:00,45567.3,45114.2
2025-07-06 08:15:00+00:00,45624.2,45567.3
2025-07-06 08:30:00+00:00,45978.2,45624.2
2025-07-06 08:45:00+00:00,47151.5,45978.2
2025-07-06 09:00:00+00:00,47005.0,47151.5
2025-07-06 09:15:00+00:00,47203.2,47005.0
2025-07-06 09:30:00+00:00,47868.2,47203.2
2025-07-06 09:45:00+00:00,48053.2,47868.2
2025-07-06 10:00:00+00:00,47420.2,48053.2
2025-07-06 10:15:00+00:00,47225.4,47420.2
2025-07-06 10:30:00+00:00,47133.8,47225.4
2025-07-06 10:45:00+00:00,47047.8,47133.8
2025-07-06 11:00:00+00:00,47287.5,47047.8
2025-07-06 11:15:00+00:00,46824.5,47287.5
2025-07-06 11:30:00+00:00,46414.6,46824.5
2025-07-06 11:45:00+00:00,45406.3,46414.6
2025-07-06 12:00:00+00:00,45086.6,45406.3
2025-07-06 12:15:00+00:00,45133.9,45086.6
2025-07-06 12:30:00+00:00,45439.6,45133.9
2025-07-06 12:45:00+00:00,45137.5,45439.6
2025-07-06 13:00:00+00:00,45472.9,45137.5
2025-07-06 13:15:00+00:00,45673.7,45472.9
2025-07-06 13:30:00+00:00,45229.7,45673.7
2025-07-06 13:45:00+00:00,45212.4,45229.7
2025-07-06 14:00:00+00:00,45706.6,45212.4
2025-07-06 14:15:00+00:00,45585.6,45706.6
2025-07-06 14:30:00+00:00,45549.0,45585.6
2025-07-06 14:45:00+00:00,45990.7,45549.0
2025-07-06 15:00:00+00:00,45546.6,45990.7
2025-07-06 15:15:00+00:00,45814.5,45546.6
2025-07-06 15:30:00+00:00,45962.7,45814.5
2025-07-06 15:45:00+00:00,46212.2,45962.7
2025-07-06 16:00:00+00:00,47087.5,46212.2
2025-07-06 16:15:00+00:00,47226.8,47087.5
2025-07-06 16:30:00+00:00,47390.4,47226.8
2025-07-06 16:45:00+00:00,47618.0,47390.4
2025-07-06 17:00:00+00:00,47900.3,47618.0
2025-07-06 17:15:00+00:00,47617.7,47900.3
2025-07-06 17:30:00+00:00,47413.7,47617.7
2025-07-06 17:45:00+00:00,46894.2,47413.7
2025-07-06 18:00:00+00:00,46614.9,46894.2
2025-07-06 18:15:00+00:00,46708.2,46614.9
2025-07-06 18:30:00+00:00,46464.6,46708.2
2025-07-06 18:45:00+00:00,45920.9,46464.6
2025-07-06 19:00:00+00:00,45734.5,45920.9
2025-07-06 19:15:00+00:00,45663.9,45734.5
2025-07-06 19:30:00+00:00,45622.3,45663.9
2025-07-06 19:45:00+00:00,46114.8,45622.3
2025-07-06 20:00:00+00:00,46598.2,46114.8
2025-07-06 20:15:00+00:00,46183.9,46598.2
2025-07-06 20:30:00+00:00,45683.8,46183.9
2025-07-06 20:45:00+00:00,45050.8,45683.8
2025-07-06 21:00:00+00:00,44244.0,45050.8
2025-07-06 21:15:00+00:00,43594.1,44244.0
2025-07-06 21:30:00+00:00,43123.8,43594.1
2025-07-06 21:45:00+00:00,42788.8,43123.8
2025-07-06 22:00:00+00:00,42099.1,42788.8
2025-07-06 22:15:00+00:00,41726.2,42099.1
2025-07-06 22:30:00+00:00,41251.9,41726.2
2025-07-06 22:45:00+00:00,40953.1,41251.9
2025-07-06 23:00:00+00:00,40271.7,40953.1
2025-07-06 23:15:00+00:00,39818.7,40271.7
2025-07-06 23:30:00+00:00,39607.4,39818.7
2025-07-06 23:45:00+00:00,39583.2,39607.4
2025-07-07 00:00:00+00:00,39340.7,39583.2
2025-07-07 00:15:00+00:00,39929.2,39340.7
2025-07-07 00:30:00+00:00,39676.4,39929.2
2025-07-07 00:45:00+00:00,39522.8,39676.4
2025-07-07 01:00:00+00:00,40073.8,39522.8
2025-07-07 01:15:00+00:00,40129.6,40073.8
2025-07-07 01:30:00+00:00,40212.1,40129.6
2025-07-07 01:45:00+00:00,40117.6,40212.1
2025-07-07 02:00:00+00:00,40509.9,40117.6
2025-07-07 02:15:00+00:00,41137.2,40509.9
2025-07-07 02:30:00+00:00,41867.7,41137.2
2025-07-07 02:45:00+00:00,42197.0,41867.7
2025-07-07 03:00:00+00:00,43002.1,42197.0
2025-07-07 03:15:00+00:00,43274.0,43002.1
2025-07-07 03:30:00+00:00,44127.6,43274.0
2025-07-07 03:45:00+00:00,45386.7,44127.6
2025-07-07 04:00:00+00:00,48473.4,45386.7
2025-07-07 04:15:00+00:00,50575.5,48473.4
2025-07-07 04:30:00+00:00,51962.5,50575.5
2025-07-07 04:45:00+00:00,53249.2,51962.5
2025-07-07 05:00:00+00:00,54525.7,53249.2
2025-07-07 05:15:00+00:00,55845.3,54525.7
2025-07-07 05:30:00+00:00,56847.3,55845.3
2025-07-07 05:45:00+00:00,57213.1,56847.3
2025-07-07 06:00:00+00:00,58298.6,57213.1
2025-07-07 06:15:00+00:00,59300.3,58298.6
2025-07-07 06:30:00+00:00,59909.5,59300.3
2025-07-07 06:45:00+00:00,60122.6,59909.5
2025-07-07 07:00:00+00:00,59832.6,60122.6
2025-07-07 07:15:00+00:00,60468.6,59832.6
2025-07-07 07:30:00+00:00,61260.1,60468.6
2025-07-07 07:45:00+00:00,61619.5,61260.1
2025-07-07 08:00:00+00:00,61186.2,61619.5
2025-07-07 08:15:00+00:00,61104.6,61186.2
2025-07-07 08:30:00+00:00,61071.3,61104.6
2025-07-07 08:45:00+00:00,60661.8,61071.3
2025-07-07 09:00:00+00:00,61606.9,60661.8
2025-07-07 09:15:00+00:00,61472.6,61606.9
2025-07-07 09:30:00+00:00,61035.2,61472.6
2025-07-07 09:45:00+00:00,61179.6,61035.2
2025-07-07 10:00:00+00:00,61339.3,61179.6
2025-07-07 10:15:00+00:00,61211.1,61339.3
2025-07-07 10:30:00+00:00,61268.0,61211.1
2025-07-07 10:45:00+00:00,61250.6,61268.0
2025-07-07 11:00:00+00:00,61020.0,61250.6
2025-07-07 11:15:00+00:00,60403.4,61020.0
2025-07-07 11:30:00+00:00,59991.4,60403.4
2025-07-07 11:45:00+00:00,58928.5,59991.4
2025-07-07 12:00:00+00:00,58651.4,58928.5
2025-07-07 12:15:00+00:00,58123.7,58651.4
2025-07-07 12:30:00+00:00,58165.3,58123.7
2025-07-07 12:45:00+00:00,57958.7,58165.3
2025-07-07 13:00:00+00:00,57530.7,57958.7
2025-07-07 13:15:00+00:00,57615.1,57530.7
2025-07-07 13:30:00+00:00,57357.3,57615.1
2025-07-07 13:45:00+00:00,56987.7,57357.3
2025-07-07 14:00:00+00:00,57040.9,56987.7
2025-07-07 14:15:00+00:00,56954.3,57040.9
2025-07-07 14:30:00+00:00,57258.2,56954.3
2025-07-07 14:45:00+00:00,57343.8,57258.2
2025-07-07 15:00:00+00:00,58214.7,57343.8
2025-07-07 15:15:00+00:00,58343.6,58214.7
2025-07-07 15:30:00+00:00,58860.4,58343.6
2025-07-07 15:45:00+00:00,58895.6,58860.4
2025-07-07 16:00:00+00:00,59113.6,58895.6
2025-07-07 16:15:00+00:00,58991.6,59113.6
2025-07-07 16:30:00+00:00,58566.8,58991.6
2025-07-07 16:45:00+00:00,58211.0,58566.8
2025-07-07 17:00:00+00:00,58307.3,58211.0
2025-07-07 17:15:00+00:00,57798.7,58307.3
2025-07-07 17:30:00+00:00,57231.9,57798.7
2025-07-07 17:45:00+00:00,56547.0,57231.9
2025-07-07 18:00:00+00:00,56513.2,56547.0
2025-07-07 18:15:00+00:00,55565.5,56513.2
2025-07-07 18:30:00+00:00,55144.8,55565.5
2025-07-07 18:45:00+00:00,54853.6,55144.8
2025-07-07 19:00:00+00:00,54468.2,54853.6
2025-07-07 19:15:00+00:00,53886.7,54468.2
2025-07-07 19:30:00+00:00,53209.9,53886.7
2025-07-07 19:45:00+00:00,52886.3,53209.9
2025-07-07 20:00:00+00:00,51985.7,52886.3
2025-07-07 20:15:00+00:00,51140.0,51985.7
2025-07-07 20:30:00+00:00,50212.2,51140.0
2025-07-07 20:45:00+00:00,49143.1,50212.2
2025-07-07 21:00:00+00:00,48472.7,49143.1
2025-07-07 21:15:00+00:00,47335.5,48472.7
2025-07-07 21:30:00+00:00,46887.2,47335.5
2025-07-07 21:45:00+00:00,46275.4,46887.2
2025-07-07 22:00:00+00:00,45341.7,46275.4
2025-07-07 22:15:00+00:00,44928.2,45341.7
2025-07-07 22:30:00+00:00,44524.3,44928.2
2025-07-07 22:45:00+00:00,44300.3,44524.3
2025-07-07 23:00:00+00:00,43681.6,44300.3
2025-07-07 23:15:00+00:00,43403.9,43681.6
2025-07-07 23:30:00+00:00,42846.2,43403.9
2025-07-07 23:45:00+00:00,42707.5,42846.2
2025-07-08 00:00:00+00:00,42050.8,42707.5
2025-07-08 00:15:00+00:00,42097.2,42050.8
2025-07-08 00:30:00+00:00,42327.4,42097.2
2025-07-08 00:45:00+00:00,42249.3,42327.4
2025-07-08 01:00:00+00:00,42242.2,42249.3
2025-07-08 01:15:00+00:00,41728.9,42242.2
2025-07-08 01:30:00+00:00,42026.8,41728.9
2025-07-08 01:45:00+00:00,42457.0,42026.8
2025-07-08 02:00:00+00:00,42750.1,42457.0
2025-07-08 02:15:00+00:00,42752.3,42750.1
2025-07-08 02:30:00+00:00,43245.7,42752.3
2025-07-08 02:45:00+00:00,43908.9,43245.7
2025-07-08 03:00:00+00:00,44931.8,43908.9
2025-07-08 03:15:00+00:00,45556.0,44931.8
2025-07-08 03:30:00+00:00,46626.9,45556.0
2025-07-08 03:45:00+00:00,47822.7,46626.9
2025-07-08 04:00:00+00:00,50400.9,47822.7
2025-07-08 04:15:00+00:00,51633.2,50400.9
2025-07-08 04:30:00+00:00,52892.3,51633.2
2025-07-08 04:45:00+00:00,54039.4,52892.3
2025-07-08 05:00:00+00:00,55590.3,54039.4
2025-07-08 05:15:00+00:00,56599.3,55590.3
2025-07-08 05:30:00+00:00,57245.1,56599.3
2025-07-08 05:45:00+00:00,57909.2,57245.1
2025-07-08 06:00:00+00:00,58639.1,57909.2
2025-07-08 06:15:00+00:00,59102.0,58639.1
2025-07-08 06:30:00+00:00,59502.9,59102.0
2025-07-08 06:45:00+00:00,59620.6,59502.9
2025-07-08 07:00:00+00:00,59265.2,59620.6
2025-07-08 07:15:00+00:00,60023.5,59265.2
2025-07-08 07:30:00+00:00,60158.6,60023.5
2025-07-08 07:45:00+00:00,60500.0,60158.6
2025-07-08 08:00:00+00:00,60482.0,60500.0
2025-07-08 08:15:00+00:00,60388.8,60482.0
2025-07-08 08:30:00+00:00,60622.2,60388.8
2025-07-08 08:45:00+00:00,60402.5,60622.2
2025-07-08 09:00:00+00:00,60363.7,60402.5
2025-07-08 09:15:00+00:00,60747.1,60363.7
2025-07-08 09:30:00+00:00,60876.0,60747.1
2025-07-08 09:45:00+00:00,60561.4,60876.0
2025-07-08 10:00:00+00:00,60076.7,60561.4
2025-07-08 10:15:00+00:00,59880.9,60076.7
2025-07-08 10:30:00+00:00,59603.6,59880.9
2025-07-08 10:45:00+00:00,59682.6,59603.6
2025-07-08 11:00:00+00:00,59293.5,59682.6
2025-07-08 11:15:00+00:00,59255.5,59293.5
2025-07-08 11:30:00+00:00,59224.7,59255.5
2025-07-08 11:45:00+00:00,58644.5,59224.7
2025-07-08 12:00:00+00:00,58068.0,58644.5
2025-07-08 12:15:00+00:00,57903.1,58068.0
2025-07-08 12:30:00+00:00,57484.3,57903.1
2025-07-08 12:45:00+00:00,57268.6,57484.3
2025-07-08 13:00:00+00:00,56816.1,57268.6
2025-07-08 13:15:00+00:00,56823.0,56816.1
2025-07-08 13:30:00+00:00,56260.0,56823.0
2025-07-08 13:45:00+00:00,55818.6,56260.0
2025-07-08 14:00:00+00:00,56026.4,55818.6
2025-07-08 14:15:00+00:00,55394.0,56026.4
2025-07-08 14:30:00+00:00,55547.9,55394.0
2025-07-08 14:45:00+00:00,55749.3,55547.9
2025-07-08 15:00:00+00:00,56215.5,55749.3
2025-07-08 15:15:00+00:00,56651.1,56215.5
2025-07-08 15:30:00+00:00,56880.1,56651.1
2025-07-08 15:45:00+00:00,56885.4,56880.1
2025-07-08 16:00:00+00:00,57255.3,56885.4
2025-07-08 16:15:00+00:00,57084.3,57255.3
2025-07-08 16:30:00+00:00,57114.1,57084.3
2025-07-08 16:45:00+00:00,57004.3,57114.1
2025-07-08 17:00:00+00:00,57114.3,57004.3
2025-07-08 17:15:00+00:00,56696.3,57114.3
2025-07-08 17:30:00+00:00,56414.9,56696.3
2025-07-08 17:45:00+00:00,55987.9,56414.9
2025-07-08 18:00:00+00:00,55736.0,55987.9
2025-07-08 18:15:00+00:00,55073.2,55736.0
2025-07-08 18:30:00+00:00,54344.0,55073.2
2025-07-08 18:45:00+00:00,53224.4,54344.0
2025-07-08 19:00:00+00:00,52582.6,53224.4
2025-07-08 19:15:00+00:00,52123.8,52582.6
2025-07-08 19:30:00+00:00,51521.1,52123.8
2025-07-08 19:45:00+00:00,51404.0,51521.1
2025-07-08 20:00:00+00:00,50837.8,51404.0
2025-07-08 20:15:00+00:00,50203.8,50837.8
2025-07-08 20:30:00+00:00,49423.1,50203.8
2025-07-08 20:45:00+00:00,48523.7,49423.1
2025-07-08 21:00:00+00:00,47393.2,48523.7
2025-07-08 21:15:00+00:00,46510.2,47393.2
2025-07-08 21:30:00+00:00,45988.9,46510.2
2025-07-08 21:45:00+00:00,45362.9,45988.9
2025-07-08 22:00:00+00:00,44796.1,45362.9
2025-07-08 22:15:00+00:00,44107.5,44796.1
2025-07-08 22:30:00+00:00,43687.4,44107.5
2025-07-08 22:45:00+00:00,43062.3,43687.4
2025-07-08 23:00:00+00:00,42667.1,43062.3
2025-07-08 23:15:00+00:00,42341.6,42667.1
2025-07-08 23:30:00+00:00,42141.6,42341.6
2025-07-08 23:45:00+00:00,41658.4,42141.6
2025-07-09 00:00:00+00:00,40681.8,41658.4
2025-07-09 00:15:00+00:00,40516.9,40681.8
2025-07-09 00:30:00+00:00,40574.9,40516.9
2025-07-09 00:45:00+00:00,40808.3,40574.9
2025-07-09 01:00:00+00:00,40633.5,40808.3
2025-07-09 01:15:00+00:00,40424.6,40633.5
2025-07-09 01:30:00+00:00,40733.0,40424.6
2025-07-09 01:45:00+00:00,40701.5,40733.0
2025-07-09 02:00:00+00:00,41086.4,40701.5
2025-07-09 02:15:00+00:00,41472.4,41086.4
2025-07-09 02:30:00+00:00,41963.5,41472.4
2025-07-09 02:45:00+00:00,42355.6,41963.5
2025-07-09 03:00:00+00:00,43569.2,42355.6
2025-07-09 03:15:00+00:00,44399.0,43569.2
2025-07-09 03:30:00+00:00,45342.8,44399.0
2025-07-09 03:45:00+00:00,46679.1,45342.8
2025-07-09 04:00:00+00:00,49026.6,46679.1
2025-07-09 04:15:00+00:00,50648.1,49026.6
2025-07-09 04:30:00+00:00,52003.3,50648.1
2025-07-09 04:45:00+00:00,53227.5,52003.3
2025-07-09 05:00:00+00:00,54659.5,53227.5
2025-07-09 05:15:00+00:00,55736.9,54659.5
2025-07-09 05:30:00+00:00,56526.5,55736.9
2025-07-09 05:45:00+00:00,57390.5,56526.5
2025-07-09 06:00:00+00:00,57825.2,57390.5
2025-07-09 06:15:00+00:00,58623.8,57825.2
2025-07-09 06:30:00+00:00,59095.4,58623.8
2025-07-09 06:45:00+00:00,59513.0,59095.4
2025-07-09 07:00:00+00:00,59140.0,59513.0
2025-07-09 07:15:00+00:00,59238.2,59140.0
2025-07-09 07:30:00+00:00,59721.4,59238.2
2025-07-09 07:45:00+00:00,59716.2,59721.4
2025-07-09 08:00:00+00:00,59817.3,59716.2
2025-07-09 08:15:00+00:00,59389.9,59817.3
2025-07-09 08:30:00+00:00,59752.4,59389.9
2025-07-09 08:45:00+00:00,59975.6,59752.4
2025-07-09 09:00:00+00:00,59362.9,59975.6
2025-07-09 09:15:00+00:00,59792.2,59362.9
2025-07-09 09:30:00+00:00,60189.1,59792.2
2025-07-09 09:45:00+00:00,60096.1,60189.1
2025-07-09 10:00:00+00:00,60213.3,60096.1
2025-07-09 10:15:00+00:00,59813.1,60213.3
2025-07-09 10:30:00+00:00,59928.4,59813.1
2025-07-09 10:45:00+00:00,59687.1,59928.4
2025-07-09 11:00:00+00:00,59191.4,59687.1
2025-07-09 11:15:00+00:00,58753.3,59191.4
2025-07-09 11:30:00+00:00,58464.9,58753.3
2025-07-09 11:45:00+00:00,57341.5,58464.9
2025-07-09 12:00:00+00:00,57041.0,57341.5
2025-07-09 12:15:00+00:00,56805.1,57041.0
2025-07-09 12:30:00+00:00,57082.6,56805.1
2025-07-09 12:45:00+00:00,56995.7,57082.6
2025-07-09 13:00:00+00:00,57054.7,56995.7
2025-07-09 13:15:00+00:00,56511.1,57054.7
2025-07-09 13:30:00+00:00,56536.6,56511.1
2025-07-09 13:45:00+00:00,55686.9,56536.6
2025-07-09 14:00:00+00:00,55398.6,55686.9
2025-07-09 14:15:00+00:00,54924.5,55398.6
2025-07-09 14:30:00+00:00,54905.5,54924.5
2025-07-09 14:45:00+00:00,55235.8,54905.5
2025-07-09 15:00:00+00:00,55839.7,55235.8
2025-07-09 15:15:00+00:00,55186.7,55839.7
2025-07-09 15:30:00+00:00,55103.5,55186.7
2025-07-09 15:45:00+00:00,55514.7,55103.5
2025-07-09 16:00:00+00:00,56528.6,55514.7
2025-07-09 16:15:00+00:00,56302.1,56528.6
2025-07-09 16:30:00+00:00,56179.7,56302.1
2025-07-09 16:45:00+00:00,56302.8,56179.7
2025-07-09 17:00:00+00:00,56181.3,56302.8
2025-07-09 17:15:00+00:00,55491.6,56181.3
2025-07-09 17:30:00+00:00,55312.0,55491.6
2025-07-09 17:45:00+00:00,55168.6,55312.0
2025-07-09 18:00:00+00:00,55020.4,55168.6
2025-07-09 18:15:00+00:00,54407.6,55020.4
2025-07-09 18:30:00+00:00,54002.9,54407.6
2025-07-09 18:45:00+00:00,53703.1,54002.9
2025-07-09 19:00:00+00:00,52933.1,53703.1
2025-07-09 19:15:00+00:00,52332.9,52933.1
2025-07-09 19:30:00+00:00,52072.5,52332.9
2025-07-09 19:45:00+00:00,51848.1,52072.5
2025-07-09 20:00:00+00:00,50906.9,51848.1
2025-07-09 20:15:00+00:00,50460.2,50906.9
2025-07-09 20:30:00+00:00,49691.3,50460.2
2025-07-09 20:45:00+00:00,48829.6,49691.3
2025-07-09 21:00:00+00:00,47734.0,48829.6
2025-07-09 21:15:00+00:00,46650.0,47734.0
2025-07-09 21:30:00+00:00,46044.1,46650.0
2025-07-09 21:45:00+00:00,45344.3,46044.1
2025-07-09 22:00:00+00:00,44120.0,45344.3
2025-07-09 22:15:00+00:00,43374.3,44120.0
2025-07-09 22:30:00+00:00,42990.5,43374.3
2025-07-09 22:45:00+00:00,42808.6,42990.5
2025-07-09 23:00:00+00:00,41957.6,42808.6
2025-07-09 23:15:00+00:00,41861.7,41957.6
2025-07-09 23:30:00+00:00,41614.3,41861.7
2025-07-09 23:45:00+00:00,41534.4,41614.3
2025-07-10 00:00:00+00:00,40962.2,41534.4
2025-07-10 00:15:00+00:00,40750.3,40962.2
2025-07-10 00:30:00+00:00,40654.9,40750.3
2025-07-10 00:45:00+00:00,40802.9,40654.9
2025-07-10 01:00:00+00:00,40846.5,40802.9
2025-07-10 01:15:00+00:00,40726.0,40846.5
2025-07-10 01:30:00+00:00,40976.6,40726.0
2025-07-10 01:45:00+00:00,40738.6,40976.6
2025-07-10 02:00:00+00:00,41310.0,40738.6
2025-07-10 02:15:00+00:00,41478.8,41310.0
2025-07-10 02:30:00+00:00,41730.9,41478.8
2025-07-10 02:45:00+00:00,42379.4,41730.9
2025-07-10 03:00:00+00:00,43313.8,42379.4
2025-07-10 03:15:00+00:00,43617.9,43313.8
2025-07-10 03:30:00+00:00,44785.7,43617.9
2025-07-10 03:45:00+00:00,46344.4,44785.7
2025-07-10 04:00:00+00:00,48809.7,46344.4
2025-07-10 04:15:00+00:00,50616.6,48809.7
2025-07-10 04:30:00+00:00,51867.8,50616.6
2025-07-10 04:45:00+00:00,53015.3,51867.8
2025-07-10 05:00:00+00:00,54355.0,53015.3
2025-07-10 05:15:00+00:00,55273.6,54355.0
2025-07-10 05:30:00+00:00,56007.3,55273.6
2025-07-10 05:45:00+00:00,56672.7,56007.3
2025-07-10 06:00:00+00:00,57352.2,56672.7
2025-07-10 06:15:00+00:00,57834.3,57352.2
2025-07-10 06:30:00+00:00,58253.0,57834.3
2025-07-10 06:45:00+00:00,58412.7,58253.0
2025-07-10 07:00:00+00:00,57234.8,58412.7
2025-07-10 07:15:00+00:00,57549.8,57234.8
2025-07-10 07:30:00+00:00,57837.7,57549.8
2025-07-10 07:45:00+00:00,58089.7,57837.7
2025-07-10 08:00:00+00:00,57720.4,58089.7
2025-07-10 08:15:00+00:00,57683.8,57720.4
2025-07-10 08:30:00+00:00,58188.3,57683.8
2025-07-10 08:45:00+00:00,58610.2,58188.3
2025-07-10 09:00:00+00:00,57522.6,58610.2
2025-07-10 09:15:00+00:00,57524.3,57522.6
2025-07-10 09:30:00+00:00,57781.2,57524.3
2025-07-10 09:45:00+00:00,57981.7,57781.2
2025-07-10 10:00:00+00:00,57193.3,57981.7
2025-07-10 10:15:00+00:00,56956.0,57193.3
2025-07-10 10:30:00+00:00,56426.8,56956.0
2025-07-10 10:45:00+00:00,56604.9,56426.8
2025-07-10 11:00:00+00:00,56102.8,56604.9
2025-07-10 11:15:00+00:00,55811.2,56102.8
2025-07-10 11:30:00+00:00,55865.6,55811.2
2025-07-10 11:45:00+00:00,55586.8,55865.6
2025-07-10 12:00:00+00:00,55427.1,55586.8
2025-07-10 12:15:00+00:00,55274.9,55427.1
2025-07-10 12:30:00+00:00,54970.1,55274.9
2025-07-10 12:45:00+00:00,54817.0,54970.1
2025-07-10 13:00:00+00:00,54851.5,54817.0
2025-07-10 13:15:00+00:00,54911.6,54851.5
2025-07-10 13:30:00+00:00,54639.0,54911.6
2025-07-10 13:45:00+00:00,54552.5,54639.0
2025-07-10 14:00:00+00:00,55108.3,54552.5
2025-07-10 14:15:00+00:00,54886.6,55108.3
2025-07-10 14:30:00+00:00,54811.1,54886.6
2025-07-10 14:45:00+00:00,55174.7,54811.1
2025-07-10 15:00:00+00:00,55342.0,55174.7
2025-07-10 15:15:00+00:00,55187.4,55342.0
2025-07-10 15:30:00+00:00,55511.6,55187.4
2025-07-10 15:45:00+00:00,55713.2,55511.6
2025-07-10 16:00:00+00:00,55870.3,55713.2
2025-07-10 16:15:00+00:00,55883.9,55870.3
2025-07-10 16:30:00+00:00,55400.6,55883.9
2025-07-10 16:45:00+00:00,55602.2,55400.6
2025-07-10 17:00:00+00:00,55661.6,55602.2
2025-07-10 17:15:00+00:00,55098.2,55661.6
2025-07-10 17:30:00+00:00,55038.0,55098.2
2025-07-10 17:45:00+00:00,54817.9,55038.0
2025-07-10 18:00:00+00:00,54717.2,54817.9
2025-07-10 18:15:00+00:00,54269.5,54717.2
2025-07-10 18:30:00+00:00,54076.3,54269.5
2025-07-10 18:45:00+00:00,53171.6,54076.3
2025-07-10 19:00:00+00:00,52947.0,53171.6
2025-07-10 19:15:00+00:00,52365.7,52947.0
2025-07-10 19:30:00+00:00,51807.8,52365.7
2025-07-10 19:45:00+00:00,51760.7,51807.8
2025-07-10 20:00:00+00:00,51515.0,51760.7
2025-07-10 20:15:00+00:00,50805.3,51515.0
2025-07-10 20:30:00+00:00,50154.7,50805.3
2025-07-10 20:45:00+00:00,49238.7,50154.7
2025-07-10 21:00:00+00:00,47996.4,49238.7
2025-07-10 21:15:00+00:00,47119.1,47996.4
2025-07-10 21:30:00+00:00,46469.2,47119.1
2025-07-10 21:45:00+00:00,46212.7,46469.2
2025-07-10 22:00:00+00:00,45521.4,46212.7
2025-07-10 22:15:00+00:00,44772.3,45521.4
2025-07-10 22:30:00+00:00,44530.8,44772.3
2025-07-10 22:45:00+00:00,43989.9,44530.8
2025-07-10 23:00:00+00:00,43723.4,43989.9
2025-07-10 23:15:00+00:00,43022.4,43723.4
2025-07-10 23:30:00+00:00,42729.6,43022.4
2025-07-10 23:45:00+00:00,42140.8,42729.6
2025-07-11 00:00:00+00:00,41762.7,42140.8
2025-07-11 00:15:00+00:00,41462.1,41762.7
2025-07-11 00:30:00+00:00,41526.7,41462.1
2025-07-11 00:45:00+00:00,41783.1,41526.7
2025-07-11 01:00:00+00:00,41917.7,41783.1
2025-07-11 01:15:00+00:00,41782.3,41917.7
2025-07-11 01:30:00+00:00,41762.4,41782.3
2025-07-11 01:45:00+00:00,42120.6,41762.4
2025-07-11 02:00:00+00:00,42281.2,42120.6
2025-07-11 02:15:00+00:00,42674.6,42281.2
2025-07-11 02:30:00+00:00,42718.2,42674.6
2025-07-11 02:45:00+00:00,43229.9,42718.2
2025-07-11 03:00:00+00:00,44342.2,43229.9
2025-07-11 03:15:00+00:00,44618.9,44342.2
2025-07-11 03:30:00+00:00,45395.2,44618.9
2025-07-11 03:45:00+00:00,46783.8,45395.2
2025-07-11 04:00:00+00:00,49538.9,46783.8
2025-07-11 04:15:00+00:00,51331.7,49538.9
2025-07-11 04:30:00+00:00,52584.7,51331.7
2025-07-11 04:45:00+00:00,53834.3,52584.7
2025-07-11 05:00:00+00:00,55491.7,53834.3
2025-07-11 05:15:00+00:00,56640.1,55491.7
2025-07-11 05:30:00+00:00,57360.5,56640.1
2025-07-11 05:45:00+00:00,58353.7,57360.5
2025-07-11 06:00:00+00:00,59688.2,58353.7
2025-07-11 06:15:00+00:00,60135.9,59688.2
2025-07-11 06:30:00+00:00,60727.5,60135.9
2025-07-11 06:45:00+00:00,60546.3,60727.5
2025-07-11 07:00:00+00:00,60161.0,60546.3
2025-07-11 07:15:00+00:00,60348.8,60161.0
2025-07-11 07:30:00+00:00,60968.2,60348.8
2025-07-11 07:45:00+00:00,60866.8,60968.2
2025-07-11 08:00:00+00:00,59527.3,60866.8
2025-07-11 08:15:00+00:00,59412.9,59527.3
2025-07-11 08:30:00+00:00,59512.9,59412.9
2025-07-11 08:45:00+00:00,60095.1,59512.9
2025-07-11 09:00:00+00:00,59783.1,60095.1
2025-07-11 09:15:00+00:00,59681.2,59783.1
2025-07-11 09:30:00+00:00,59955.8,59681.2
2025-07-11 09:45:00+00:00,59957.4,59955.8
2025-07-11 10:00:00+00:00,59249.5,59957.4
2025-07-11 10:15:00+00:00,58684.6,59249.5
2025-07-11 10:30:00+00:00,58611.0,58684.6
2025-07-11 10:45:00+00:00,58474.5,58611.0
2025-07-11 11:00:00+00:00,57591.3,58474.5
2025-07-11 11:15:00+00:00,57092.6,57591.3
2025-07-11 11:30:00+00:00,56200.5,57092.6
2025-07-11 11:45:00+00:00,56162.0,56200.5
2025-07-11 12:00:00+00:00,56015.6,56162.0
2025-07-11 12:15:00+00:00,55932.7,56015.6
2025-07-11 12:30:00+00:00,55546.6,55932.7
2025-07-11 12:45:00+00:00,54663.8,55546.6
2025-07-11 13:00:00+00:00,55392.9,54663.8
2025-07-11 13:15:00+00:00,55328.7,55392.9
2025-07-11 13:30:00+00:00,55386.7,55328.7
2025-07-11 13:45:00+00:00,55340.5,55386.7
2025-07-11 14:00:00+00:00,55828.2,55340.5
2025-07-11 14:15:00+00:00,55458.7,55828.2
2025-07-11 14:30:00+00:00,55344.4,55458.7
2025-07-11 14:45:00+00:00,55256.0,55344.4
2025-07-11 15:00:00+00:00,55822.2,55256.0
2025-07-11 15:15:00+00:00,55811.0,55822.2
2025-07-11 15:30:00+00:00,56151.7,55811.0
2025-07-11 15:45:00+00:00,55879.8,56151.7
2025-07-11 16:00:00+00:00,56269.0,55879.8
2025-07-11 16:15:00+00:00,55856.6,56269.0
2025-07-11 16:30:00+00:00,55835.6,55856.6
2025-07-11 16:45:00+00:00,55214.3,55835.6
2025-07-11 17:00:00+00:00,54913.3,55214.3
2025-07-11 17:15:00+00:00,54589.9,54913.3
2025-07-11 17:30:00+00:00,54224.8,54589.9
2025-07-11 17:45:00+00:00,54060.2,54224.8
2025-07-11 18:00:00+00:00,53565.1,54060.2
2025-07-11 18:15:00+00:00,53018.4,53565.1
2025-07-11 18:30:00+00:00,52642.6,53018.4
2025-07-11 18:45:00+00:00,51874.9,52642.6
2025-07-11 19:00:00+00:00,50977.1,51874.9
2025-07-11 19:15:00+00:00,50697.7,50977.1
2025-07-11 19:30:00+00:00,50188.5,50697.7
2025-07-11 19:45:00+00:00,49811.1,50188.5
2025-07-11 20:00:00+00:00,49056.4,49811.1
2025-07-11 20:15:00+00:00,48436.0,49056.4
2025-07-11 20:30:00+00:00,47617.3,48436.0
2025-07-11 20:45:00+00:00,46813.6,47617.3
2025-07-11 21:00:00+00:00,45408.5,46813.6
2025-07-11 21:15:00+00:00,44696.7,45408.5
2025-07-11 21:30:00+00:00,44273.6,44696.7
2025-07-11 21:45:00+00:00,43831.0,44273.6
2025-07-11 22:00:00+00:00,43096.3,43831.0
2025-07-11 22:15:00+00:00,42565.9,43096.3
2025-07-11 22:30:00+00:00,42351.9,42565.9
2025-07-11 22:45:00+00:00,41980.6,42351.9
2025-07-11 23:00:00+00:00,40762.7,41980.6
2025-07-11 23:15:00+00:00,40287.6,40762.7
2025-07-11 23:30:00+00:00,40214.7,40287.6
2025-07-11 23:45:00+00:00,39947.7,40214.7
2025-07-12 00:00:00+00:00,39374.4,39947.7
2025-07-12 00:15:00+00:00,39358.6,39374.4
2025-07-12 00:30:00+00:00,39254.1,39358.6
2025-07-12 00:45:00+00:00,39298.5,39254.1
2025-07-12 01:00:00+00:00,38818.6,39298.5
2025-07-12 01:15:00+00:00,38981.5,38818.6
2025-07-12 01:30:00+00:00,39136.5,38981.5
2025-07-12 01:45:00+00:00,38971.2,39136.5
2025-07-12 02:00:00+00:00,38480.2,38971.2
2025-07-12 02:15:00+00:00,38361.3,38480.2
2025-07-12 02:30:00+00:00,38473.0,38361.3
2025-07-12 02:45:00+00:00,38506.1,38473.0
2025-07-12 03:00:00+00:00,38473.2,38506.1
2025-07-12 03:15:00+00:00,38282.8,38473.2
2025-07-12 03:30:00+00:00,38422.8,38282.8
2025-07-12 03:45:00+00:00,38693.9,38422.8
2025-07-12 04:00:00+00:00,39432.9,38693.9
2025-07-12 04:15:00+00:00,39866.5,39432.9
2025-07-12 04:30:00+00:00,40486.0,39866.5
2025-07-12 04:45:00+00:00,41099.4,40486.0
2025-07-12 05:00:00+00:00,41765.7,41099.4
2025-07-12 05:15:00+00:00,42614.9,41765.7
2025-07-12 05:30:00+00:00,43722.3,42614.9
2025-07-12 05:45:00+00:00,44505.0,43722.3
2025-07-12 06:00:00+00:00,45614.1,44505.0
2025-07-12 06:15:00+00:00,46644.0,45614.1
2025-07-12 06:30:00+00:00,47400.0,46644.0
2025-07-12 06:45:00+00:00,47940.4,47400.0
2025-07-12 07:00:00+00:00,48302.4,47940.4
2025-07-12 07:15:00+00:00,48886.9,48302.4
2025-07-12 07:30:00+00:00,49787.4,48886.9
2025-07-12 07:45:00+00:00,49833.4,49787.4
2025-07-12 08:00:00+00:00,50185.5,49833.4
2025-07-12 08:15:00+00:00,50318.5,50185.5
2025-07-12 08:30:00+00:00,50737.2,50318.5
2025-07-12 08:45:00+00:00,50705.0,50737.2
2025-07-12 09:00:00+00:00,50664.2,50705.0
2025-07-12 09:15:00+00:00,50401.1,50664.2
2025-07-12 09:30:00+00:00,50183.2,50401.1
2025-07-12 09:45:00+00:00,49497.5,50183.2
2025-07-12 10:00:00+00:00,49031.7,49497.5
2025-07-12 10:15:00+00:00,48681.6,49031.7
2025-07-12 10:30:00+00:00,48470.7,48681.6
2025-07-12 10:45:00+00:00,48094.9,48470.7
2025-07-12 11:00:00+00:00,47711.9,48094.9
2025-07-12 11:15:00+00:00,47170.1,47711.9
2025-07-12 11:30:00+00:00,47100.9,47170.1
2025-07-12 11:45:00+00:00,46673.2,47100.9
2025-07-12 12:00:00+00:00,46855.4,46673.2
2025-07-12 12:15:00+00:00,46512.2,46855.4
2025-07-12 12:30:00+00:00,46789.4,46512.2
2025-07-12 12:45:00+00:00,46643.8,46789.4
2025-07-12 13:00:00+00:00,46564.9,46643.8
2025-07-12 13:15:00+00:00,46343.3,46564.9
2025-07-12 13:30:00+00:00,45985.7,46343.3
2025-07-12 13:45:00+00:00,46168.7,45985.7
2025-07-12 14:00:00+00:00,47175.5,46168.7
2025-07-12 14:15:00+00:00,46779.0,47175.5
2025-07-12 14:30:00+00:00,46628.6,46779.0
2025-07-12 14:45:00+00:00,46355.3,46628.6
2025-07-12 15:00:00+00:00,46701.2,46355.3
2025-07-12 15:15:00+00:00,46988.9,46701.2
2025-07-12 15:30:00+00:00,47389.7,46988.9
2025-07-12 15:45:00+00:00,47421.0,47389.7
2025-07-12 16:00:00+00:00,47966.7,47421.0
2025-07-12 16:15:00+00:00,48421.4,47966.7
2025-07-12 16:30:00+00:00,48360.4,48421.4
2025-07-12 16:45:00+00:00,48586.8,48360.4
2025-07-12 17:00:00+00:00,48544.0,48586.8
2025-07-12 17:15:00+00:00,48299.5,48544.0
2025-07-12 17:30:00+00:00,48194.7,48299.5
2025-07-12 17:45:00+00:00,47778.2,48194.7
2025-07-12 18:00:00+00:00,47718.0,47778.2
2025-07-12 18:15:00+00:00,47563.3,47718.0
2025-07-12 18:30:00+00:00,47013.9,47563.3
2025-07-12 18:45:00+00:00,46550.0,47013.9
2025-07-12 19:00:00+00:00,45953.4,46550.0
2025-07-12 19:15:00+00:00,45304.5,45953.4
2025-07-12 19:30:00+00:00,45376.3,45304.5
2025-07-12 19:45:00+00:00,45481.2,45376.3
2025-07-12 20:00:00+00:00,45031.8,45481.2
2025-07-12 20:15:00+00:00,44602.1,45031.8
2025-07-12 20:30:00+00:00,44042.9,44602.1
2025-07-12 20:45:00+00:00,43464.7,44042.9
2025-07-12 21:00:00+00:00,42750.5,43464.7
2025-07-12 21:15:00+00:00,42274.7,42750.5
2025-07-12 21:30:00+00:00,41535.4,42274.7
2025-07-12 21:45:00+00:00,40926.4,41535.4
2025-07-12 22:00:00+00:00,39861.6,40926.4
2025-07-12 22:15:00+00:00,39598.0,39861.6
2025-07-12 22:30:00+00:00,39112.3,39598.0
2025-07-12 22:45:00+00:00,38540.8,39112.3
2025-07-12 23:00:00+00:00,38110.4,38540.8
2025-07-12 23:15:00+00:00,37734.8,38110.4
2025-07-12 23:30:00+00:00,37342.2,37734.8
2025-07-12 23:45:00+00:00,37009.2,37342.2
2025-07-13 00:00:00+00:00,36657.9,37009.2
2025-07-13 00:15:00+00:00,36548.8,36657.9
2025-07-13 00:30:00+00:00,36455.1,36548.8
2025-07-13 00:45:00+00:00,36393.8,36455.1
2025-07-13 01:00:00+00:00,36014.2,36393.8
2025-07-13 01:15:00+00:00,35735.1,36014.2
2025-07-13 01:30:00+00:00,35685.3,35735.1
2025-07-13 01:45:00+00:00,35800.8,35685.3
2025-07-13 02:00:00+00:00,35540.0,35800.8
2025-07-13 02:15:00+00:00,35553.4,35540.0
2025-07-13 02:30:00+00:00,35839.7,35553.4
2025-07-13 02:45:00+00:00,35623.0,35839.7
2025-07-13 03:00:00+00:00,35925.2,35623.0
2025-07-13 03:15:00+00:00,35781.0,35925.2
2025-07-13 03:30:00+00:00,35552.5,35781.0
2025-07-13 03:45:00+00:00,35416.4,35552.5
2025-07-13 04:00:00+00:00,35833.5,35416.4
2025-07-13 04:15:00+00:00,36009.1,35833.5
2025-07-13 04:30:00+00:00,36361.4,36009.1
2025-07-13 04:45:00+00:00,36981.9,36361.4
2025-07-13 05:00:00+00:00,36963.7,36981.9
2025-07-13 05:15:00+00:00,37555.1,36963.7
2025-07-13 05:30:00+00:00,38159.1,37555.1
2025-07-13 05:45:00+00:00,39100.5,38159.1
2025-07-13 06:00:00+00:00,39648.9,39100.5
2025-07-13 06:15:00+00:00,40547.9,39648.9
2025-07-13 06:30:00+00:00,41471.8,40547.9
2025-07-13 06:45:00+00:00,42232.5,41471.8
2025-07-13 07:00:00+00:00,42792.4,42232.5
2025-07-13 07:15:00+00:00,43141.0,42792.4
2025-07-13 07:30:00+00:00,43142.3,43141.0
2025-07-13 07:45:00+00:00,44282.7,43142.3
2025-07-13 08:00:00+00:00,44476.6,44282.7
2025-07-13 08:15:00+00:00,45113.4,44476.6
2025-07-13 08:30:00+00:00,45588.3,45113.4
2025-07-13 08:45:00+00:00,46080.2,45588.3
2025-07-13 09:00:00+00:00,45941.8,46080.2
2025-07-13 09:15:00+00:00,46378.9,45941.8
2025-07-13 09:30:00+00:00,46611.7,46378.9
2025-07-13 09:45:00+00:00,46762.2,46611.7
2025-07-13 10:00:00+00:00,46442.3,46762.2
2025-07-13 10:15:00+00:00,46173.9,46442.3
2025-07-13 10:30:00+00:00,45660.9,46173.9
2025-07-13 10:45:00+00:00,45219.2,45660.9
2025-07-13 11:00:00+00:00,44922.4,45219.2
2025-07-13 11:15:00+00:00,44376.0,44922.4
2025-07-13 11:30:00+00:00,43924.5,44376.0
2025-07-13 11:45:00+00:00,43640.5,43924.5
2025-07-13 12:00:00+00:00,43278.5,43640.5
2025-07-13 12:15:00+00:00,43060.1,43278.5
2025-07-13 12:30:00+00:00,42755.3,43060.1
2025-07-13 12:45:00+00:00,42301.2,42755.3
2025-07-13 13:00:00+00:00,42258.8,42301.2
2025-07-13 13:15:00+00:00,41691.3,42258.8
2025-07-13 13:30:00+00:00,41728.6,41691.3
2025-07-13 13:45:00+00:00,41601.9,41728.6
2025-07-13 14:00:00+00:00,42239.8,41601.9
2025-07-13 14:15:00+00:00,41955.4,42239.8
2025-07-13 14:30:00+00:00,42241.9,41955.4
2025-07-13 14:45:00+00:00,42378.9,42241.9
2025-07-13 15:00:00+00:00,42570.2,42378.9
2025-07-13 15:15:00+00:00,42780.3,42570.2
2025-07-13 15:30:00+00:00,43048.2,42780.3
2025-07-13 15:45:00+00:00,43429.1,43048.2
2025-07-13 16:00:00+00:00,44414.4,43429.1
2025-07-13 16:15:00+00:00,44509.3,44414.4
2025-07-13 16:30:00+00:00,45047.9,44509.3
2025-07-13 16:45:00+00:00,45208.3,45047.9
2025-07-13 17:00:00+00:00,45844.2,45208.3
2025-07-13 17:15:00+00:00,45841.5,45844.2
2025-07-13 17:30:00+00:00,45714.8,45841.5
2025-07-13 17:45:00+00:00,46097.7,45714.8
2025-07-13 18:00:00+00:00,45826.7,46097.7
2025-07-13 18:15:00+00:00,45513.9,45826.7
2025-07-13 18:30:00+00:00,45479.1,45513.9
2025-07-13 18:45:00+00:00,44974.1,45479.1
2025-07-13 19:00:00+00:00,45033.2,44974.1
2025-07-13 19:15:00+00:00,44888.0,45033.2
2025-07-13 19:30:00+00:00,44944.2,44888.0
2025-07-13 19:45:00+00:00,45180.4,44944.2
2025-07-13 20:00:00+00:00,45175.7,45180.4
2025-07-13 20:15:00+00:00,45081.1,45175.7
2025-07-13 20:30:00+00:00,44908.9,45081.1
2025-07-13 20:45:00+00:00,44148.6,44908.9
2025-07-13 21:00:00+00:00,43148.2,44148.6
2025-07-13 21:15:00+00:00,42291.7,43148.2
2025-07-13 21:30:00+00:00,41746.4,42291.7
2025-07-13 21:45:00+00:00,41395.8,41746.4
2025-07-13 22:00:00+00:00,40558.3,41395.8
2025-07-13 22:15:00+00:00,40076.4,40558.3
2025-07-13 22:30:00+00:00,39720.8,40076.4
2025-07-13 22:45:00+00:00,39340.8,39720.8
2025-07-13 23:00:00+00:00,38686.4,39340.8
2025-07-13 23:15:00+00:00,38157.0,38686.4
2025-07-13 23:30:00+00:00,37871.0,38157.0
2025-07-13 23:45:00+00:00,37873.4,37871.0
2025-07-14 00:00:00+00:00,37556.5,37873.4
2025-07-14 00:15:00+00:00,37512.2,37556.5
2025-07-14 00:30:00+00:00,37371.4,37512.2
2025-07-14 00:45:00+00:00,37251.8,37371.4
2025-07-14 01:00:00+00:00,37265.2,37251.8
2025-07-14 01:15:00+00:00,37272.1,37265.2
2025-07-14 01:30:00+00:00,37229.4,37272.1
2025-07-14 01:45:00+00:00,37300.1,37229.4
2025-07-14 02:00:00+00:00,37709.4,37300.1
2025-07-14 02:15:00+00:00,38009.1,37709.4
2025-07-14 02:30:00+00:00,38268.5,38009.1
2025-07-14 02:45:00+00:00,38660.8,38268.5
2025-07-14 03:00:00+00:00,39879.4,38660.8
2025-07-14 03:15:00+00:00,40105.2,39879.4
2025-07-14 03:30:00+00:00,41088.5,40105.2
2025-07-14 03:45:00+00:00,42649.7,41088.5
2025-07-14 04:00:00+00:00,45553.8,42649.7
2025-07-14 04:15:00+00:00,47526.3,45553.8
2025-07-14 04:30:00+00:00,48921.0,47526.3
2025-07-14 04:45:00+00:00,49998.4,48921.0
2025-07-14 05:00:00+00:00,51878.3,49998.4
2025-07-14 05:15:00+00:00,53059.6,51878.3
2025-07-14 05:30:00+00:00,54329.8,53059.6
2025-07-14 05:45:00+00:00,55151.1,54329.8
2025-07-14 06:00:00+00:00,56167.8,55151.1
2025-07-14 06:15:00+00:00,57206.9,56167.8
2025-07-14 06:30:00+00:00,57873.9,57206.9
2025-07-14 06:45:00+00:00,58097.6,57873.9
2025-07-14 07:00:00+00:00,57770.9,58097.6
2025-07-14 07:15:00+00:00,58270.2,57770.9
2025-07-14 07:30:00+00:00,58860.6,58270.2
2025-07-14 07:45:00+00:00,59138.3,58860.6
2025-07-14 08:00:00+00:00,59313.1,59138.3
2025-07-14 08:15:00+00:00,59181.8,59313.1
2025-07-14 08:30:00+00:00,59435.0,59181.8
2025-07-14 08:45:00+00:00,59288.1,59435.0
2025-07-14 09:00:00+00:00,59031.9,59288.1
2025-07-14 09:15:00+00:00,59053.4,59031.9
2025-07-14 09:30:00+00:00,59475.9,59053.4
2025-07-14 09:45:00+00:00,59860.8,59475.9
2025-07-14 10:00:00+00:00,59582.1,59860.8
2025-07-14 10:15:00+00:00,59153.7,59582.1
2025-07-14 10:30:00+00:00,59020.4,59153.7
2025-07-14 10:45:00+00:00,59334.5,59020.4
2025-07-14 11:00:00+00:00,59263.1,59334.5
2025-07-14 11:15:00+00:00,58881.4,59263.1
2025-07-14 11:30:00+00:00,57861.9,58881.4
2025-07-14 11:45:00+00:00,58104.4,57861.9
2025-07-14 12:00:00+00:00,57873.9,58104.4
2025-07-14 12:15:00+00:00,57746.4,57873.9
2025-07-14 12:30:00+00:00,57129.1,57746.4
2025-07-14 12:45:00+00:00,56582.3,57129.1
2025-07-14 13:00:00+00:00,56426.7,56582.3
2025-07-14 13:15:00+00:00,56254.6,56426.7
2025-07-14 13:30:00+00:00,56187.5,56254.6
2025-07-14 13:45:00+00:00,55733.3,56187.5
2025-07-14 14:00:00+00:00,55947.7,55733.3
2025-07-14 14:15:00+00:00,55494.8,55947.7
2025-07-14 14:30:00+00:00,54713.4,55494.8
2025-07-14 14:45:00+00:00,54832.3,54713.4
2025-07-14 15:00:00+00:00,55080.6,54832.3
2025-07-14 15:15:00+00:00,55524.8,55080.6
2025-07-14 15:30:00+00:00,55764.3,55524.8
2025-07-14 15:45:00+00:00,56076.7,55764.3
2025-07-14 16:00:00+00:00,56289.7,56076.7
2025-07-14 16:15:00+00:00,56126.4,56289.7
2025-07-14 16:30:00+00:00,55757.2,56126.4
2025-07-14 16:45:00+00:00,55665.6,55757.2
2025-07-14 17:00:00+00:00,56085.6,55665.6
2025-07-14 17:15:00+00:00,55714.3,56085.6
2025-07-14 17:30:00+00:00,55517.7,55714.3
2025-07-14 17:45:00+00:00,55353.0,55517.7
2025-07-14 18:00:00+00:00,55046.3,55353.0
2025-07-14 18:15:00+00:00,54076.4,55046.3
2025-07-14 18:30:00+00:00,53675.8,54076.4
2025-07-14 18:45:00+00:00,52894.8,53675.8
2025-07-14 19:00:00+00:00,52140.9,52894.8
2025-07-14 19:15:00+00:00,51829.2,52140.9
2025-07-14 19:30:00+00:00,51393.9,51829.2
2025-07-14 19:45:00+00:00,51185.8,51393.9
2025-07-14 20:00:00+00:00,50102.6,51185.8
2025-07-14 20:15:00+00:00,49774.5,50102.6
2025-07-14 20:30:00+00:00,49092.6,49774.5
2025-07-14 20:45:00+00:00,48003.7,49092.6
2025-07-14 21:00:00+00:00,47148.8,48003.7
2025-07-14 21:15:00+00:00,46103.7,47148.8
2025-07-14 21:30:00+00:00,45712.9,46103.7
2025-07-14 21:45:00+00:00,44949.5,45712.9
2025-07-14 22:00:00+00:00,44418.1,44949.5
2025-07-14 22:15:00+00:00,43918.4,44418.1
2025-07-14 22:30:00+00:00,43389.0,43918.4
2025-07-14 22:45:00+00:00,43095.9,43389.0
2025-07-14 23:00:00+00:00,41822.5,43095.9
2025-07-14 23:15:00+00:00,41519.9,41822.5
2025-07-14 23:30:00+00:00,41090.5,41519.9
2025-07-14 23:45:00+00:00,40973.2,41090.5
2025-07-15 00:00:00+00:00,40256.5,40973.2
2025-07-15 00:15:00+00:00,39777.2,40256.5
2025-07-15 00:30:00+00:00,39653.7,39777.2
2025-07-15 00:45:00+00:00,39772.1,39653.7
2025-07-15 01:00:00+00:00,39845.0,39772.1
2025-07-15 01:15:00+00:00,39855.1,39845.0
2025-07-15 01:30:00+00:00,40054.2,39855.1
2025-07-15 01:45:00+00:00,40146.9,40054.2
2025-07-15 02:00:00+00:00,40913.7,40146.9
2025-07-15 02:15:00+00:00,40832.8,40913.7
2025-07-15 02:30:00+00:00,40829.4,40832.8
2025-07-15 02:45:00+00:00,41162.8,40829.4
2025-07-15 03:00:00+00:00,42388.8,41162.8
2025-07-15 03:15:00+00:00,42631.3,42388.8
2025-07-15 03:30:00+00:00,43384.8,42631.3
2025-07-15 03:45:00+00:00,44511.5,43384.8
2025-07-15 04:00:00+00:00,46999.6,44511.5
2025-07-15 04:15:00+00:00,48478.6,46999.6
2025-07-15 04:30:00+00:00,49655.9,48478.6
2025-07-15 04:45:00+00:00,51094.3,49655.9
2025-07-15 05:00:00+00:00,52742.6,51094.3
2025-07-15 05:15:00+00:00,53753.3,52742.6
2025-07-15 05:30:00+00:00,54667.2,53753.3
2025-07-15 05:45:00+00:00,55620.7,54667.2
2025-07-15 06:00:00+00:00,55809.4,55620.7
2025-07-15 06:15:00+00:00,56489.2,55809.4
2025-07-15 06:30:00+00:00,57358.2,56489.2
2025-07-15 06:45:00+00:00,57910.3,57358.2
2025-07-15 07:00:00+00:00,57182.7,57910.3
2025-07-15 07:15:00+00:00,57091.2,57182.7
2025-07-15 07:30:00+00:00,57875.8,57091.2
2025-07-15 07:45:00+00:00,58122.9,57875.8
2025-07-15 08:00:00+00:00,58338.6,58122.9
2025-07-15 08:15:00+00:00,58455.8,58338.6
2025-07-15 08:30:00+00:00,58784.6,58455.8
2025-07-15 08:45:00+00:00,59078.6,58784.6
2025-07-15 09:00:00+00:00,59448.1,59078.6
2025-07-15 09:15:00+00:00,59596.5,59448.1
2025-07-15 09:30:00+00:00,59851.4,59596.5
2025-07-15 09:45:00+00:00,57814.2,59851.4
2025-07-15 10:00:00+00:00,56853.6,57814.2
2025-07-15 10:15:00+00:00,57090.1,56853.6
2025-07-15 10:30:00+00:00,56980.8,57090.1
2025-07-15 10:45:00+00:00,57244.6,56980.8
2025-07-15 11:00:00+00:00,57097.2,57244.6
2025-07-15 11:15:00+00:00,56781.3,57097.2
2025-07-15 11:30:00+00:00,55802.0,56781.3
2025-07-15 11:45:00+00:00,55351.4,55802.0
2025-07-15 12:00:00+00:00,54030.4,55351.4
2025-07-15 12:15:00+00:00,54073.0,54030.4
2025-07-15 12:30:00+00:00,54401.6,54073.0
2025-07-15 12:45:00+00:00,55608.5,54401.6
2025-07-15 13:00:00+00:00,56137.6,55608.5
2025-07-15 13:15:00+00:00,56045.6,56137.6
2025-07-15 13:30:00+00:00,55785.4,56045.6
2025-07-15 13:45:00+00:00,55314.2,55785.4
2025-07-15 14:00:00+00:00,54719.9,55314.2
2025-07-15 14:15:00+00:00,54639.9,54719.9
2025-07-15 14:30:00+00:00,54291.3,54639.9
2025-07-15 14:45:00+00:00,53787.9,54291.3
2025-07-15 15:00:00+00:00,54554.8,53787.9
2025-07-15 15:15:00+00:00,54824.4,54554.8
2025-07-15 15:30:00+00:00,55151.7,54824.4
2025-07-15 15:45:00+00:00,55396.1,55151.7
2025-07-15 16:00:00+00:00,55328.4,55396.1
2025-07-15 16:15:00+00:00,55040.0,55328.4
2025-07-15 16:30:00+00:00,55463.1,55040.0
2025-07-15 16:45:00+00:00,55732.5,55463.1
2025-07-15 17:00:00+00:00,56433.3,55732.5
2025-07-15 17:15:00+00:00,55989.8,56433.3
2025-07-15 17:30:00+00:00,55889.9,55989.8
2025-07-15 17:45:00+00:00,55678.4,55889.9
2025-07-15 18:00:00+00:00,54969.0,55678.4
2025-07-15 18:15:00+00:00,54269.5,54969.0
2025-07-15 18:30:00+00:00,53787.1,54269.5
2025-07-15 18:45:00+00:00,53234.8,53787.1
2025-07-15 19:00:00+00:00,52568.8,53234.8
2025-07-15 19:15:00+00:00,52199.7,52568.8
2025-07-15 19:30:00+00:00,51721.8,52199.7
2025-07-15 19:45:00+00:00,51181.0,51721.8
2025-07-15 20:00:00+00:00,50280.1,51181.0
2025-07-15 20:15:00+00:00,49784.4,50280.1
2025-07-15 20:30:00+00:00,48744.5,49784.4
2025-07-15 20:45:00+00:00,48032.3,48744.5
2025-07-15 21:00:00+00:00,46992.2,48032.3
2025-07-15 21:15:00+00:00,46227.2,46992.2
2025-07-15 21:30:00+00:00,45502.8,46227.2
2025-07-15 21:45:00+00:00,45139.9,45502.8
2025-07-15 22:00:00+00:00,44178.8,45139.9
2025-07-15 22:15:00+00:00,43595.7,44178.8
2025-07-15 22:30:00+00:00,43409.2,43595.7
2025-07-15 22:45:00+00:00,42962.3,43409.2
2025-07-15 23:00:00+00:00,42654.0,42962.3
2025-07-15 23:15:00+00:00,42507.2,42654.0
2025-07-15 23:30:00+00:00,42106.2,42507.2
2025-07-15 23:45:00+00:00,42097.0,42106.2
2025-07-16 00:00:00+00:00,41464.2,42097.0
2025-07-16 00:15:00+00:00,41164.8,41464.2
2025-07-16 00:30:00+00:00,41323.0,41164.8
2025-07-16 00:45:00+00:00,41160.9,41323.0
2025-07-16 01:00:00+00:00,41091.5,41160.9
2025-07-16 01:15:00+00:00,40903.7,41091.5
2025-07-16 01:30:00+00:00,40922.9,40903.7
2025-07-16 01:45:00+00:00,41078.7,40922.9
2025-07-16 02:00:00+00:00,41125.9,41078.7
2025-07-16 02:15:00+00:00,41272.1,41125.9
2025-07-16 02:30:00+00:00,41829.8,41272.1
2025-07-16 02:45:00+00:00,42123.2,41829.8
2025-07-16 03:00:00+00:00,43629.0,42123.2
2025-07-16 03:15:00+00:00,44132.7,43629.0
2025-07-16 03:30:00+00:00,45197.5,44132.7
2025-07-16 03:45:00+00:00,46530.5,45197.5
2025-07-16 04:00:00+00:00,49199.2,46530.5
2025-07-16 04:15:00+00:00,51153.9,49199.2
2025-07-16 04:30:00+00:00,52448.4,51153.9
2025-07-16 04:45:00+00:00,53652.7,52448.4
2025-07-16 05:00:00+00:00,55194.8,53652.7
2025-07-16 05:15:00+00:00,56049.2,55194.8
2025-07-16 05:30:00+00:00,56954.8,56049.2
2025-07-16 05:45:00+00:00,57959.8,56954.8
2025-07-16 06:00:00+00:00,58360.6,57959.8
2025-07-16 06:15:00+00:00,59315.8,58360.6
2025-07-16 06:30:00+00:00,59924.5,59315.8
2025-07-16 06:45:00+00:00,60409.5,59924.5
2025-07-16 07:00:00+00:00,60026.3,60409.5
2025-07-16 07:15:00+00:00,60281.6,60026.3
2025-07-16 07:30:00+00:00,60627.5,60281.6
2025-07-16 07:45:00+00:00,61185.9,60627.5
2025-07-16 08:00:00+00:00,60766.0,61185.9
2025-07-16 08:15:00+00:00,60876.5,60766.0
2025-07-16 08:30:00+00:00,61551.8,60876.5
2025-07-16 08:45:00+00:00,61541.1,61551.8
2025-07-16 09:00:00+00:00,61090.5,61541.1
2025-07-16 09:15:00+00:00,60912.4,61090.5
2025-07-16 09:30:00+00:00,60894.4,60912.4
2025-07-16 09:45:00+00:00,60634.9,60894.4
2025-07-16 10:00:00+00:00,60193.6,60634.9
2025-07-16 10:15:00+00:00,59716.8,60193.6
2025-07-16 10:30:00+00:00,59534.8,59716.8
2025-07-16 10:45:00+00:00,59324.5,59534.8
2025-07-16 11:00:00+00:00,58726.8,59324.5
2025-07-16 11:15:00+00:00,58706.1,58726.8
2025-07-16 11:30:00+00:00,58591.4,58706.1
2025-07-16 11:45:00+00:00,58215.7,58591.4
2025-07-16 12:00:00+00:00,58087.3,58215.7
2025-07-16 12:15:00+00:00,57483.4,58087.3
2025-07-16 12:30:00+00:00,57397.5,57483.4
2025-07-16 12:45:00+00:00,56665.7,57397.5
2025-07-16 13:00:00+00:00,56342.7,56665.7
2025-07-16 13:15:00+00:00,56318.7,56342.7
2025-07-16 13:30:00+00:00,56245.4,56318.7
2025-07-16 13:45:00+00:00,56025.1,56245.4
2025-07-16 14:00:00+00:00,56162.3,56025.1
2025-07-16 14:15:00+00:00,55876.8,56162.3
2025-07-16 14:30:00+00:00,55635.5,55876.8
2025-07-16 14:45:00+00:00,55164.0,55635.5
2025-07-16 15:00:00+00:00,55619.1,55164.0
2025-07-16 15:15:00+00:00,55630.1,55619.1
2025-07-16 15:30:00+00:00,56627.7,55630.1
2025-07-16 15:45:00+00:00,56896.4,56627.7
2025-07-16 16:00:00+00:00,56839.7,56896.4
2025-07-16 16:15:00+00:00,56235.8,56839.7
2025-07-16 16:30:00+00:00,56375.6,56235.8
2025-07-16 16:45:00+00:00,55892.6,56375.6
2025-07-16 17:00:00+00:00,55780.3,55892.6
2025-07-16 17:15:00+00:00,54909.3,55780.3
2025-07-16 17:30:00+00:00,54607.1,54909.3
2025-07-16 17:45:00+00:00,54254.4,54607.1
2025-07-16 18:00:00+00:00,53749.6,54254.4
2025-07-16 18:15:00+00:00,53071.6,53749.6
2025-07-16 18:30:00+00:00,52563.0,53071.6
2025-07-16 18:45:00+00:00,51834.4,52563.0
2025-07-16 19:00:00+00:00,51673.5,51834.4
2025-07-16 19:15:00+00:00,50933.7,51673.5
2025-07-16 19:30:00+00:00,50611.9,50933.7
2025-07-16 19:45:00+00:00,50287.9,50611.9
2025-07-16 20:00:00+00:00,49348.8,50287.9
2025-07-16 20:15:00+00:00,49041.3,49348.8
2025-07-16 20:30:00+00:00,48255.4,49041.3
2025-07-16 20:45:00+00:00,47506.7,48255.4
2025-07-16 21:00:00+00:00,46654.7,47506.7
2025-07-16 21:15:00+00:00,45857.8,46654.7
2025-07-16 21:30:00+00:00,44951.2,45857.8
2025-07-16 21:45:00+00:00,44432.5,44951.2
2025-07-16 22:00:00+00:00,43669.6,44432.5
2025-07-16 22:15:00+00:00,43205.9,43669.6
2025-07-16 22:30:00+00:00,42861.5,43205.9
2025-07-16 22:45:00+00:00,42529.9,42861.5
2025-07-16 23:00:00+00:00,41905.6,42529.9
2025-07-16 23:15:00+00:00,41477.4,41905.6
2025-07-16 23:30:00+00:00,41237.6,41477.4
2025-07-16 23:45:00+00:00,41098.3,41237.6
2025-07-17 00:00:00+00:00,40775.9,41098.3
2025-07-17 00:15:00+00:00,40710.0,40775.9
2025-07-17 00:30:00+00:00,40686.2,40710.0
2025-07-17 00:45:00+00:00,40868.6,40686.2
2025-07-17 01:00:00+00:00,40672.6,40868.6
2025-07-17 01:15:00+00:00,40948.0,40672.6
2025-07-17 01:30:00+00:00,41143.8,40948.0
2025-07-17 01:45:00+00:00,41295.6,41143.8
2025-07-17 02:00:00+00:00,41637.4,41295.6
2025-07-17 02:15:00+00:00,41788.7,41637.4
2025-07-17 02:30:00+00:00,42104.7,41788.7
2025-07-17 02:45:00+00:00,42482.0,42104.7
2025-07-17 03:00:00+00:00,43689.2,42482.0
2025-07-17 03:15:00+00:00,44428.9,43689.2
2025-07-17 03:30:00+00:00,45340.3,44428.9
2025-07-17 03:45:00+00:00,46557.4,45340.3
2025-07-17 04:00:00+00:00,48949.5,46557.4
2025-07-17 04:15:00+00:00,50564.8,48949.5
2025-07-17 04:30:00+00:00,51959.3,50564.8
2025-07-17 04:45:00+00:00,52878.4,51959.3
2025-07-17 05:00:00+00:00,54391.5,52878.4
2025-07-17 05:15:00+00:00,55373.8,54391.5
2025-07-17 05:30:00+00:00,55927.5,55373.8
2025-07-17 05:45:00+00:00,56779.9,55927.5
2025-07-17 06:00:00+00:00,57706.2,56779.9
2025-07-17 06:15:00+00:00,58524.4,57706.2
2025-07-17 06:30:00+00:00,59220.4,58524.4
2025-07-17 06:45:00+00:00,59588.0,59220.4
2025-07-17 07:00:00+00:00,59210.3,59588.0
2025-07-17 07:15:00+00:00,58860.0,59210.3
2025-07-17 07:30:00+00:00,59117.8,58860.0
2025-07-17 07:45:00+00:00,59507.8,59117.8
2025-07-17 08:00:00+00:00,59235.7,59507.8
2025-07-17 08:15:00+00:00,59114.3,59235.7
2025-07-17 08:30:00+00:00,59532.7,59114.3
2025-07-17 08:45:00+00:00,60226.3,59532.7
2025-07-17 09:00:00+00:00,60351.8,60226.3
2025-07-17 09:15:00+00:00,60192.0,60351.8
2025-07-17 09:30:00+00:00,59754.8,60192.0
2025-07-17 09:45:00+00:00,59874.4,59754.8
2025-07-17 10:00:00+00:00,59451.7,59874.4
2025-07-17 10:15:00+00:00,58932.5,59451.7
2025-07-17 10:30:00+00:00,59041.5,58932.5
2025-07-17 10:45:00+00:00,59169.8,59041.5
2025-07-17 11:00:00+00:00,59112.1,59169.8
2025-07-17 11:15:00+00:00,58335.4,59112.1
2025-07-17 11:30:00+00:00,57972.2,58335.4
2025-07-17 11:45:00+00:00,57179.7,57972.2
2025-07-17 12:00:00+00:00,56923.9,57179.7
2025-07-17 12:15:00+00:00,56259.8,56923.9
2025-07-17 12:30:00+00:00,56192.6,56259.8
2025-07-17 12:45:00+00:00,55828.8,56192.6
2025-07-17 13:00:00+00:00,56053.8,55828.8
2025-07-17 13:15:00+00:00,55554.9,56053.8
2025-07-17 13:30:00+00:00,55350.3,55554.9
2025-07-17 13:45:00+00:00,54996.4,55350.3
2025-07-17 14:00:00+00:00,54981.5,54996.4
2025-07-17 14:15:00+00:00,54301.3,54981.5
2025-07-17 14:30:00+00:00,54027.3,54301.3
2025-07-17 14:45:00+00:00,54315.0,54027.3
2025-07-17 15:00:00+00:00,54559.3,54315.0
2025-07-17 15:15:00+00:00,54721.8,54559.3
2025-07-17 15:30:00+00:00,54905.9,54721.8
2025-07-17 15:45:00+00:00,55266.6,54905.9
2025-07-17 16:00:00+00:00,55563.6,55266.6
2025-07-17 16:15:00+00:00,55256.4,55563.6
2025-07-17 16:30:00+00:00,55396.0,55256.4
2025-07-17 16:45:00+00:00,55271.4,55396.0
2025-07-17 17:00:00+00:00,55441.1,55271.4
2025-07-17 17:15:00+00:00,54881.3,55441.1
2025-07-17 17:30:00+00:00,54721.2,54881.3
2025-07-17 17:45:00+00:00,54533.2,54721.2
2025-07-17 18:00:00+00:00,54000.0,54533.2
2025-07-17 18:15:00+00:00,53544.5,54000.0
2025-07-17 18:30:00+00:00,53015.2,53544.5
2025-07-17 18:45:00+00:00,52262.0,53015.2
2025-07-17 19:00:00+00:00,51621.8,52262.0
2025-07-17 19:15:00+00:00,51213.7,51621.8
2025-07-17 19:30:00+00:00,51077.2,51213.7
2025-07-17 19:45:00+00:00,50680.4,51077.2
2025-07-17 20:00:00+00:00,50083.7,50680.4
2025-07-17 20:15:00+00:00,49191.0,50083.7
2025-07-17 20:30:00+00:00,48063.9,49191.0
2025-07-17 20:45:00+00:00,47168.1,48063.9
2025-07-17 21:00:00+00:00,46380.9,47168.1
2025-07-17 21:15:00+00:00,45555.5,46380.9
2025-07-17 21:30:00+00:00,44656.0,45555.5
2025-07-17 21:45:00+00:00,44048.6,44656.0
2025-07-17 22:00:00+00:00,43396.2,44048.6
2025-07-17 22:15:00+00:00,42808.9,43396.2
2025-07-17 22:30:00+00:00,42378.1,42808.9
2025-07-17 22:45:00+00:00,42083.8,42378.1
2025-07-17 23:00:00+00:00,41487.9,42083.8
2025-07-17 23:15:00+00:00,41121.6,41487.9
2025-07-17 23:30:00+00:00,40784.4,41121.6
2025-07-17 23:45:00+00:00,40251.9,40784.4
2025-07-18 00:00:00+00:00,39928.2,40251.9
2025-07-18 00:15:00+00:00,39910.2,39928.2
2025-07-18 00:30:00+00:00,39778.8,39910.2
2025-07-18 00:45:00+00:00,39724.7,39778.8
2025-07-18 01:00:00+00:00,39499.4,39724.7
2025-07-18 01:15:00+00:00,39643.0,39499.4
2025-07-18 01:30:00+00:00,39764.5,39643.0
2025-07-18 01:45:00+00:00,39660.8,39764.5
2025-07-18 02:00:00+00:00,39953.6,39660.8
2025-07-18 02:15:00+00:00,40157.3,39953.6
2025-07-18 02:30:00+00:00,40583.5,40157.3
2025-07-18 02:45:00+00:00,41233.0,40583.5
2025-07-18 03:00:00+00:00,42277.9,41233.0
2025-07-18 03:15:00+00:00,42784.0,42277.9
2025-07-18 03:30:00+00:00,43634.5,42784.0
2025-07-18 03:45:00+00:00,44892.9,43634.5
2025-07-18 04:00:00+00:00,47162.1,44892.9
2025-07-18 04:15:00+00:00,48720.8,47162.1
2025-07-18 04:30:00+00:00,49773.6,48720.8
2025-07-18 04:45:00+00:00,51169.4,49773.6
2025-07-18 05:00:00+00:00,52454.3,51169.4
2025-07-18 05:15:00+00:00,53504.2,52454.3
2025-07-18 05:30:00+00:00,54382.4,53504.2
2025-07-18 05:45:00+00:00,55233.4,54382.4
2025-07-18 06:00:00+00:00,56167.0,55233.4
2025-07-18 06:15:00+00:00,56495.0,56167.0
2025-07-18 06:30:00+00:00,56876.5,56495.0
2025-07-18 06:45:00+00:00,57237.4,56876.5
2025-07-18 07:00:00+00:00,56716.1,57237.4
2025-07-18 07:15:00+00:00,57021.0,56716.1
2025-07-18 07:30:00+00:00,57427.4,57021.0
2025-07-18 07:45:00+00:00,57202.6,57427.4
2025-07-18 08:00:00+00:00,56890.7,57202.6
2025-07-18 08:15:00+00:00,56789.6,56890.7
2025-07-18 08:30:00+00:00,57367.5,56789.6
2025-07-18 08:45:00+00:00,57708.0,57367.5
2025-07-18 09:00:00+00:00,57028.6,57708.0
2025-07-18 09:15:00+00:00,57231.9,57028.6
2025-07-18 09:30:00+00:00,57062.3,57231.9
2025-07-18 09:45:00+00:00,56628.3,57062.3
2025-07-18 10:00:00+00:00,56598.4,56628.3
2025-07-18 10:15:00+00:00,55949.7,56598.4
2025-07-18 10:30:00+00:00,55844.7,55949.7
2025-07-18 10:45:00+00:00,55783.2,55844.7
2025-07-18 11:00:00+00:00,55304.7,55783.2
2025-07-18 11:15:00+00:00,54814.6,55304.7
2025-07-18 11:30:00+00:00,54691.4,54814.6
2025-07-18 11:45:00+00:00,54457.7,54691.4
2025-07-18 12:00:00+00:00,53773.0,54457.7
2025-07-18 12:15:00+00:00,52963.0,53773.0
2025-07-18 12:30:00+00:00,52711.9,52963.0
2025-07-18 12:45:00+00:00,52380.4,52711.9
2025-07-18 13:00:00+00:00,52294.0,52380.4
2025-07-18 13:15:00+00:00,52286.6,52294.0
2025-07-18 13:30:00+00:00,52095.0,52286.6
2025-07-18 13:45:00+00:00,51846.8,52095.0
2025-07-18 14:00:00+00:00,52098.6,51846.8
2025-07-18 14:15:00+00:00,51731.9,52098.6
2025-07-18 14:30:00+00:00,52068.2,51731.9
2025-07-18 14:45:00+00:00,52069.5,52068.2
2025-07-18 15:00:00+00:00,52353.6,52069.5
2025-07-18 15:15:00+00:00,52433.3,52353.6
2025-07-18 15:30:00+00:00,51852.3,52433.3
2025-07-18 15:45:00+00:00,51934.2,51852.3
2025-07-18 16:00:00+00:00,52053.2,51934.2
2025-07-18 16:15:00+00:00,51942.9,52053.2
2025-07-18 16:30:00+00:00,51977.4,51942.9
2025-07-18 16:45:00+00:00,51891.8,51977.4
2025-07-18 17:00:00+00:00,51952.1,51891.8
2025-07-18 17:15:00+00:00,51810.0,51952.1
2025-07-18 17:30:00+00:00,51737.9,51810.0
2025-07-18 17:45:00+00:00,51393.0,51737.9
2025-07-18 18:00:00+00:00,51167.6,51393.0
2025-07-18 18:15:00+00:00,50555.6,51167.6
2025-07-18 18:30:00+00:00,50076.1,50555.6
2025-07-18 18:45:00+00:00,49498.9,50076.1
2025-07-18 19:00:00+00:00,49184.2,49498.9
2025-07-18 19:15:00+00:00,48375.6,49184.2
2025-07-18 19:30:00+00:00,48179.9,48375.6
2025-07-18 19:45:00+00:00,48094.8,48179.9
2025-07-18 20:00:00+00:00,47017.2,48094.8
2025-07-18 20:15:00+00:00,46549.0,47017.2
2025-07-18 20:30:00+00:00,45909.5,46549.0
2025-07-18 20:45:00+00:00,45186.4,45909.5
2025-07-18 21:00:00+00:00,44159.7,45186.4
2025-07-18 21:15:00+00:00,43476.7,44159.7
2025-07-18 21:30:00+00:00,42946.4,43476.7
2025-07-18 21:45:00+00:00,42294.9,42946.4
2025-07-18 22:00:00+00:00,41842.5,42294.9
2025-07-18 22:15:00+00:00,41290.8,41842.5
2025-07-18 22:30:00+00:00,40833.9,41290.8
2025-07-18 22:45:00+00:00,40247.6,40833.9
2025-07-18 23:00:00+00:00,39655.3,40247.6
2025-07-18 23:15:00+00:00,39180.1,39655.3
2025-07-18 23:30:00+00:00,39097.7,39180.1
2025-07-18 23:45:00+00:00,38677.0,39097.7
2025-07-19 00:00:00+00:00,38106.9,38677.0
2025-07-19 00:15:00+00:00,37847.6,38106.9
2025-07-19 00:30:00+00:00,37741.2,37847.6
2025-07-19 00:45:00+00:00,37582.4,37741.2
2025-07-19 01:00:00+00:00,37452.1,37582.4
2025-07-19 01:15:00+00:00,37326.5,37452.1
2025-07-19 01:30:00+00:00,37139.9,37326.5
2025-07-19 01:45:00+00:00,37147.5,37139.9
2025-07-19 02:00:00+00:00,37227.6,37147.5
2025-07-19 02:15:00+00:00,37180.7,37227.6
2025-07-19 02:30:00+00:00,37042.3,37180.7
2025-07-19 02:45:00+00:00,37109.6,37042.3
2025-07-19 03:00:00+00:00,37395.2,37109.6
2025-07-19 03:15:00+00:00,37259.9,37395.2
2025-07-19 03:30:00+00:00,37162.2,37259.9
2025-07-19 03:45:00+00:00,37357.6,37162.2
2025-07-19 04:00:00+00:00,38069.4,37357.6
2025-07-19 04:15:00+00:00,38710.0,38069.4
2025-07-19 04:30:00+00:00,39230.3,38710.0
2025-07-19 04:45:00+00:00,39161.7,39230.3
2025-07-19 05:00:00+00:00,39699.8,39161.7
2025-07-19 05:15:00+00:00,40695.8,39699.8
2025-07-19 05:30:00+00:00,41781.1,40695.8
2025-07-19 05:45:00+00:00,42681.8,41781.1
2025-07-19 06:00:00+00:00,43559.1,42681.8
2025-07-19 06:15:00+00:00,44164.8,43559.1
2025-07-19 06:30:00+00:00,45032.3,44164.8
2025-07-19 06:45:00+00:00,45429.2,45032.3
2025-07-19 07:00:00+00:00,45737.1,45429.2
2025-07-19 07:15:00+00:00,46426.3,45737.1
2025-07-19 07:30:00+00:00,46598.5,46426.3
2025-07-19 07:45:00+00:00,47294.3,46598.5
2025-07-19 08:00:00+00:00,46946.8,47294.3
2025-07-19 08:15:00+00:00,47284.9,46946.8
2025-07-19 08:30:00+00:00,47227.6,47284.9
2025-07-19 08:45:00+00:00,47269.7,47227.6
2025-07-19 09:00:00+00:00,47392.3,47269.7
2025-07-19 09:15:00+00:00,47435.6,47392.3
2025-07-19 09:30:00+00:00,47311.2,47435.6
2025-07-19 09:45:00+00:00,47173.5,47311.2
2025-07-19 10:00:00+00:00,46698.5,47173.5
2025-07-19 10:15:00+00:00,46446.3,46698.5
2025-07-19 10:30:00+00:00,46360.8,46446.3
2025-07-19 10:45:00+00:00,46291.8,46360.8
2025-07-19 11:00:00+00:00,45855.9,46291.8
2025-07-19 11:15:00+00:00,45570.3,45855.9
2025-07-19 11:30:00+00:00,45480.8,45570.3
2025-07-19 11:45:00+00:00,45608.4,45480.8
2025-07-19 12:00:00+00:00,45680.2,45608.4
2025-07-19 12:15:00+00:00,45429.2,45680.2
2025-07-19 12:30:00+00:00,45268.2,45429.2
2025-07-19 12:45:00+00:00,45118.3,45268.2
2025-07-19 13:00:00+00:00,45458.2,45118.3
2025-07-19 13:15:00+00:00,45052.0,45458.2
2025-07-19 13:30:00+00:00,45072.7,45052.0
2025-07-19 13:45:00+00:00,44683.7,45072.7
2025-07-19 14:00:00+00:00,45170.9,44683.7
2025-07-19 14:15:00+00:00,45115.2,45170.9
2025-07-19 14:30:00+00:00,44776.2,45115.2
2025-07-19 14:45:00+00:00,44538.3,44776.2
2025-07-19 15:00:00+00:00,45684.0,44538.3
2025-07-19 15:15:00+00:00,45931.8,45684.0
2025-07-19 15:30:00+00:00,46300.6,45931.8
2025-07-19 15:45:00+00:00,45974.5,46300.6
2025-07-19 16:00:00+00:00,46398.1,45974.5
2025-07-19 16:15:00+00:00,46451.6,46398.1
2025-07-19 16:30:00+00:00,46391.2,46451.6
2025-07-19 16:45:00+00:00,46718.3,46391.2
2025-07-19 17:00:00+00:00,46903.2,46718.3
2025-07-19 17:15:00+00:00,46517.8,46903.2
2025-07-19 17:30:00+00:00,46388.4,46517.8
2025-07-19 17:45:00+00:00,46479.5,46388.4
2025-07-19 18:00:00+00:00,46011.2,46479.5
2025-07-19 18:15:00+00:00,45534.5,46011.2
2025-07-19 18:30:00+00:00,45349.3,45534.5
2025-07-19 18:45:00+00:00,45026.9,45349.3
2025-07-19 19:00:00+00:00,44092.6,45026.9
2025-07-19 19:15:00+00:00,43834.6,44092.6
2025-07-19 19:30:00+00:00,44149.9,43834.6
2025-07-19 19:45:00+00:00,44431.1,44149.9
2025-07-19 20:00:00+00:00,44504.1,44431.1
2025-07-19 20:15:00+00:00,43709.4,44504.1
2025-07-19 20:30:00+00:00,43231.3,43709.4
2025-07-19 20:45:00+00:00,42778.7,43231.3
2025-07-19 21:00:00+00:00,42193.6,42778.7
2025-07-19 21:15:00+00:00,41421.1,42193.6
2025-07-19 21:30:00+00:00,40799.8,41421.1
2025-07-19 21:45:00+00:00,40202.5,40799.8
2025-07-19 22:00:00+00:00,39442.7,40202.5
2025-07-19 22:15:00+00:00,38778.2,39442.7
2025-07-19 22:30:00+00:00,38048.2,38778.2
2025-07-19 22:45:00+00:00,37635.3,38048.2
2025-07-19 23:00:00+00:00,37032.7,37635.3
2025-07-19 23:15:00+00:00,36642.8,37032.7
2025-07-19 23:30:00+00:00,36174.7,36642.8
2025-07-19 23:45:00+00:00,35868.4,36174.7
2025-07-20 00:00:00+00:00,35850.5,35868.4
2025-07-20 00:15:00+00:00,35727.3,35850.5
2025-07-20 00:30:00+00:00,35439.4,35727.3
2025-07-20 00:45:00+00:00,35361.2,35439.4
2025-07-20 01:00:00+00:00,35025.1,35361.2
2025-07-20 01:15:00+00:00,34827.5,35025.1
2025-07-20 01:30:00+00:00,34808.8,34827.5
2025-07-20 01:45:00+00:00,34735.8,34808.8
2025-07-20 02:00:00+00:00,34655.1,34735.8
2025-07-20 02:15:00+00:00,34487.2,34655.1
2025-07-20 02:30:00+00:00,34690.0,34487.2
2025-07-20 02:45:00+00:00,34610.7,34690.0
2025-07-20 03:00:00+00:00,34743.3,34610.7
2025-07-20 03:15:00+00:00,34470.8,34743.3
2025-07-20 03:30:00+00:00,34380.8,34470.8
2025-07-20 03:45:00+00:00,34315.0,34380.8
2025-07-20 04:00:00+00:00,34623.0,34315.0
2025-07-20 04:15:00+00:00,34844.4,34623.0
2025-07-20 04:30:00+00:00,35097.4,34844.4
2025-07-20 04:45:00+00:00,35406.9,35097.4
2025-07-20 05:00:00+00:00,35886.5,35406.9
2025-07-20 05:15:00+00:00,36547.2,35886.5
2025-07-20 05:30:00+00:00,37421.3,36547.2
2025-07-20 05:45:00+00:00,38159.6,37421.3
2025-07-20 06:00:00+00:00,38848.2,38159.6
2025-07-20 06:15:00+00:00,39483.9,38848.2
2025-07-20 06:30:00+00:00,40544.2,39483.9
2025-07-20 06:45:00+00:00,41227.1,40544.2
2025-07-20 07:00:00+00:00,41799.5,41227.1
2025-07-20 07:15:00+00:00,42317.9,41799.5
2025-07-20 07:30:00+00:00,42972.0,42317.9
2025-07-20 07:45:00+00:00,43691.1,42972.0
2025-07-20 08:00:00+00:00,43218.4,43691.1
2025-07-20 08:15:00+00:00,43439.2,43218.4
2025-07-20 08:30:00+00:00,43742.3,43439.2
2025-07-20 08:45:00+00:00,44145.5,43742.3
2025-07-20 09:00:00+00:00,43923.2,44145.5
2025-07-20 09:15:00+00:00,43992.0,43923.2
2025-07-20 09:30:00+00:00,45031.8,43992.0
2025-07-20 09:45:00+00:00,45053.1,45031.8
2025-07-20 10:00:00+00:00,44197.8,45053.1
2025-07-20 10:15:00+00:00,43792.1,44197.8
2025-07-20 10:30:00+00:00,43586.4,43792.1
2025-07-20 10:45:00+00:00,43251.2,43586.4
2025-07-20 11:00:00+00:00,42628.9,43251.2
2025-07-20 11:15:00+00:00,42232.0,42628.9
2025-07-20 11:30:00+00:00,42083.5,42232.0
2025-07-20 11:45:00+00:00,41923.1,42083.5
2025-07-20 12:00:00+00:00,42175.2,41923.1
2025-07-20 12:15:00+00:00,41796.4,42175.2
2025-07-20 12:30:00+00:00,41837.9,41796.4
2025-07-20 12:45:00+00:00,41808.2,41837.9
2025-07-20 13:00:00+00:00,42318.8,41808.2
2025-07-20 13:15:00+00:00,42246.3,42318.8
2025-07-20 13:30:00+00:00,42296.6,42246.3
2025-07-20 13:45:00+00:00,42398.0,42296.6
2025-07-20 14:00:00+00:00,43063.6,42398.0
2025-07-20 14:15:00+00:00,42121.1,43063.6
2025-07-20 14:30:00+00:00,41966.1,42121.1
2025-07-20 14:45:00+00:00,41919.3,41966.1
2025-07-20 15:00:00+00:00,42548.0,41919.3
2025-07-20 15:15:00+00:00,43283.3,42548.0
2025-07-20 15:30:00+00:00,44196.4,43283.3
2025-07-20 15:45:00+00:00,44725.3,44196.4
2025-07-20 16:00:00+00:00,45143.6,44725.3
2025-07-20 16:15:00+00:00,45840.4,45143.6
2025-07-20 16:30:00+00:00,46440.1,45840.4
2025-07-20 16:45:00+00:00,46571.9,46440.1
2025-07-20 17:00:00+00:00,46941.7,46571.9
2025-07-20 17:15:00+00:00,46630.5,46941.7
2025-07-20 17:30:00+00:00,46854.1,46630.5
2025-07-20 17:45:00+00:00,47056.4,46854.1
2025-07-20 18:00:00+00:00,47187.3,47056.4
2025-07-20 18:15:00+00:00,46483.9,47187.3
2025-07-20 18:30:00+00:00,46184.8,46483.9
2025-07-20 18:45:00+00:00,46183.0,46184.8
2025-07-20 19:00:00+00:00,46226.3,46183.0
2025-07-20 19:15:00+00:00,46177.7,46226.3
2025-07-20 19:30:00+00:00,46516.8,46177.7
2025-07-20 19:45:00+00:00,46707.6,46516.8
2025-07-20 20:00:00+00:00,46344.0,46707.6
2025-07-20 20:15:00+00:00,45889.2,46344.0
2025-07-20 20:30:00+00:00,45127.7,45889.2
2025-07-20 20:45:00+00:00,44164.1,45127.7
2025-07-20 21:00:00+00:00,43326.3,44164.1
2025-07-20 21:15:00+00:00,42649.5,43326.3
2025-07-20 21:30:00+00:00,41852.6,42649.5
2025-07-20 21:45:00+00:00,41322.4,41852.6
2025-07-20 22:00:00+00:00,40987.1,41322.4
2025-07-20 22:15:00+00:00,40542.8,40987.1
2025-07-20 22:30:00+00:00,40258.4,40542.8
2025-07-20 22:45:00+00:00,40140.3,40258.4
2025-07-20 23:00:00+00:00,39899.5,40140.3
2025-07-20 23:15:00+00:00,39787.7,39899.5
2025-07-20 23:30:00+00:00,39511.2,39787.7
2025-07-20 23:45:00+00:00,39368.1,39511.2
2025-07-21 00:00:00+00:00,38931.1,39368.1
2025-07-21 00:15:00+00:00,38663.5,38931.1
2025-07-21 00:30:00+00:00,38684.2,38663.5
2025-07-21 00:45:00+00:00,38614.3,38684.2
2025-07-21 01:00:00+00:00,38627.4,38614.3
2025-07-21 01:15:00+00:00,38800.8,38627.4
2025-07-21 01:30:00+00:00,38465.1,38800.8
2025-07-21 01:45:00+00:00,38446.2,38465.1
2025-07-21 02:00:00+00:00,38945.4,38446.2
2025-07-21 02:15:00+00:00,39343.2,38945.4
2025-07-21 02:30:00+00:00,39874.0,39343.2
2025-07-21 02:45:00+00:00,40236.2,39874.0
2025-07-21 03:00:00+00:00,41577.3,40236.2
2025-07-21 03:15:00+00:00,41801.6,41577.3
2025-07-21 03:30:00+00:00,42885.9,41801.6
2025-07-21 03:45:00+00:00,44265.7,42885.9
2025-07-21 04:00:00+00:00,47031.8,44265.7
2025-07-21 04:15:00+00:00,49108.2,47031.8
2025-07-21 04:30:00+00:00,50476.6,49108.2
2025-07-21 04:45:00+00:00,52049.6,50476.6
2025-07-21 05:00:00+00:00,53418.8,52049.6
2025-07-21 05:15:00+00:00,54364.6,53418.8
2025-07-21 05:30:00+00:00,55450.1,54364.6
2025-07-21 05:45:00+00:00,56265.8,55450.1
2025-07-21 06:00:00+00:00,57182.1,56265.8
2025-07-21 06:15:00+00:00,58050.4,57182.1
2025-07-21 06:30:00+00:00,58575.2,58050.4
2025-07-21 06:45:00+00:00,59032.8,58575.2
2025-07-21 07:00:00+00:00,59355.4,59032.8
2025-07-21 07:15:00+00:00,59947.8,59355.4
2025-07-21 07:30:00+00:00,60388.7,59947.8
2025-07-21 07:45:00+00:00,60639.8,60388.7
2025-07-21 08:00:00+00:00,60643.5,60639.8
2025-07-21 08:15:00+00:00,60462.6,60643.5
2025-07-21 08:30:00+00:00,60693.6,60462.6
2025-07-21 08:45:00+00:00,61091.8,60693.6
2025-07-21 09:00:00+00:00,61065.4,61091.8
2025-07-21 09:15:00+00:00,61059.7,61065.4
2025-07-21 09:30:00+00:00,61120.2,61059.7
2025-07-21 09:45:00+00:00,61070.0,61120.2
2025-07-21 10:00:00+00:00,60858.4,61070.0
2025-07-21 10:15:00+00:00,60838.3,60858.4
2025-07-21 10:30:00+00:00,61170.0,60838.3
2025-07-21 10:45:00+00:00,61101.0,61170.0
2025-07-21 11:00:00+00:00,60583.2,61101.0
2025-07-21 11:15:00+00:00,60256.2,60583.2
2025-07-21 11:30:00+00:00,60007.4,60256.2
2025-07-21 11:45:00+00:00,59901.1,60007.4
2025-07-21 12:00:00+00:00,59464.9,59901.1
2025-07-21 12:15:00+00:00,59222.3,59464.9
2025-07-21 12:30:00+00:00,58596.8,59222.3
2025-07-21 12:45:00+00:00,58000.9,58596.8
2025-07-21 13:00:00+00:00,58209.7,58000.9
2025-07-21 13:15:00+00:00,57691.6,58209.7
2025-07-21 13:30:00+00:00,57208.0,57691.6
2025-07-21 13:45:00+00:00,57223.4,57208.0
2025-07-21 14:00:00+00:00,57054.1,57223.4
2025-07-21 14:15:00+00:00,56661.1,57054.1
2025-07-21 14:30:00+00:00,55732.7,56661.1
2025-07-21 14:45:00+00:00,55942.3,55732.7
2025-07-21 15:00:00+00:00,56674.8,55942.3
2025-07-21 15:15:00+00:00,56477.5,56674.8
2025-07-21 15:30:00+00:00,56906.0,56477.5
2025-07-21 15:45:00+00:00,57424.2,56906.0
2025-07-21 16:00:00+00:00,57677.3,57424.2
2025-07-21 16:15:00+00:00,56874.1,57677.3
2025-07-21 16:30:00+00:00,56555.3,56874.1
2025-07-21 16:45:00+00:00,56239.4,56555.3
2025-07-21 17:00:00+00:00,55725.6,56239.4
2025-07-21 17:15:00+00:00,55710.6,55725.6
2025-07-21 17:30:00+00:00,55550.1,55710.6
2025-07-21 17:45:00+00:00,55475.4,55550.1
2025-07-21 18:00:00+00:00,55295.1,55475.4
2025-07-21 18:15:00+00:00,54282.7,55295.1
2025-07-21 18:30:00+00:00,53574.3,54282.7
2025-07-21 18:45:00+00:00,52659.9,53574.3
2025-07-21 19:00:00+00:00,52322.2,52659.9
2025-07-21 19:15:00+00:00,51691.0,52322.2
2025-07-21 19:30:00+00:00,51516.8,51691.0
2025-07-21 19:45:00+00:00,50972.5,51516.8
2025-07-21 20:00:00+00:00,50132.5,50972.5
2025-07-21 20:15:00+00:00,49112.4,50132.5
2025-07-21 20:30:00+00:00,48406.7,49112.4
2025-07-21 20:45:00+00:00,47522.0,48406.7
2025-07-21 21:00:00+00:00,46297.5,47522.0
2025-07-21 21:15:00+00:00,45444.3,46297.5
2025-07-21 21:30:00+00:00,44405.7,45444.3
2025-07-21 21:45:00+00:00,43783.5,44405.7
2025-07-21 22:00:00+00:00,43314.9,43783.5
2025-07-21 22:15:00+00:00,42672.2,43314.9
2025-07-21 22:30:00+00:00,41646.8,42672.2
2025-07-21 22:45:00+00:00,41120.7,41646.8
2025-07-21 23:00:00+00:00,40853.1,41120.7
2025-07-21 23:15:00+00:00,40609.8,40853.1
2025-07-21 23:30:00+00:00,40551.7,40609.8
2025-07-21 23:45:00+00:00,40250.9,40551.7
2025-07-22 00:00:00+00:00,39548.5,40250.9
2025-07-22 00:15:00+00:00,39678.5,39548.5
2025-07-22 00:30:00+00:00,39867.7,39678.5
2025-07-22 00:45:00+00:00,40214.1,39867.7
2025-07-22 01:00:00+00:00,40154.1,40214.1
2025-07-22 01:15:00+00:00,40033.6,40154.1
2025-07-22 01:30:00+00:00,40276.6,40033.6
2025-07-22 01:45:00+00:00,40528.9,40276.6
2025-07-22 02:00:00+00:00,40702.9,40528.9
2025-07-22 02:15:00+00:00,40670.5,40702.9
2025-07-22 02:30:00+00:00,40879.1,40670.5
2025-07-22 02:45:00+00:00,41606.3,40879.1
2025-07-22 03:00:00+00:00,42884.4,41606.3
2025-07-22 03:15:00+00:00,43459.3,42884.4
2025-07-22 03:30:00+00:00,44286.0,43459.3
2025-07-22 03:45:00+00:00,45569.7,44286.0
2025-07-22 04:00:00+00:00,47935.8,45569.7
2025-07-22 04:15:00+00:00,49518.7,47935.8
2025-07-22 04:30:00+00:00,50476.6,49518.7
2025-07-22 04:45:00+00:00,51815.7,50476.6
2025-07-22 05:00:00+00:00,53220.0,51815.7
2025-07-22 05:15:00+00:00,54530.9,53220.0
2025-07-22 05:30:00+00:00,55410.0,54530.9
2025-07-22 05:45:00+00:00,56318.3,55410.0
2025-07-22 06:00:00+00:00,57124.5,56318.3
2025-07-22 06:15:00+00:00,57873.2,57124.5
2025-07-22 06:30:00+00:00,58521.4,57873.2
2025-07-22 06:45:00+00:00,58806.9,58521.4
2025-07-22 07:00:00+00:00,58450.0,58806.9
2025-07-22 07:15:00+00:00,58553.5,58450.0
2025-07-22 07:30:00+00:00,58352.4,58553.5
2025-07-22 07:45:00+00:00,59007.9,58352.4
2025-07-22 08:00:00+00:00,58435.1,59007.9
2025-07-22 08:15:00+00:00,58853.2,58435.1
2025-07-22 08:30:00+00:00,58871.9,58853.2
2025-07-22 08:45:00+00:00,59217.0,58871.9
2025-07-22 09:00:00+00:00,59268.2,59217.0
2025-07-22 09:15:00+00:00,59724.2,59268.2
2025-07-22 09:30:00+00:00,59983.8,59724.2
2025-07-22 09:45:00+00:00,59592.7,59983.8
2025-07-22 10:00:00+00:00,58987.9,59592.7
2025-07-22 10:15:00+00:00,58765.2,58987.9
2025-07-22 10:30:00+00:00,59064.5,58765.2
2025-07-22 10:45:00+00:00,58758.1,59064.5
2025-07-22 11:00:00+00:00,58122.3,58758.1
2025-07-22 11:15:00+00:00,57729.8,58122.3
2025-07-22 11:30:00+00:00,56939.0,57729.8
2025-07-22 11:45:00+00:00,57019.1,56939.0
2025-07-22 12:00:00+00:00,57201.8,57019.1
2025-07-22 12:15:00+00:00,56904.2,57201.8
2025-07-22 12:30:00+00:00,57138.1,56904.2
2025-07-22 12:45:00+00:00,56568.0,57138.1
2025-07-22 13:00:00+00:00,56849.4,56568.0
2025-07-22 13:15:00+00:00,56915.8,56849.4
2025-07-22 13:30:00+00:00,56754.4,56915.8
2025-07-22 13:45:00+00:00,56525.2,56754.4
2025-07-22 14:00:00+00:00,56928.8,56525.2
2025-07-22 14:15:00+00:00,57205.7,56928.8
2025-07-22 14:30:00+00:00,56968.3,57205.7
2025-07-22 14:45:00+00:00,57189.1,56968.3
2025-07-22 15:00:00+00:00,57428.2,57189.1
2025-07-22 15:15:00+00:00,57033.0,57428.2
2025-07-22 15:30:00+00:00,56529.9,57033.0
2025-07-22 15:45:00+00:00,56634.2,56529.9
2025-07-22 16:00:00+00:00,56983.5,56634.2
2025-07-22 16:15:00+00:00,56685.8,56983.5
2025-07-22 16:30:00+00:00,55958.8,56685.8
2025-07-22 16:45:00+00:00,56788.6,55958.8
2025-07-22 17:00:00+00:00,56870.7,56788.6
2025-07-22 17:15:00+00:00,56532.9,56870.7
2025-07-22 17:30:00+00:00,55705.7,56532.9
2025-07-22 17:45:00+00:00,55402.3,55705.7
2025-07-22 18:00:00+00:00,55094.5,55402.3
2025-07-22 18:15:00+00:00,54547.1,55094.5
2025-07-22 18:30:00+00:00,54024.7,54547.1
2025-07-22 18:45:00+00:00,53342.2,54024.7
2025-07-22 19:00:00+00:00,52768.7,53342.2
2025-07-22 19:15:00+00:00,52310.2,52768.7
2025-07-22 19:30:00+00:00,52038.1,52310.2
2025-07-22 19:45:00+00:00,51411.3,52038.1
2025-07-22 20:00:00+00:00,50189.8,51411.3
2025-07-22 20:15:00+00:00,49370.6,50189.8
2025-07-22 20:30:00+00:00,48404.0,49370.6
2025-07-22 20:45:00+00:00,47973.8,48404.0
2025-07-22 21:00:00+00:00,47063.8,47973.8
2025-07-22 21:15:00+00:00,46669.2,47063.8
2025-07-22 21:30:00+00:00,46225.3,46669.2
2025-07-22 21:45:00+00:00,45856.2,46225.3
2025-07-22 22:00:00+00:00,44260.6,45856.2
2025-07-22 22:15:00+00:00,43790.5,44260.6
2025-07-22 22:30:00+00:00,43456.8,43790.5
2025-07-22 22:45:00+00:00,43112.2,43456.8
2025-07-22 23:00:00+00:00,42747.4,43112.2
2025-07-22 23:15:00+00:00,42485.8,42747.4
2025-07-22 23:30:00+00:00,42387.4,42485.8
2025-07-22 23:45:00+00:00,42150.2,42387.4
2025-07-23 00:00:00+00:00,41584.5,42150.2
2025-07-23 00:15:00+00:00,41155.3,41584.5
2025-07-23 00:30:00+00:00,40985.8,41155.3
2025-07-23 00:45:00+00:00,41158.4,40985.8
2025-07-23 01:00:00+00:00,40993.8,41158.4
2025-07-23 01:15:00+00:00,41194.8,40993.8
2025-07-23 01:30:00+00:00,41221.2,41194.8
2025-07-23 01:45:00+00:00,41269.1,41221.2
2025-07-23 02:00:00+00:00,41733.9,41269.1
2025-07-23 02:15:00+00:00,42054.5,41733.9
2025-07-23 02:30:00+00:00,42023.8,42054.5
2025-07-23 02:45:00+00:00,42501.0,42023.8
2025-07-23 03:00:00+00:00,43919.7,42501.0
2025-07-23 03:15:00+00:00,44256.7,43919.7
2025-07-23 03:30:00+00:00,44852.1,44256.7
2025-07-23 03:45:00+00:00,46014.1,44852.1
2025-07-23 04:00:00+00:00,48773.3,46014.1
2025-07-23 04:15:00+00:00,50252.4,48773.3
2025-07-23 04:30:00+00:00,51689.9,50252.4
2025-07-23 04:45:00+00:00,52739.4,51689.9
2025-07-23 05:00:00+00:00,53992.4,52739.4
2025-07-23 05:15:00+00:00,55178.9,53992.4
2025-07-23 05:30:00+00:00,56106.2,55178.9
2025-07-23 05:45:00+00:00,57013.4,56106.2
2025-07-23 06:00:00+00:00,57776.7,57013.4
2025-07-23 06:15:00+00:00,58445.6,57776.7
2025-07-23 06:30:00+00:00,58851.6,58445.6
2025-07-23 06:45:00+00:00,58997.9,58851.6
2025-07-23 07:00:00+00:00,58532.1,58997.9
2025-07-23 07:15:00+00:00,58942.8,58532.1
2025-07-23 07:30:00+00:00,59374.7,58942.8
2025-07-23 07:45:00+00:00,59540.7,59374.7
2025-07-23 08:00:00+00:00,59816.0,59540.7
2025-07-23 08:15:00+00:00,59734.2,59816.0
2025-07-23 08:30:00+00:00,59914.5,59734.2
2025-07-23 08:45:00+00:00,59881.8,59914.5
2025-07-23 09:00:00+00:00,58897.3,59881.8
2025-07-23 09:15:00+00:00,59474.8,58897.3
2025-07-23 09:30:00+00:00,59646.6,59474.8
2025-07-23 09:45:00+00:00,59779.1,59646.6
2025-07-23 10:00:00+00:00,59210.5,59779.1
2025-07-23 10:15:00+00:00,58774.1,59210.5
2025-07-23 10:30:00+00:00,58839.6,58774.1
2025-07-23 10:45:00+00:00,58786.1,58839.6
2025-07-23 11:00:00+00:00,58886.7,58786.1
2025-07-23 11:15:00+00:00,58642.2,58886.7
2025-07-23 11:30:00+00:00,58057.6,58642.2
2025-07-23 11:45:00+00:00,57570.7,58057.6
2025-07-23 12:00:00+00:00,57217.6,57570.7
2025-07-23 12:15:00+00:00,57175.8,57217.6
2025-07-23 12:30:00+00:00,56100.7,57175.8
2025-07-23 12:45:00+00:00,55878.6,56100.7
2025-07-23 13:00:00+00:00,55959.7,55878.6
2025-07-23 13:15:00+00:00,55885.1,55959.7
2025-07-23 13:30:00+00:00,55576.8,55885.1
2025-07-23 13:45:00+00:00,54993.1,55576.8
2025-07-23 14:00:00+00:00,55423.2,54993.1
2025-07-23 14:15:00+00:00,55352.3,55423.2
2025-07-23 14:30:00+00:00,55271.1,55352.3
2025-07-23 14:45:00+00:00,55206.5,55271.1
2025-07-23 15:00:00+00:00,55453.6,55206.5
2025-07-23 15:15:00+00:00,55301.7,55453.6
2025-07-23 15:30:00+00:00,55483.6,55301.7
2025-07-23 15:45:00+00:00,56010.5,55483.6
2025-07-23 16:00:00+00:00,56100.0,56010.5
2025-07-23 16:15:00+00:00,55906.3,56100.0
2025-07-23 16:30:00+00:00,56562.1,55906.3
2025-07-23 16:45:00+00:00,56816.6,56562.1
2025-07-23 17:00:00+00:00,56916.2,56816.6
2025-07-23 17:15:00+00:00,56575.1,56916.2
2025-07-23 17:30:00+00:00,56477.7,56575.1
2025-07-23 17:45:00+00:00,55549.3,56477.7
2025-07-23 18:00:00+00:00,55151.7,55549.3
2025-07-23 18:15:00+00:00,54416.4,55151.7
2025-07-23 18:30:00+00:00,54061.9,54416.4
2025-07-23 18:45:00+00:00,53570.8,54061.9
2025-07-23 19:00:00+00:00,53159.8,53570.8
2025-07-23 19:15:00+00:00,52588.8,53159.8
2025-07-23 19:30:00+00:00,52327.7,52588.8
2025-07-23 19:45:00+00:00,51844.3,52327.7
2025-07-23 20:00:00+00:00,50889.5,51844.3
2025-07-23 20:15:00+00:00,49866.5,50889.5
2025-07-23 20:30:00+00:00,49240.1,49866.5
2025-07-23 20:45:00+00:00,48368.9,49240.1
2025-07-23 21:00:00+00:00,47580.5,48368.9
2025-07-23 21:15:00+00:00,46711.7,47580.5
2025-07-23 21:30:00+00:00,46005.8,46711.7
2025-07-23 21:45:00+00:00,45354.8,46005.8
2025-07-23 22:00:00+00:00,44557.0,45354.8
2025-07-23 22:15:00+00:00,43606.8,44557.0
2025-07-23 22:30:00+00:00,42932.0,43606.8
2025-07-23 22:45:00+00:00,42758.9,42932.0
2025-07-23 23:00:00+00:00,42408.2,42758.9
2025-07-23 23:15:00+00:00,42069.8,42408.2
2025-07-23 23:30:00+00:00,41520.7,42069.8
2025-07-23 23:45:00+00:00,41231.1,41520.7
2025-07-24 00:00:00+00:00,40815.4,41231.1
2025-07-24 00:15:00+00:00,40676.9,40815.4
2025-07-24 00:30:00+00:00,40538.8,40676.9
2025-07-24 00:45:00+00:00,40554.8,40538.8
2025-07-24 01:00:00+00:00,40435.3,40554.8
2025-07-24 01:15:00+00:00,40479.9,40435.3
2025-07-24 01:30:00+00:00,40433.6,40479.9
2025-07-24 01:45:00+00:00,40482.8,40433.6
2025-07-24 02:00:00+00:00,40523.2,40482.8
2025-07-24 02:15:00+00:00,40808.7,40523.2
2025-07-24 02:30:00+00:00,41231.5,40808.7
2025-07-24 02:45:00+00:00,41635.2,41231.5
2025-07-24 03:00:00+00:00,43136.4,41635.2
2025-07-24 03:15:00+00:00,43545.7,43136.4
2025-07-24 03:30:00+00:00,44020.8,43545.7
2025-07-24 03:45:00+00:00,45064.1,44020.8
2025-07-24 04:00:00+00:00,47521.9,45064.1
2025-07-24 04:15:00+00:00,48785.1,47521.9
2025-07-24 04:30:00+00:00,50201.5,48785.1
2025-07-24 04:45:00+00:00,51452.6,50201.5
2025-07-24 05:00:00+00:00,52815.8,51452.6
2025-07-24 05:15:00+00:00,54034.8,52815.8
2025-07-24 05:30:00+00:00,54993.9,54034.8
2025-07-24 05:45:00+00:00,55967.6,54993.9
2025-07-24 06:00:00+00:00,56877.5,55967.6
2025-07-24 06:15:00+00:00,57534.1,56877.5
2025-07-24 06:30:00+00:00,58024.4,57534.1
2025-07-24 06:45:00+00:00,58409.7,58024.4
2025-07-24 07:00:00+00:00,58005.6,58409.7
2025-07-24 07:15:00+00:00,58711.0,58005.6
2025-07-24 07:30:00+00:00,59312.2,58711.0
2025-07-24 07:45:00+00:00,59307.8,59312.2
2025-07-24 08:00:00+00:00,59478.1,59307.8
2025-07-24 08:15:00+00:00,59554.5,59478.1
2025-07-24 08:30:00+00:00,59667.4,59554.5
2025-07-24 08:45:00+00:00,59936.7,59667.4
2025-07-24 09:00:00+00:00,59745.7,59936.7
2025-07-24 09:15:00+00:00,59972.8,59745.7
2025-07-24 09:30:00+00:00,60218.6,59972.8
2025-07-24 09:45:00+00:00,59999.9,60218.6
2025-07-24 10:00:00+00:00,59034.2,59999.9
2025-07-24 10:15:00+00:00,58734.2,59034.2
2025-07-24 10:30:00+00:00,58477.0,58734.2
2025-07-24 10:45:00+00:00,58631.3,58477.0
2025-07-24 11:00:00+00:00,58446.1,58631.3
2025-07-24 11:15:00+00:00,58125.0,58446.1
2025-07-24 11:30:00+00:00,57512.8,58125.0
2025-07-24 11:45:00+00:00,57012.6,57512.8
2025-07-24 12:00:00+00:00,57000.7,57012.6
2025-07-24 12:15:00+00:00,56706.5,57000.7
2025-07-24 12:30:00+00:00,56724.1,56706.5
2025-07-24 12:45:00+00:00,56457.4,56724.1
2025-07-24 13:00:00+00:00,56362.2,56457.4
2025-07-24 13:15:00+00:00,55901.1,56362.2
2025-07-24 13:30:00+00:00,55530.2,55901.1
2025-07-24 13:45:00+00:00,54848.6,55530.2
2025-07-24 14:00:00+00:00,55217.0,54848.6
2025-07-24 14:15:00+00:00,55021.7,55217.0
2025-07-24 14:30:00+00:00,54960.7,55021.7
2025-07-24 14:45:00+00:00,55104.1,54960.7
2025-07-24 15:00:00+00:00,55563.4,55104.1
2025-07-24 15:15:00+00:00,55523.4,55563.4
2025-07-24 15:30:00+00:00,55634.6,55523.4
2025-07-24 15:45:00+00:00,55895.7,55634.6
2025-07-24 16:00:00+00:00,56069.8,55895.7
2025-07-24 16:15:00+00:00,55932.2,56069.8
2025-07-24 16:30:00+00:00,55969.8,55932.2
2025-07-24 16:45:00+00:00,55967.2,55969.8
2025-07-24 17:00:00+00:00,55913.3,55967.2
2025-07-24 17:15:00+00:00,55177.5,55913.3
2025-07-24 17:30:00+00:00,55010.9,55177.5
2025-07-24 17:45:00+00:00,54781.7,55010.9
2025-07-24 18:00:00+00:00,54405.5,54781.7
2025-07-24 18:15:00+00:00,54293.5,54405.5
2025-07-24 18:30:00+00:00,53955.0,54293.5
2025-07-24 18:45:00+00:00,53621.5,53955.0
2025-07-24 19:00:00+00:00,52738.0,53621.5
2025-07-24 19:15:00+00:00,52619.3,52738.0
2025-07-24 19:30:00+00:00,52399.7,52619.3
2025-07-24 19:45:00+00:00,51913.7,52399.7
2025-07-24 20:00:00+00:00,51202.4,51913.7
2025-07-24 20:15:00+00:00,50252.5,51202.4
2025-07-24 20:30:00+00:00,49253.6,50252.5
2025-07-24 20:45:00+00:00,48249.7,49253.6
2025-07-24 21:00:00+00:00,47377.9,48249.7
2025-07-24 21:15:00+00:00,46356.7,47377.9
2025-07-24 21:30:00+00:00,45413.9,46356.7
2025-07-24 21:45:00+00:00,44927.6,45413.9
2025-07-24 22:00:00+00:00,43909.6,44927.6
2025-07-24 22:15:00+00:00,43312.5,43909.6
2025-07-24 22:30:00+00:00,42621.7,43312.5
2025-07-24 22:45:00+00:00,42359.5,42621.7
2025-07-24 23:00:00+00:00,41975.5,42359.5
2025-07-24 23:15:00+00:00,41586.1,41975.5
2025-07-24 23:30:00+00:00,41216.1,41586.1
2025-07-24 23:45:00+00:00,40904.2,41216.1
2025-07-25 00:00:00+00:00,40762.5,40904.2
2025-07-25 00:15:00+00:00,40530.8,40762.5
2025-07-25 00:30:00+00:00,40488.2,40530.8
2025-07-25 00:45:00+00:00,40504.6,40488.2
2025-07-25 01:00:00+00:00,40262.7,40504.6
2025-07-25 01:15:00+00:00,40269.9,40262.7
2025-07-25 01:30:00+00:00,40830.3,40269.9
2025-07-25 01:45:00+00:00,40914.4,40830.3
2025-07-25 02:00:00+00:00,41389.5,40914.4
2025-07-25 02:15:00+00:00,41403.3,41389.5
2025-07-25 02:30:00+00:00,41767.8,41403.3
2025-07-25 02:45:00+00:00,42195.3,41767.8
2025-07-25 03:00:00+00:00,43433.0,42195.3
2025-07-25 03:15:00+00:00,43810.7,43433.0
2025-07-25 03:30:00+00:00,44413.0,43810.7
2025-07-25 03:45:00+00:00,45238.6,44413.0
2025-07-25 04:00:00+00:00,47550.2,45238.6
2025-07-25 04:15:00+00:00,49143.1,47550.2
2025-07-25 04:30:00+00:00,50191.6,49143.1
2025-07-25 04:45:00+00:00,51293.4,50191.6
2025-07-25 05:00:00+00:00,52822.5,51293.4
2025-07-25 05:15:00+00:00,54025.6,52822.5
2025-07-25 05:30:00+00:00,54891.1,54025.6
2025-07-25 05:45:00+00:00,55739.1,54891.1
2025-07-25 06:00:00+00:00,56843.3,55739.1
2025-07-25 06:15:00+00:00,57340.7,56843.3
2025-07-25 06:30:00+00:00,57836.9,57340.7
2025-07-25 06:45:00+00:00,58104.0,57836.9
2025-07-25 07:00:00+00:00,57633.5,58104.0
2025-07-25 07:15:00+00:00,58281.5,57633.5
2025-07-25 07:30:00+00:00,58802.0,58281.5
2025-07-25 07:45:00+00:00,59156.5,58802.0
2025-07-25 08:00:00+00:00,58773.7,59156.5
2025-07-25 08:15:00+00:00,59024.0,58773.7
2025-07-25 08:30:00+00:00,59078.3,59024.0
2025-07-25 08:45:00+00:00,59117.3,59078.3
2025-07-25 09:00:00+00:00,59244.6,59117.3
2025-07-25 09:15:00+00:00,59325.2,59244.6
2025-07-25 09:30:00+00:00,59335.0,59325.2
2025-07-25 09:45:00+00:00,58785.2,59335.0
2025-07-25 10:00:00+00:00,58655.7,58785.2
2025-07-25 10:15:00+00:00,58643.6,58655.7
2025-07-25 10:30:00+00:00,58404.6,58643.6
2025-07-25 10:45:00+00:00,58121.0,58404.6
2025-07-25 11:00:00+00:00,57624.5,58121.0
2025-07-25 11:15:00+00:00,56787.0,57624.5
2025-07-25 11:30:00+00:00,55914.9,56787.0
2025-07-25 11:45:00+00:00,56043.4,55914.9
2025-07-25 12:00:00+00:00,55506.4,56043.4
2025-07-25 12:15:00+00:00,54983.1,55506.4
2025-07-25 12:30:00+00:00,54869.5,54983.1
2025-07-25 12:45:00+00:00,54658.3,54869.5
2025-07-25 13:00:00+00:00,54671.0,54658.3
2025-07-25 13:15:00+00:00,54315.6,54671.0
2025-07-25 13:30:00+00:00,53919.8,54315.6
2025-07-25 13:45:00+00:00,53166.2,53919.8
2025-07-25 14:00:00+00:00,52769.7,53166.2
2025-07-25 14:15:00+00:00,52570.8,52769.7
2025-07-25 14:30:00+00:00,52634.3,52570.8
2025-07-25 14:45:00+00:00,52617.3,52634.3
2025-07-25 15:00:00+00:00,53280.2,52617.3
2025-07-25 15:15:00+00:00,53337.0,53280.2
2025-07-25 15:30:00+00:00,53462.4,53337.0
2025-07-25 15:45:00+00:00,53787.5,53462.4
2025-07-25 16:00:00+00:00,53859.1,53787.5
2025-07-25 16:15:00+00:00,53451.7,53859.1
2025-07-25 16:30:00+00:00,53313.4,53451.7
2025-07-25 16:45:00+00:00,53583.0,53313.4
2025-07-25 17:00:00+00:00,53599.2,53583.0
2025-07-25 17:15:00+00:00,53167.8,53599.2
2025-07-25 17:30:00+00:00,53083.0,53167.8
2025-07-25 17:45:00+00:00,52912.7,53083.0
2025-07-25 18:00:00+00:00,52638.9,52912.7
2025-07-25 18:15:00+00:00,51774.8,52638.9
2025-07-25 18:30:00+00:00,51316.6,51774.8
2025-07-25 18:45:00+00:00,50722.6,51316.6
2025-07-25 19:00:00+00:00,50188.1,50722.6
2025-07-25 19:15:00+00:00,49791.7,50188.1
2025-07-25 19:30:00+00:00,49634.2,49791.7
2025-07-25 19:45:00+00:00,49279.7,49634.2
2025-07-25 20:00:00+00:00,48330.1,49279.7
2025-07-25 20:15:00+00:00,47751.7,48330.1
2025-07-25 20:30:00+00:00,46859.3,47751.7
2025-07-25 20:45:00+00:00,45982.9,46859.3
2025-07-25 21:00:00+00:00,45223.4,45982.9
2025-07-25 21:15:00+00:00,44309.1,45223.4
2025-07-25 21:30:00+00:00,43549.5,44309.1
2025-07-25 21:45:00+00:00,43056.4,43549.5
2025-07-25 22:00:00+00:00,42310.3,43056.4
2025-07-25 22:15:00+00:00,41738.4,42310.3
2025-07-25 22:30:00+00:00,41076.0,41738.4
2025-07-25 22:45:00+00:00,40959.6,41076.0
2025-07-25 23:00:00+00:00,40129.9,40959.6
2025-07-25 23:15:00+00:00,39891.3,40129.9
2025-07-25 23:30:00+00:00,39273.1,39891.3
2025-07-25 23:45:00+00:00,39027.0,39273.1
2025-07-26 00:00:00+00:00,38686.6,39027.0
2025-07-26 00:15:00+00:00,38348.0,38686.6
2025-07-26 00:30:00+00:00,38049.6,38348.0
2025-07-26 00:45:00+00:00,37852.0,38049.6
2025-07-26 01:00:00+00:00,37940.3,37852.0
2025-07-26 01:15:00+00:00,37642.7,37940.3
2025-07-26 01:30:00+00:00,37518.9,37642.7
2025-07-26 01:45:00+00:00,37504.1,37518.9
2025-07-26 02:00:00+00:00,37475.2,37504.1
2025-07-26 02:15:00+00:00,37571.4,37475.2
2025-07-26 02:30:00+00:00,37755.3,37571.4
2025-07-26 02:45:00+00:00,37870.0,37755.3
2025-07-26 03:00:00+00:00,38170.1,37870.0
2025-07-26 03:15:00+00:00,38116.0,38170.1
2025-07-26 03:30:00+00:00,38169.1,38116.0
2025-07-26 03:45:00+00:00,38234.4,38169.1
2025-07-26 04:00:00+00:00,38859.5,38234.4
2025-07-26 04:15:00+00:00,39379.4,38859.5
2025-07-26 04:30:00+00:00,39717.7,39379.4
2025-07-26 04:45:00+00:00,40015.1,39717.7
2025-07-26 05:00:00+00:00,40583.1,40015.1
2025-07-26 05:15:00+00:00,41128.3,40583.1
2025-07-26 05:30:00+00:00,41740.4,41128.3
2025-07-26 05:45:00+00:00,42238.7,41740.4
2025-07-26 06:00:00+00:00,42800.7,42238.7
2025-07-26 06:15:00+00:00,43589.8,42800.7
2025-07-26 06:30:00+00:00,44241.3,43589.8
2025-07-26 06:45:00+00:00,44916.9,44241.3
2025-07-26 07:00:00+00:00,45653.4,44916.9
2025-07-26 07:15:00+00:00,46319.7,45653.4
2025-07-26 07:30:00+00:00,46955.7,46319.7
2025-07-26 07:45:00+00:00,47230.3,46955.7
2025-07-26 08:00:00+00:00,47384.5,47230.3
2025-07-26 08:15:00+00:00,47519.8,47384.5
2025-07-26 08:30:00+00:00,47841.0,47519.8
2025-07-26 08:45:00+00:00,48080.3,47841.0
2025-07-26 09:00:00+00:00,48055.4,48080.3
2025-07-26 09:15:00+00:00,48613.1,48055.4
2025-07-26 09:30:00+00:00,48741.1,48613.1
2025-07-26 09:45:00+00:00,48286.7,48741.1
2025-07-26 10:00:00+00:00,47787.0,48286.7
2025-07-26 10:15:00+00:00,47771.4,47787.0
2025-07-26 10:30:00+00:00,47480.1,47771.4
2025-07-26 10:45:00+00:00,47346.2,47480.1
2025-07-26 11:00:00+00:00,47050.9,47346.2
2025-07-26 11:15:00+00:00,46890.3,47050.9
2025-07-26 11:30:00+00:00,46633.5,46890.3
2025-07-26 11:45:00+00:00,45865.5,46633.5
2025-07-26 12:00:00+00:00,45373.0,45865.5
2025-07-26 12:15:00+00:00,45200.4,45373.0
2025-07-26 12:30:00+00:00,45072.6,45200.4
2025-07-26 12:45:00+00:00,45007.1,45072.6
2025-07-26 13:00:00+00:00,45312.5,45007.1
2025-07-26 13:15:00+00:00,44870.5,45312.5
2025-07-26 13:30:00+00:00,44851.7,44870.5
2025-07-26 13:45:00+00:00,44619.2,44851.7
2025-07-26 14:00:00+00:00,44873.3,44619.2
2025-07-26 14:15:00+00:00,44680.9,44873.3
2025-07-26 14:30:00+00:00,44638.3,44680.9
2025-07-26 14:45:00+00:00,44533.7,44638.3
2025-07-26 15:00:00+00:00,45483.6,44533.7
2025-07-26 15:15:00+00:00,45677.1,45483.6
2025-07-26 15:30:00+00:00,45621.1,45677.1
2025-07-26 15:45:00+00:00,46002.9,45621.1
2025-07-26 16:00:00+00:00,46638.8,46002.9
2025-07-26 16:15:00+00:00,46557.1,46638.8
2025-07-26 16:30:00+00:00,46812.2,46557.1
2025-07-26 16:45:00+00:00,46888.4,46812.2
2025-07-26 17:00:00+00:00,47317.7,46888.4
2025-07-26 17:15:00+00:00,47034.1,47317.7
2025-07-26 17:30:00+00:00,46999.8,47034.1
2025-07-26 17:45:00+00:00,46379.1,46999.8
2025-07-26 18:00:00+00:00,46230.7,46379.1
2025-07-26 18:15:00+00:00,45762.4,46230.7
2025-07-26 18:30:00+00:00,45376.9,45762.4
2025-07-26 18:45:00+00:00,44623.9,45376.9
2025-07-26 19:00:00+00:00,44352.2,44623.9
2025-07-26 19:15:00+00:00,44199.8,44352.2
2025-07-26 19:30:00+00:00,44416.4,44199.8
2025-07-26 19:45:00+00:00,44093.7,44416.4
2025-07-26 20:00:00+00:00,43717.6,44093.7
2025-07-26 20:15:00+00:00,43276.2,43717.6
2025-07-26 20:30:00+00:00,42582.7,43276.2
2025-07-26 20:45:00+00:00,42103.9,42582.7
2025-07-26 21:00:00+00:00,41365.4,42103.9
2025-07-26 21:15:00+00:00,40753.1,41365.4
2025-07-26 21:30:00+00:00,39942.3,40753.1
2025-07-26 21:45:00+00:00,39262.5,39942.3
2025-07-26 22:00:00+00:00,38643.5,39262.5
2025-07-26 22:15:00+00:00,38045.2,38643.5
2025-07-26 22:30:00+00:00,37770.2,38045.2
2025-07-26 22:45:00+00:00,37484.5,37770.2
2025-07-26 23:00:00+00:00,36918.9,37484.5
2025-07-26 23:15:00+00:00,36276.0,36918.9
2025-07-26 23:30:00+00:00,35784.2,36276.0
2025-07-26 23:45:00+00:00,35630.5,35784.2
2025-07-27 00:00:00+00:00,35249.6,35630.5
2025-07-27 00:15:00+00:00,34886.8,35249.6
2025-07-27 00:30:00+00:00,34769.6,34886.8
2025-07-27 00:45:00+00:00,34376.3,34769.6
2025-07-27 01:00:00+00:00,34403.9,34376.3
2025-07-27 01:15:00+00:00,34207.8,34403.9
2025-07-27 01:30:00+00:00,34025.8,34207.8
2025-07-27 01:45:00+00:00,34038.9,34025.8
2025-07-27 02:00:00+00:00,34132.6,34038.9
2025-07-27 02:15:00+00:00,34071.2,34132.6
2025-07-27 02:30:00+00:00,33976.9,34071.2
2025-07-27 02:45:00+00:00,33854.9,33976.9
2025-07-27 03:00:00+00:00,34306.1,33854.9
2025-07-27 03:15:00+00:00,34067.6,34306.1
2025-07-27 03:30:00+00:00,34123.1,34067.6
2025-07-27 03:45:00+00:00,33910.3,34123.1
2025-07-27 04:00:00+00:00,34397.1,33910.3
2025-07-27 04:15:00+00:00,34353.1,34397.1
2025-07-27 04:30:00+00:00,34702.1,34353.1
2025-07-27 04:45:00+00:00,34929.4,34702.1
2025-07-27 05:00:00+00:00,35335.3,34929.4
2025-07-27 05:15:00+00:00,35975.6,35335.3
2025-07-27 05:30:00+00:00,36681.7,35975.6
2025-07-27 05:45:00+00:00,37341.8,36681.7
2025-07-27 06:00:00+00:00,38086.7,37341.8
2025-07-27 06:15:00+00:00,39016.5,38086.7
2025-07-27 06:30:00+00:00,40232.2,39016.5
2025-07-27 06:45:00+00:00,40581.3,40232.2
2025-07-27 07:00:00+00:00,41135.2,40581.3
2025-07-27 07:15:00+00:00,42157.9,41135.2
2025-07-27 07:30:00+00:00,43591.7,42157.9
2025-07-27 07:45:00+00:00,44142.2,43591.7
2025-07-27 08:00:00+00:00,44249.9,44142.2
2025-07-27 08:15:00+00:00,44658.2,44249.9
2025-07-27 08:30:00+00:00,45024.2,44658.2
2025-07-27 08:45:00+00:00,45198.0,45024.2
2025-07-27 09:00:00+00:00,45183.5,45198.0
2025-07-27 09:15:00+00:00,45625.0,45183.5
2025-07-27 09:30:00+00:00,45864.0,45625.0
2025-07-27 09:45:00+00:00,45911.7,45864.0
2025-07-27 10:00:00+00:00,45800.8,45911.7
2025-07-27 10:15:00+00:00,45156.0,45800.8
2025-07-27 10:30:00+00:00,44873.4,45156.0
2025-07-27 10:45:00+00:00,44612.2,44873.4
2025-07-27 11:00:00+00:00,44314.0,44612.2
2025-07-27 11:15:00+00:00,43691.1,44314.0
2025-07-27 11:30:00+00:00,43533.7,43691.1
2025-07-27 11:45:00+00:00,43233.9,43533.7
2025-07-27 12:00:00+00:00,43158.4,43233.9
2025-07-27 12:15:00+00:00,42797.3,43158.4
2025-07-27 12:30:00+00:00,42484.7,42797.3
2025-07-27 12:45:00+00:00,41986.3,42484.7
2025-07-27 13:00:00+00:00,42020.9,41986.3
2025-07-27 13:15:00+00:00,41845.3,42020.9
2025-07-27 13:30:00+00:00,41997.1,41845.3
2025-07-27 13:45:00+00:00,42024.1,41997.1
2025-07-27 14:00:00+00:00,42107.7,42024.1
2025-07-27 14:15:00+00:00,41740.4,42107.7
2025-07-27 14:30:00+00:00,41987.8,41740.4
2025-07-27 14:45:00+00:00,41995.3,41987.8
2025-07-27 15:00:00+00:00,42626.6,41995.3
2025-07-27 15:15:00+00:00,42815.6,42626.6
2025-07-27 15:30:00+00:00,43412.4,42815.6
2025-07-27 15:45:00+00:00,43953.6,43412.4
2025-07-27 16:00:00+00:00,44773.0,43953.6
2025-07-27 16:15:00+00:00,44883.2,44773.0
2025-07-27 16:30:00+00:00,44984.4,44883.2
2025-07-27 16:45:00+00:00,45118.6,44984.4
2025-07-27 17:00:00+00:00,45545.0,45118.6
2025-07-27 17:15:00+00:00,44700.2,45545.0
2025-07-27 17:30:00+00:00,44591.9,44700.2
2025-07-27 17:45:00+00:00,44560.9,44591.9
2025-07-27 18:00:00+00:00,44513.0,44560.9
2025-07-27 18:15:00+00:00,44210.5,44513.0
2025-07-27 18:30:00+00:00,43777.3,44210.5
2025-07-27 18:45:00+00:00,43417.9,43777.3
2025-07-27 19:00:00+00:00,43294.6,43417.9
2025-07-27 19:15:00+00:00,43569.8,43294.6
2025-07-27 19:30:00+00:00,43629.7,43569.8
2025-07-27 19:45:00+00:00,43571.3,43629.7
2025-07-27 20:00:00+00:00,43051.8,43571.3
2025-07-27 20:15:00+00:00,42701.2,43051.8
2025-07-27 20:30:00+00:00,41918.0,42701.2
2025-07-27 20:45:00+00:00,41471.1,41918.0
2025-07-27 21:00:00+00:00,40330.9,41471.1
2025-07-27 21:15:00+00:00,39617.1,40330.9
2025-07-27 21:30:00+00:00,39087.7,39617.1
2025-07-27 21:45:00+00:00,38791.7,39087.7
2025-07-27 22:00:00+00:00,38303.5,38791.7
2025-07-27 22:15:00+00:00,38061.4,38303.5
2025-07-27 22:30:00+00:00,37620.8,38061.4
2025-07-27 22:45:00+00:00,37602.8,37620.8
2025-07-27 23:00:00+00:00,37168.7,37602.8
2025-07-27 23:15:00+00:00,37173.4,37168.7
2025-07-27 23:30:00+00:00,36784.8,37173.4
2025-07-27 23:45:00+00:00,36795.2,36784.8
2025-07-28 00:00:00+00:00,36315.1,36795.2
2025-07-28 00:15:00+00:00,36103.8,36315.1
2025-07-28 00:30:00+00:00,36017.7,36103.8
2025-07-28 00:45:00+00:00,36002.5,36017.7
2025-07-28 01:00:00+00:00,36196.9,36002.5
2025-07-28 01:15:00+00:00,36295.3,36196.9
2025-07-28 01:30:00+00:00,36283.6,36295.3
2025-07-28 01:45:00+00:00,36657.3,36283.6
2025-07-28 02:00:00+00:00,37288.8,36657.3
2025-07-28 02:15:00+00:00,37622.8,37288.8
2025-07-28 02:30:00+00:00,37798.9,37622.8
2025-07-28 02:45:00+00:00,38147.8,37798.9
2025-07-28 03:00:00+00:00,39527.3,38147.8
2025-07-28 03:15:00+00:00,40126.0,39527.3
2025-07-28 03:30:00+00:00,41317.9,40126.0
2025-07-28 03:45:00+00:00,42625.0,41317.9
2025-07-28 04:00:00+00:00,45181.9,42625.0
2025-07-28 04:15:00+00:00,47074.7,45181.9
2025-07-28 04:30:00+00:00,48341.8,47074.7
2025-07-28 04:45:00+00:00,49376.2,48341.8
2025-07-28 05:00:00+00:00,51303.2,49376.2
2025-07-28 05:15:00+00:00,52561.5,51303.2
2025-07-28 05:30:00+00:00,53396.7,52561.5
2025-07-28 05:45:00+00:00,54382.3,53396.7
2025-07-28 06:00:00+00:00,55176.6,54382.3
2025-07-28 06:15:00+00:00,56246.4,55176.6
2025-07-28 06:30:00+00:00,56833.5,56246.4
2025-07-28 06:45:00+00:00,56861.6,56833.5
2025-07-28 07:00:00+00:00,56344.5,56861.6
2025-07-28 07:15:00+00:00,56752.3,56344.5
2025-07-28 07:30:00+00:00,57324.8,56752.3
2025-07-28 07:45:00+00:00,57757.5,57324.8
2025-07-28 08:00:00+00:00,57908.6,57757.5
2025-07-28 08:15:00+00:00,57817.6,57908.6
2025-07-28 08:30:00+00:00,58300.9,57817.6
2025-07-28 08:45:00+00:00,58527.0,58300.9
2025-07-28 09:00:00+00:00,58547.0,58527.0
2025-07-28 09:15:00+00:00,59013.5,58547.0
2025-07-28 09:30:00+00:00,59346.5,59013.5
2025-07-28 09:45:00+00:00,59516.1,59346.5
2025-07-28 10:00:00+00:00,59193.4,59516.1
2025-07-28 10:15:00+00:00,58737.5,59193.4
2025-07-28 10:30:00+00:00,58654.5,58737.5
2025-07-28 10:45:00+00:00,59093.8,58654.5
2025-07-28 11:00:00+00:00,58797.4,59093.8
2025-07-28 11:15:00+00:00,58085.7,58797.4
2025-07-28 11:30:00+00:00,57586.2,58085.7
2025-07-28 11:45:00+00:00,57038.0,57586.2
2025-07-28 12:00:00+00:00,56846.7,57038.0
2025-07-28 12:15:00+00:00,56411.2,56846.7
2025-07-28 12:30:00+00:00,56282.3,56411.2
2025-07-28 12:45:00+00:00,56078.4,56282.3
2025-07-28 13:00:00+00:00,55808.9,56078.4
2025-07-28 13:15:00+00:00,55416.0,55808.9
2025-07-28 13:30:00+00:00,55148.4,55416.0
2025-07-28 13:45:00+00:00,54785.7,55148.4
2025-07-28 14:00:00+00:00,55191.5,54785.7
2025-07-28 14:15:00+00:00,54807.9,55191.5
2025-07-28 14:30:00+00:00,54985.1,54807.9
2025-07-28 14:45:00+00:00,55068.7,54985.1
2025-07-28 15:00:00+00:00,55729.2,55068.7
2025-07-28 15:15:00+00:00,55602.1,55729.2
2025-07-28 15:30:00+00:00,55310.2,55602.1
2025-07-28 15:45:00+00:00,55682.5,55310.2
2025-07-28 16:00:00+00:00,55736.0,55682.5
2025-07-28 16:15:00+00:00,56233.6,55736.0
2025-07-28 16:30:00+00:00,55884.2,56233.6
2025-07-28 16:45:00+00:00,55748.5,55884.2
2025-07-28 17:00:00+00:00,55862.9,55748.5
2025-07-28 17:15:00+00:00,55345.8,55862.9
2025-07-28 17:30:00+00:00,55157.6,55345.8
2025-07-28 17:45:00+00:00,54862.7,55157.6
2025-07-28 18:00:00+00:00,54271.6,54862.7
2025-07-28 18:15:00+00:00,53390.6,54271.6
2025-07-28 18:30:00+00:00,52819.3,53390.6
2025-07-28 18:45:00+00:00,52517.2,52819.3
2025-07-28 19:00:00+00:00,52315.8,52517.2
2025-07-28 19:15:00+00:00,52233.5,52315.8
2025-07-28 19:30:00+00:00,52154.9,52233.5
2025-07-28 19:45:00+00:00,51713.6,52154.9
2025-07-28 20:00:00+00:00,50705.4,51713.6
2025-07-28 20:15:00+00:00,49924.3,50705.4
2025-07-28 20:30:00+00:00,49389.9,49924.3
2025-07-28 20:45:00+00:00,48333.9,49389.9
2025-07-28 21:00:00+00:00,47833.7,48333.9
2025-07-28 21:15:00+00:00,46562.7,47833.7
2025-07-28 21:30:00+00:00,46013.0,46562.7
2025-07-28 21:45:00+00:00,45240.1,46013.0
2025-07-28 22:00:00+00:00,44934.7,45240.1
2025-07-28 22:15:00+00:00,44435.3,44934.7
2025-07-28 22:30:00+00:00,44314.8,44435.3
2025-07-28 22:45:00+00:00,43310.3,44314.8
2025-07-28 23:00:00+00:00,42703.0,43310.3
2025-07-28 23:15:00+00:00,42370.1,42703.0
2025-07-28 23:30:00+00:00,42004.7,42370.1
2025-07-28 23:45:00+00:00,41463.4,42004.7
2025-07-29 00:00:00+00:00,41139.9,41463.4
2025-07-29 00:15:00+00:00,40916.3,41139.9
2025-07-29 00:30:00+00:00,41030.9,40916.3
2025-07-29 00:45:00+00:00,41123.8,41030.9
2025-07-29 01:00:00+00:00,40880.4,41123.8
2025-07-29 01:15:00+00:00,41023.2,40880.4
2025-07-29 01:30:00+00:00,41096.5,41023.2
2025-07-29 01:45:00+00:00,41127.5,41096.5
2025-07-29 02:00:00+00:00,41470.6,41127.5
2025-07-29 02:15:00+00:00,41536.4,41470.6
2025-07-29 02:30:00+00:00,41957.3,41536.4
2025-07-29 02:45:00+00:00,42692.5,41957.3
2025-07-29 03:00:00+00:00,43687.3,42692.5
2025-07-29 03:15:00+00:00,44397.6,43687.3
2025-07-29 03:30:00+00:00,45396.3,44397.6
2025-07-29 03:45:00+00:00,46780.7,45396.3
2025-07-29 04:00:00+00:00,48991.5,46780.7
2025-07-29 04:15:00+00:00,50808.9,48991.5
2025-07-29 04:30:00+00:00,51846.2,50808.9
2025-07-29 04:45:00+00:00,53049.5,51846.2
2025-07-29 05:00:00+00:00,54090.4,53049.5
2025-07-29 05:15:00+00:00,54811.7,54090.4
2025-07-29 05:30:00+00:00,55771.0,54811.7
2025-07-29 05:45:00+00:00,56868.2,55771.0
2025-07-29 06:00:00+00:00,57875.2,56868.2
2025-07-29 06:15:00+00:00,58981.9,57875.2
2025-07-29 06:30:00+00:00,59602.3,58981.9
2025-07-29 06:45:00+00:00,60010.8,59602.3
2025-07-29 07:00:00+00:00,59560.1,60010.8
2025-07-29 07:15:00+00:00,59265.3,59560.1
2025-07-29 07:30:00+00:00,59479.6,59265.3
2025-07-29 07:45:00+00:00,59394.1,59479.6
2025-07-29 08:00:00+00:00,58821.9,59394.1
2025-07-29 08:15:00+00:00,59133.5,58821.9
2025-07-29 08:30:00+00:00,59095.8,59133.5
2025-07-29 08:45:00+00:00,59504.4,59095.8
2025-07-29 09:00:00+00:00,59191.4,59504.4
2025-07-29 09:15:00+00:00,59489.0,59191.4
2025-07-29 09:30:00+00:00,59227.5,59489.0
2025-07-29 09:45:00+00:00,58849.8,59227.5
2025-07-29 10:00:00+00:00,58677.0,58849.8
2025-07-29 10:15:00+00:00,58723.0,58677.0
2025-07-29 10:30:00+00:00,58843.9,58723.0
2025-07-29 10:45:00+00:00,58379.3,58843.9
2025-07-29 11:00:00+00:00,58160.7,58379.3
2025-07-29 11:15:00+00:00,57389.4,58160.7
2025-07-29 11:30:00+00:00,57002.5,57389.4
2025-07-29 11:45:00+00:00,56509.2,57002.5
2025-07-29 12:00:00+00:00,55886.7,56509.2
2025-07-29 12:15:00+00:00,56236.0,55886.7
2025-07-29 12:30:00+00:00,56073.0,56236.0
2025-07-29 12:45:00+00:00,55587.1,56073.0
2025-07-29 13:00:00+00:00,55663.2,55587.1
2025-07-29 13:15:00+00:00,55481.1,55663.2
2025-07-29 13:30:00+00:00,55349.1,55481.1
2025-07-29 13:45:00+00:00,55086.5,55349.1
2025-07-29 14:00:00+00:00,55495.8,55086.5
2025-07-29 14:15:00+00:00,55562.7,55495.8
2025-07-29 14:30:00+00:00,55867.1,55562.7
2025-07-29 14:45:00+00:00,55870.4,55867.1
2025-07-29 15:00:00+00:00,55931.8,55870.4
2025-07-29 15:15:00+00:00,55291.3,55931.8
2025-07-29 15:30:00+00:00,55453.3,55291.3
2025-07-29 15:45:00+00:00,55510.7,55453.3
2025-07-29 16:00:00+00:00,55771.2,55510.7
2025-07-29 16:15:00+00:00,55735.5,55771.2
2025-07-29 16:30:00+00:00,56147.8,55735.5
2025-07-29 16:45:00+00:00,55600.9,56147.8
2025-07-29 17:00:00+00:00,55569.6,55600.9
2025-07-29 17:15:00+00:00,54946.8,55569.6
2025-07-29 17:30:00+00:00,54864.1,54946.8
2025-07-29 17:45:00+00:00,54859.4,54864.1
2025-07-29 18:00:00+00:00,54444.1,54859.4
2025-07-29 18:15:00+00:00,53810.6,54444.1
2025-07-29 18:30:00+00:00,53039.8,53810.6
2025-07-29 18:45:00+00:00,52735.5,53039.8
2025-07-29 19:00:00+00:00,52294.0,52735.5
2025-07-29 19:15:00+00:00,52087.3,52294.0
2025-07-29 19:30:00+00:00,51926.0,52087.3
2025-07-29 19:45:00+00:00,51333.1,51926.0
2025-07-29 20:00:00+00:00,50237.9,51333.1
2025-07-29 20:15:00+00:00,49629.4,50237.9
2025-07-29 20:30:00+00:00,48622.8,49629.4
2025-07-29 20:45:00+00:00,47790.4,48622.8
2025-07-29 21:00:00+00:00,47313.6,47790.4
2025-07-29 21:15:00+00:00,46406.3,47313.6
2025-07-29 21:30:00+00:00,45546.6,46406.3
2025-07-29 21:45:00+00:00,44429.4,45546.6
2025-07-29 22:00:00+00:00,43420.5,44429.4
2025-07-29 22:15:00+00:00,42901.1,43420.5
2025-07-29 22:30:00+00:00,42367.0,42901.1
2025-07-29 22:45:00+00:00,42334.2,42367.0
2025-07-29 23:00:00+00:00,41780.2,42334.2
2025-07-29 23:15:00+00:00,41558.0,41780.2
2025-07-29 23:30:00+00:00,40926.1,41558.0
2025-07-29 23:45:00+00:00,40432.0,40926.1
2025-07-30 00:00:00+00:00,39728.3,40432.0
2025-07-30 00:15:00+00:00,39770.3,39728.3
2025-07-30 00:30:00+00:00,39967.9,39770.3
2025-07-30 00:45:00+00:00,39954.5,39967.9
2025-07-30 01:00:00+00:00,40341.2,39954.5
2025-07-30 01:15:00+00:00,40103.4,40341.2
2025-07-30 01:30:00+00:00,40197.8,40103.4
2025-07-30 01:45:00+00:00,40295.4,40197.8
2025-07-30 02:00:00+00:00,40493.4,40295.4
2025-07-30 02:15:00+00:00,40476.3,40493.4
2025-07-30 02:30:00+00:00,40952.4,40476.3
2025-07-30 02:45:00+00:00,41469.6,40952.4
2025-07-30 03:00:00+00:00,42766.9,41469.6
2025-07-30 03:15:00+00:00,43359.5,42766.9
2025-07-30 03:30:00+00:00,44313.0,43359.5
2025-07-30 03:45:00+00:00,45405.7,44313.0
2025-07-30 04:00:00+00:00,47581.7,45405.7
2025-07-30 04:15:00+00:00,49451.6,47581.7
2025-07-30 04:30:00+00:00,50766.7,49451.6
2025-07-30 04:45:00+00:00,51565.1,50766.7
2025-07-30 05:00:00+00:00,52814.6,51565.1
2025-07-30 05:15:00+00:00,53660.5,52814.6
2025-07-30 05:30:00+00:00,54627.0,53660.5
2025-07-30 05:45:00+00:00,55528.3,54627.0
2025-07-30 06:00:00+00:00,56227.2,55528.3
2025-07-30 06:15:00+00:00,56733.2,56227.2
2025-07-30 06:30:00+00:00,56939.8,56733.2
2025-07-30 06:45:00+00:00,57472.6,56939.8
2025-07-30 07:00:00+00:00,57199.9,57472.6
2025-07-30 07:15:00+00:00,57957.7,57199.9
2025-07-30 07:30:00+00:00,58411.9,57957.7
2025-07-30 07:45:00+00:00,58575.5,58411.9
2025-07-30 08:00:00+00:00,58343.4,58575.5
2025-07-30 08:15:00+00:00,58505.6,58343.4
2025-07-30 08:30:00+00:00,59292.9,58505.6
2025-07-30 08:45:00+00:00,59627.9,59292.9
2025-07-30 09:00:00+00:00,59847.4,59627.9
2025-07-30 09:15:00+00:00,60148.5,59847.4
2025-07-30 09:30:00+00:00,60487.2,60148.5
2025-07-30 09:45:00+00:00,60046.6,60487.2
2025-07-30 10:00:00+00:00,59816.2,60046.6
2025-07-30 10:15:00+00:00,59609.5,59816.2
2025-07-30 10:30:00+00:00,59705.8,59609.5
2025-07-30 10:45:00+00:00,59318.7,59705.8
2025-07-30 11:00:00+00:00,59349.7,59318.7
2025-07-30 11:15:00+00:00,59281.8,59349.7
2025-07-30 11:30:00+00:00,58713.9,59281.8
2025-07-30 11:45:00+00:00,58064.7,58713.9
2025-07-30 12:00:00+00:00,58039.7,58064.7
2025-07-30 12:15:00+00:00,57948.8,58039.7
2025-07-30 12:30:00+00:00,57475.4,57948.8
2025-07-30 12:45:00+00:00,57555.3,57475.4
2025-07-30 13:00:00+00:00,56726.1,57555.3
2025-07-30 13:15:00+00:00,55726.2,56726.1
2025-07-30 13:30:00+00:00,55309.6,55726.2
2025-07-30 13:45:00+00:00,54951.3,55309.6
2025-07-30 14:00:00+00:00,55030.7,54951.3
2025-07-30 14:15:00+00:00,54541.0,55030.7
2025-07-30 14:30:00+00:00,54324.2,54541.0
2025-07-30 14:45:00+00:00,54364.3,54324.2
2025-07-30 15:00:00+00:00,55025.8,54364.3
2025-07-30 15:15:00+00:00,54795.1,55025.8
2025-07-30 15:30:00+00:00,54884.7,54795.1
2025-07-30 15:45:00+00:00,54919.8,54884.7
2025-07-30 16:00:00+00:00,54982.1,54919.8
2025-07-30 16:15:00+00:00,54144.8,54982.1
2025-07-30 16:30:00+00:00,54365.8,54144.8
2025-07-30 16:45:00+00:00,54859.3,54365.8
2025-07-30 17:00:00+00:00,54766.5,54859.3
2025-07-30 17:15:00+00:00,54308.3,54766.5
2025-07-30 17:30:00+00:00,54145.9,54308.3
2025-07-30 17:45:00+00:00,53896.8,54145.9
2025-07-30 18:00:00+00:00,53599.7,53896.8
2025-07-30 18:15:00+00:00,52852.9,53599.7
2025-07-30 18:30:00+00:00,52113.4,52852.9
2025-07-30 18:45:00+00:00,51982.1,52113.4
2025-07-30 19:00:00+00:00,51789.4,51982.1
2025-07-30 19:15:00+00:00,51695.3,51789.4
2025-07-30 19:30:00+00:00,51177.3,51695.3
2025-07-30 19:45:00+00:00,50477.5,51177.3
2025-07-30 20:00:00+00:00,49515.1,50477.5
2025-07-30 20:15:00+00:00,48770.7,49515.1
2025-07-30 20:30:00+00:00,47711.0,48770.7
2025-07-30 20:45:00+00:00,46770.2,47711.0
2025-07-30 21:00:00+00:00,45868.3,46770.2
2025-07-30 21:15:00+00:00,44888.2,45868.3
2025-07-30 21:30:00+00:00,44082.5,44888.2
2025-07-30 21:45:00+00:00,43550.8,44082.5
2025-07-30 22:00:00+00:00,43008.5,43550.8
2025-07-30 22:15:00+00:00,42671.5,43008.5
2025-07-30 22:30:00+00:00,42089.7,42671.5
2025-07-30 22:45:00+00:00,41534.7,42089.7
2025-07-30 23:00:00+00:00,41236.3,41534.7
2025-07-30 23:15:00+00:00,40968.2,41236.3
2025-07-30 23:30:00+00:00,40835.2,40968.2
2025-07-30 23:45:00+00:00,40913.2,40835.2
2025-07-31 00:00:00+00:00,40253.7,40913.2
2025-07-31 00:15:00+00:00,40254.7,40253.7
2025-07-31 00:30:00+00:00,40260.5,40254.7
2025-07-31 00:45:00+00:00,40252.3,40260.5
2025-07-31 01:00:00+00:00,40003.2,40252.3
2025-07-31 01:15:00+00:00,39946.3,40003.2
2025-07-31 01:30:00+00:00,39949.9,39946.3
2025-07-31 01:45:00+00:00,40030.3,39949.9
2025-07-31 02:00:00+00:00,40627.9,40030.3
2025-07-31 02:15:00+00:00,40927.2,40627.9
2025-07-31 02:30:00+00:00,40928.2,40927.2
2025-07-31 02:45:00+00:00,41048.3,40928.2
2025-07-31 03:00:00+00:00,42295.9,41048.3
2025-07-31 03:15:00+00:00,42840.9,42295.9
2025-07-31 03:30:00+00:00,43657.3,42840.9
2025-07-31 03:45:00+00:00,44833.1,43657.3
2025-07-31 04:00:00+00:00,47008.6,44833.1
2025-07-31 04:15:00+00:00,48586.9,47008.6
2025-07-31 04:30:00+00:00,49903.4,48586.9
2025-07-31 04:45:00+00:00,50929.7,49903.4
2025-07-31 05:00:00+00:00,52324.3,50929.7
2025-07-31 05:15:00+00:00,53542.2,52324.3
2025-07-31 05:30:00+00:00,54658.3,53542.2
2025-07-31 05:45:00+00:00,55525.1,54658.3
2025-07-31 06:00:00+00:00,55968.9,55525.1
2025-07-31 06:15:00+00:00,56765.2,55968.9
2025-07-31 06:30:00+00:00,57314.5,56765.2
2025-07-31 06:45:00+00:00,57994.6,57314.5
2025-07-31 07:00:00+00:00,57326.7,57994.6
2025-07-31 07:15:00+00:00,57874.3,57326.7
2025-07-31 07:30:00+00:00,58422.6,57874.3
2025-07-31 07:45:00+00:00,58761.3,58422.6
2025-07-31 08:00:00+00:00,58907.9,58761.3
2025-07-31 08:15:00+00:00,59225.2,58907.9
2025-07-31 08:30:00+00:00,59850.2,59225.2
2025-07-31 08:45:00+00:00,59816.2,59850.2
2025-07-31 09:00:00+00:00,59366.1,59816.2
2025-07-31 09:15:00+00:00,59167.9,59366.1
2025-07-31 09:30:00+00:00,59653.5,59167.9
2025-07-31 09:45:00+00:00,59341.2,59653.5
2025-07-31 10:00:00+00:00,59405.2,59341.2
2025-07-31 10:15:00+00:00,58449.2,59405.2
2025-07-31 10:30:00+00:00,57982.1,58449.2
2025-07-31 10:45:00+00:00,57732.7,57982.1
2025-07-31 11:00:00+00:00,57548.4,57732.7
2025-07-31 11:15:00+00:00,56850.0,57548.4
2025-07-31 11:30:00+00:00,56507.8,56850.0
2025-07-31 11:45:00+00:00,56403.0,56507.8
2025-07-31 12:00:00+00:00,56081.5,56403.0
2025-07-31 12:15:00+00:00,55819.6,56081.5
2025-07-31 12:30:00+00:00,55428.4,55819.6
2025-07-31 12:45:00+00:00,55091.9,55428.4
2025-07-31 13:00:00+00:00,55882.7,55091.9
2025-07-31 13:15:00+00:00,55364.6,55882.7
2025-07-31 13:30:00+00:00,55651.6,55364.6
2025-07-31 13:45:00+00:00,55021.4,55651.6
2025-07-31 14:00:00+00:00,54744.8,55021.4
2025-07-31 14:15:00+00:00,54629.4,54744.8
2025-07-31 14:30:00+00:00,54655.6,54629.4
2025-07-31 14:45:00+00:00,54178.8,54655.6
2025-07-31 15:00:00+00:00,54633.2,54178.8
2025-07-31 15:15:00+00:00,54507.6,54633.2
2025-07-31 15:30:00+00:00,54465.4,54507.6
2025-07-31 15:45:00+00:00,54550.4,54465.4
2025-07-31 16:00:00+00:00,55242.0,54550.4
2025-07-31 16:15:00+00:00,54711.3,55242.0
2025-07-31 16:30:00+00:00,54668.3,54711.3
2025-07-31 16:45:00+00:00,55026.4,54668.3
2025-07-31 17:00:00+00:00,55458.3,55026.4
2025-07-31 17:15:00+00:00,55190.1,55458.3
2025-07-31 17:30:00+00:00,54836.9,55190.1
2025-07-31 17:45:00+00:00,54353.0,54836.9
2025-07-31 18:00:00+00:00,53913.6,54353.0
2025-07-31 18:15:00+00:00,52986.8,53913.6
2025-07-31 18:30:00+00:00,52599.0,52986.8
2025-07-31 18:45:00+00:00,52191.6,52599.0
2025-07-31 19:00:00+00:00,51843.1,52191.6
2025-07-31 19:15:00+00:00,52040.7,51843.1
2025-07-31 19:30:00+00:00,51359.1,52040.7
2025-07-31 19:45:00+00:00,50401.3,51359.1
2025-07-31 20:00:00+00:00,49313.1,50401.3
2025-07-31 20:15:00+00:00,48560.3,49313.1
2025-07-31 20:30:00+00:00,47841.8,48560.3
2025-07-31 20:45:00+00:00,46952.2,47841.8
2025-07-31 21:00:00+00:00,46186.2,46952.2
2025-07-31 21:15:00+00:00,45008.6,46186.2
2025-07-31 21:30:00+00:00,44602.0,45008.6
2025-07-31 21:45:00+00:00,44059.4,44602.0
2025-07-31 22:00:00+00:00,43192.8,44059.4
2025-07-31 22:15:00+00:00,42708.5,43192.8
2025-07-31 22:30:00+00:00,42386.9,42708.5
2025-07-31 22:45:00+00:00,42146.7,42386.9
2025-07-31 23:00:00+00:00,41576.4,42146.7
2025-07-31 23:15:00+00:00,41315.2,41576.4
2025-07-31 23:30:00+00:00,41108.3,41315.2
2025-07-31 23:45:00+00:00,40877.2,41108.3
2025-08-01 00:00:00+00:00,40319.4,40877.2
2025-08-01 00:15:00+00:00,40253.4,40319.4
2025-08-01 00:30:00+00:00,39839.0,40253.4
2025-08-01 00:45:00+00:00,39858.7,39839.0
2025-08-01 01:00:00+00:00,39756.3,39858.7
2025-08-01 01:15:00+00:00,39926.6,39756.3
2025-08-01 01:30:00+00:00,40000.5,39926.6
2025-08-01 01:45:00+00:00,40044.5,40000.5
2025-08-01 02:00:00+00:00,40372.1,40044.5
2025-08-01 02:15:00+00:00,40560.6,40372.1
2025-08-01 02:30:00+00:00,41081.0,40560.6
2025-08-01 02:45:00+00:00,41522.2,41081.0
2025-08-01 03:00:00+00:00,42739.6,41522.2
2025-08-01 03:15:00+00:00,43381.5,42739.6
2025-08-01 03:30:00+00:00,44150.9,43381.5
2025-08-01 03:45:00+00:00,45114.0,44150.9
2025-08-01 04:00:00+00:00,47026.0,45114.0
2025-08-01 04:15:00+00:00,48283.6,47026.0
2025-08-01 04:30:00+00:00,49686.5,48283.6
2025-08-01 04:45:00+00:00,50737.5,49686.5
2025-08-01 05:00:00+00:00,52012.2,50737.5
2025-08-01 05:15:00+00:00,52906.6,52012.2
2025-08-01 05:30:00+00:00,53946.6,52906.6
2025-08-01 05:45:00+00:00,54933.6,53946.6
2025-08-01 06:00:00+00:00,55912.3,54933.6
2025-08-01 06:15:00+00:00,56752.2,55912.3
2025-08-01 06:30:00+00:00,57336.6,56752.2
2025-08-01 06:45:00+00:00,57781.8,57336.6
2025-08-01 07:00:00+00:00,57451.3,57781.8
2025-08-01 07:15:00+00:00,57917.1,57451.3
2025-08-01 07:30:00+00:00,58343.7,57917.1
2025-08-01 07:45:00+00:00,58394.1,58343.7
2025-08-01 08:00:00+00:00,58631.4,58394.1
2025-08-01 08:15:00+00:00,58241.8,58631.4
2025-08-01 08:30:00+00:00,58178.6,58241.8
2025-08-01 08:45:00+00:00,57944.2,58178.6
2025-08-01 09:00:00+00:00,57430.4,57944.2
2025-08-01 09:15:00+00:00,56914.8,57430.4
2025-08-01 09:30:00+00:00,56745.1,56914.8
2025-08-01 09:45:00+00:00,57223.1,56745.1
2025-08-01 10:00:00+00:00,56680.0,57223.1
2025-08-01 10:15:00+00:00,56681.7,56680.0
2025-08-01 10:30:00+00:00,56418.0,56681.7
2025-08-01 10:45:00+00:00,55762.7,56418.0
2025-08-01 11:00:00+00:00,55256.1,55762.7
2025-08-01 11:15:00+00:00,54682.5,55256.1
2025-08-01 11:30:00+00:00,54593.3,54682.5
2025-08-01 11:45:00+00:00,53885.1,54593.3
2025-08-01 12:00:00+00:00,53206.6,53885.1
2025-08-01 12:15:00+00:00,53005.6,53206.6
2025-08-01 12:30:00+00:00,52538.7,53005.6
2025-08-01 12:45:00+00:00,52743.9,52538.7
2025-08-01 13:00:00+00:00,52385.1,52743.9
2025-08-01 13:15:00+00:00,51673.5,52385.1
2025-08-01 13:30:00+00:00,51222.3,51673.5
2025-08-01 13:45:00+00:00,51687.7,51222.3
2025-08-01 14:00:00+00:00,51787.1,51687.7
2025-08-01 14:15:00+00:00,51124.7,51787.1
2025-08-01 14:30:00+00:00,51005.6,51124.7
2025-08-01 14:45:00+00:00,51284.0,51005.6
2025-08-01 15:00:00+00:00,52265.2,51284.0
2025-08-01 15:15:00+00:00,52170.8,52265.2
2025-08-01 15:30:00+00:00,51809.9,52170.8
2025-08-01 15:45:00+00:00,51667.2,51809.9
2025-08-01 16:00:00+00:00,51975.3,51667.2
2025-08-01 16:15:00+00:00,52060.0,51975.3
2025-08-01 16:30:00+00:00,51930.1,52060.0
2025-08-01 16:45:00+00:00,52303.0,51930.1
2025-08-01 17:00:00+00:00,52247.4,52303.0
2025-08-01 17:15:00+00:00,51390.9,52247.4
2025-08-01 17:30:00+00:00,50928.0,51390.9
2025-08-01 17:45:00+00:00,50755.5,50928.0
2025-08-01 18:00:00+00:00,50654.7,50755.5
2025-08-01 18:15:00+00:00,50111.0,50654.7
2025-08-01 18:30:00+00:00,49667.2,50111.0
2025-08-01 18:45:00+00:00,48826.8,49667.2
2025-08-01 19:00:00+00:00,48466.3,48826.8
2025-08-01 19:15:00+00:00,48282.4,48466.3
2025-08-01 19:30:00+00:00,47830.9,48282.4
2025-08-01 19:45:00+00:00,46832.6,47830.9
2025-08-01 20:00:00+00:00,45825.7,46832.6
2025-08-01 20:15:00+00:00,45292.6,45825.7
2025-08-01 20:30:00+00:00,44824.2,45292.6
2025-08-01 20:45:00+00:00,43743.4,44824.2
2025-08-01 21:00:00+00:00,43058.4,43743.4
2025-08-01 21:15:00+00:00,42291.9,43058.4
2025-08-01 21:30:00+00:00,41439.7,42291.9
2025-08-01 21:45:00+00:00,40872.4,41439.7
2025-08-01 22:00:00+00:00,40173.3,40872.4
2025-08-01 22:15:00+00:00,39430.3,40173.3
2025-08-01 22:30:00+00:00,39241.4,39430.3
2025-08-01 22:45:00+00:00,38797.4,39241.4
2025-08-01 23:00:00+00:00,38370.3,38797.4
2025-08-01 23:15:00+00:00,38073.3,38370.3
2025-08-01 23:30:00+00:00,37689.9,38073.3
2025-08-01 23:45:00+00:00,37169.6,37689.9
2025-08-02 00:00:00+00:00,36740.2,37169.6
2025-08-02 00:15:00+00:00,36519.6,36740.2
2025-08-02 00:30:00+00:00,36004.9,36519.6
2025-08-02 00:45:00+00:00,36232.9,36004.9
2025-08-02 01:00:00+00:00,36035.7,36232.9
2025-08-02 01:15:00+00:00,35936.0,36035.7
2025-08-02 01:30:00+00:00,35840.3,35936.0
2025-08-02 01:45:00+00:00,35886.4,35840.3
2025-08-02 02:00:00+00:00,36024.1,35886.4
2025-08-02 02:15:00+00:00,36010.5,36024.1
2025-08-02 02:30:00+00:00,36156.7,36010.5
2025-08-02 02:45:00+00:00,36244.9,36156.7
2025-08-02 03:00:00+00:00,36815.9,36244.9
2025-08-02 03:15:00+00:00,36783.4,36815.9
2025-08-02 03:30:00+00:00,37057.0,36783.4
2025-08-02 03:45:00+00:00,37271.0,37057.0
2025-08-02 04:00:00+00:00,37807.8,37271.0
2025-08-02 04:15:00+00:00,38418.6,37807.8
2025-08-02 04:30:00+00:00,38952.2,38418.6
2025-08-02 04:45:00+00:00,39198.5,38952.2
2025-08-02 05:00:00+00:00,39619.0,39198.5
2025-08-02 05:15:00+00:00,40371.5,39619.0
2025-08-02 05:30:00+00:00,40769.6,40371.5
2025-08-02 05:45:00+00:00,41705.7,40769.6
2025-08-02 06:00:00+00:00,42709.5,41705.7
2025-08-02 06:15:00+00:00,43632.1,42709.5
2025-08-02 06:30:00+00:00,44273.6,43632.1
2025-08-02 06:45:00+00:00,45051.9,44273.6
2025-08-02 07:00:00+00:00,45487.6,45051.9
2025-08-02 07:15:00+00:00,46020.8,45487.6
2025-08-02 07:30:00+00:00,46277.5,46020.8
2025-08-02 07:45:00+00:00,47042.8,46277.5
2025-08-02 08:00:00+00:00,47674.2,47042.8
2025-08-02 08:15:00+00:00,48162.1,47674.2
2025-08-02 08:30:00+00:00,48161.9,48162.1
2025-08-02 08:45:00+00:00,48606.3,48161.9
2025-08-02 09:00:00+00:00,48824.2,48606.3
2025-08-02 09:15:00+00:00,49246.3,48824.2
2025-08-02 09:30:00+00:00,49117.7,49246.3
2025-08-02 09:45:00+00:00,48674.8,49117.7
2025-08-02 10:00:00+00:00,48377.2,48674.8
2025-08-02 10:15:00+00:00,48180.0,48377.2
2025-08-02 10:30:00+00:00,48106.6,48180.0
2025-08-02 10:45:00+00:00,47343.7,48106.6
2025-08-02 11:00:00+00:00,46777.4,47343.7
2025-08-02 11:15:00+00:00,46158.4,46777.4
2025-08-02 11:30:00+00:00,45860.7,46158.4
2025-08-02 11:45:00+00:00,45559.9,45860.7
2025-08-02 12:00:00+00:00,45740.5,45559.9
2025-08-02 12:15:00+00:00,45534.5,45740.5
2025-08-02 12:30:00+00:00,45069.1,45534.5
2025-08-02 12:45:00+00:00,44391.8,45069.1
2025-08-02 13:00:00+00:00,44366.0,44391.8
2025-08-02 13:15:00+00:00,44398.9,44366.0
2025-08-02 13:30:00+00:00,44359.7,44398.9
2025-08-02 13:45:00+00:00,44028.8,44359.7
2025-08-02 14:00:00+00:00,44589.3,44028.8
2025-08-02 14:15:00+00:00,43918.4,44589.3
2025-08-02 14:30:00+00:00,44211.0,43918.4
2025-08-02 14:45:00+00:00,44270.9,44211.0
2025-08-02 15:00:00+00:00,44764.8,44270.9
2025-08-02 15:15:00+00:00,44898.7,44764.8
2025-08-02 15:30:00+00:00,45352.2,44898.7
2025-08-02 15:45:00+00:00,45112.7,45352.2
2025-08-02 16:00:00+00:00,45715.6,45112.7
2025-08-02 16:15:00+00:00,45555.2,45715.6
2025-08-02 16:30:00+00:00,45733.0,45555.2
2025-08-02 16:45:00+00:00,45759.8,45733.0
2025-08-02 17:00:00+00:00,45815.3,45759.8
2025-08-02 17:15:00+00:00,45500.8,45815.3
2025-08-02 17:30:00+00:00,45332.5,45500.8
2025-08-02 17:45:00+00:00,45144.6,45332.5
2025-08-02 18:00:00+00:00,44846.5,45144.6
2025-08-02 18:15:00+00:00,44402.6,44846.5
2025-08-02 18:30:00+00:00,43677.6,44402.6
2025-08-02 18:45:00+00:00,43250.0,43677.6
2025-08-02 19:00:00+00:00,43235.5,43250.0
2025-08-02 19:15:00+00:00,43260.6,43235.5
2025-08-02 19:30:00+00:00,42902.6,43260.6
2025-08-02 19:45:00+00:00,42603.3,42902.6
2025-08-02 20:00:00+00:00,42234.2,42603.3
2025-08-02 20:15:00+00:00,41635.6,42234.2
2025-08-02 20:30:00+00:00,41108.8,41635.6
2025-08-02 20:45:00+00:00,40664.5,41108.8
2025-08-02 21:00:00+00:00,39805.1,40664.5
2025-08-02 21:15:00+00:00,39048.2,39805.1
2025-08-02 21:30:00+00:00,38498.7,39048.2
2025-08-02 21:45:00+00:00,38103.5,38498.7
2025-08-02 22:00:00+00:00,37456.2,38103.5
2025-08-02 22:15:00+00:00,36868.2,37456.2
2025-08-02 22:30:00+00:00,36429.9,36868.2
2025-08-02 22:45:00+00:00,35954.5,36429.9
2025-08-02 23:00:00+00:00,35742.3,35954.5
2025-08-02 23:15:00+00:00,35762.1,35742.3
2025-08-02 23:30:00+00:00,35472.1,35762.1
2025-08-02 23:45:00+00:00,34944.0,35472.1
2025-08-03 00:00:00+00:00,34517.8,34944.0
2025-08-03 00:15:00+00:00,34111.7,34517.8
2025-08-03 00:30:00+00:00,34168.2,34111.7
2025-08-03 00:45:00+00:00,34037.5,34168.2
2025-08-03 01:00:00+00:00,33923.5,34037.5
2025-08-03 01:15:00+00:00,34008.0,33923.5
2025-08-03 01:30:00+00:00,33928.9,34008.0
2025-08-03 01:45:00+00:00,33799.4,33928.9
2025-08-03 02:00:00+00:00,33855.4,33799.4
2025-08-03 02:15:00+00:00,33713.4,33855.4
2025-08-03 02:30:00+00:00,33841.4,33713.4
2025-08-03 02:45:00+00:00,34004.1,33841.4
2025-08-03 03:00:00+00:00,34291.6,34004.1
2025-08-03 03:15:00+00:00,34139.8,34291.6
2025-08-03 03:30:00+00:00,34269.9,34139.8
2025-08-03 03:45:00+00:00,34206.9,34269.9
2025-08-03 04:00:00+00:00,34165.5,34206.9
2025-08-03 04:15:00+00:00,34424.7,34165.5
2025-08-03 04:30:00+00:00,34788.1,34424.7
2025-08-03 04:45:00+00:00,34992.5,34788.1
2025-08-03 05:00:00+00:00,35536.2,34992.5
2025-08-03 05:15:00+00:00,36387.7,35536.2
2025-08-03 05:30:00+00:00,37143.8,36387.7
2025-08-03 05:45:00+00:00,38046.6,37143.8
2025-08-03 06:00:00+00:00,38818.5,38046.6
2025-08-03 06:15:00+00:00,39570.5,38818.5
2025-08-03 06:30:00+00:00,40103.9,39570.5
2025-08-03 06:45:00+00:00,40739.8,40103.9
2025-08-03 07:00:00+00:00,41370.9,40739.8
2025-08-03 07:15:00+00:00,42047.3,41370.9
2025-08-03 07:30:00+00:00,42774.4,42047.3
2025-08-03 07:45:00+00:00,43947.7,42774.4
2025-08-03 08:00:00+00:00,43435.5,43947.7
2025-08-03 08:15:00+00:00,43858.2,43435.5
2025-08-03 08:30:00+00:00,44332.9,43858.2
2025-08-03 08:45:00+00:00,44005.8,44332.9
2025-08-03 09:00:00+00:00,44554.9,44005.8
2025-08-03 09:15:00+00:00,45392.9,44554.9
2025-08-03 09:30:00+00:00,45679.8,45392.9
2025-08-03 09:45:00+00:00,45602.4,45679.8
2025-08-03 10:00:00+00:00,45438.8,45602.4
2025-08-03 10:15:00+00:00,45495.2,45438.8
2025-08-03 10:30:00+00:00,45415.3,45495.2
2025-08-03 10:45:00+00:00,44948.4,45415.3
2025-08-03 11:00:00+00:00,44542.9,44948.4
2025-08-03 11:15:00+00:00,44343.8,44542.9
2025-08-03 11:30:00+00:00,44114.5,44343.8
2025-08-03 11:45:00+00:00,43702.1,44114.5
2025-08-03 12:00:00+00:00,43312.7,43702.1
2025-08-03 12:15:00+00:00,43464.3,43312.7
2025-08-03 12:30:00+00:00,42945.7,43464.3
2025-08-03 12:45:00+00:00,42659.8,42945.7
2025-08-03 13:00:00+00:00,42665.6,42659.8
2025-08-03 13:15:00+00:00,42644.9,42665.6
2025-08-03 13:30:00+00:00,42022.1,42644.9
2025-08-03 13:45:00+00:00,41369.0,42022.1
2025-08-03 14:00:00+00:00,41585.1,41369.0
2025-08-03 14:15:00+00:00,41372.5,41585.1
2025-08-03 14:30:00+00:00,41232.4,41372.5
2025-08-03 14:45:00+00:00,41577.6,41232.4
2025-08-03 15:00:00+00:00,42606.6,41577.6
2025-08-03 15:15:00+00:00,42599.7,42606.6
2025-08-03 15:30:00+00:00,43052.2,42599.7
2025-08-03 15:45:00+00:00,43609.4,43052.2
2025-08-03 16:00:00+00:00,43845.7,43609.4
2025-08-03 16:15:00+00:00,43991.0,43845.7
2025-08-03 16:30:00+00:00,44504.4,43991.0
2025-08-03 16:45:00+00:00,44541.1,44504.4
2025-08-03 17:00:00+00:00,44855.6,44541.1
2025-08-03 17:15:00+00:00,44921.1,44855.6
2025-08-03 17:30:00+00:00,44959.2,44921.1
2025-08-03 17:45:00+00:00,44798.0,44959.2
2025-08-03 18:00:00+00:00,44824.1,44798.0
2025-08-03 18:15:00+00:00,44587.9,44824.1
2025-08-03 18:30:00+00:00,44187.9,44587.9
2025-08-03 18:45:00+00:00,44116.0,44187.9
2025-08-03 19:00:00+00:00,44260.1,44116.0
2025-08-03 19:15:00+00:00,44085.0,44260.1
2025-08-03 19:30:00+00:00,43636.9,44085.0
2025-08-03 19:45:00+00:00,43263.6,43636.9
2025-08-03 20:00:00+00:00,42717.2,43263.6
2025-08-03 20:15:00+00:00,42019.1,42717.2
2025-08-03 20:30:00+00:00,41392.0,42019.1
2025-08-03 20:45:00+00:00,40920.0,41392.0
2025-08-03 21:00:00+00:00,40599.6,40920.0
2025-08-03 21:15:00+00:00,39757.1,40599.6
2025-08-03 21:30:00+00:00,39314.9,39757.1
2025-08-03 21:45:00+00:00,38916.3,39314.9
2025-08-03 22:00:00+00:00,38412.6,38916.3
2025-08-03 22:15:00+00:00,38082.2,38412.6
2025-08-03 22:30:00+00:00,38111.8,38082.2
2025-08-03 22:45:00+00:00,38322.1,38111.8
2025-08-03 23:00:00+00:00,37757.4,38322.1
2025-08-03 23:15:00+00:00,37401.0,37757.4
2025-08-03 23:30:00+00:00,37014.6,37401.0
2025-08-03 23:45:00+00:00,37240.3,37014.6
2025-08-04 00:00:00+00:00,37122.3,37240.3
2025-08-04 00:15:00+00:00,37140.7,37122.3
2025-08-04 00:30:00+00:00,37200.8,37140.7
2025-08-04 00:45:00+00:00,37261.0,37200.8
2025-08-04 01:00:00+00:00,37138.0,37261.0
2025-08-04 01:15:00+00:00,37309.8,37138.0
2025-08-04 01:30:00+00:00,37386.2,37309.8
2025-08-04 01:45:00+00:00,37467.4,37386.2
2025-08-04 02:00:00+00:00,37781.1,37467.4
2025-08-04 02:15:00+00:00,37861.6,37781.1
2025-08-04 02:30:00+00:00,38352.9,37861.6
2025-08-04 02:45:00+00:00,38689.5,38352.9
2025-08-04 03:00:00+00:00,40230.5,38689.5
2025-08-04 03:15:00+00:00,40591.7,40230.5
2025-08-04 03:30:00+00:00,41458.6,40591.7
2025-08-04 03:45:00+00:00,42861.8,41458.6
2025-08-04 04:00:00+00:00,45464.1,42861.8
2025-08-04 04:15:00+00:00,46866.1,45464.1
2025-08-04 04:30:00+00:00,47974.7,46866.1
2025-08-04 04:45:00+00:00,49068.1,47974.7
2025-08-04 05:00:00+00:00,50453.6,49068.1
2025-08-04 05:15:00+00:00,51663.3,50453.6
2025-08-04 05:30:00+00:00,52841.1,51663.3
2025-08-04 05:45:00+00:00,53886.0,52841.1
2025-08-04 06:00:00+00:00,54375.3,53886.0
2025-08-04 06:15:00+00:00,55416.3,54375.3
2025-08-04 06:30:00+00:00,56416.7,55416.3
2025-08-04 06:45:00+00:00,56908.5,56416.7
2025-08-04 07:00:00+00:00,56837.7,56908.5
2025-08-04 07:15:00+00:00,57691.1,56837.7
2025-08-04 07:30:00+00:00,58250.9,57691.1
2025-08-04 07:45:00+00:00,58577.1,58250.9
2025-08-04 08:00:00+00:00,58296.7,58577.1
2025-08-04 08:15:00+00:00,58290.7,58296.7
2025-08-04 08:30:00+00:00,58406.8,58290.7
2025-08-04 08:45:00+00:00,58653.9,58406.8
2025-08-04 09:00:00+00:00,58101.2,58653.9
2025-08-04 09:15:00+00:00,57990.3,58101.2
2025-08-04 09:30:00+00:00,57980.4,57990.3
2025-08-04 09:45:00+00:00,57642.0,57980.4
2025-08-04 10:00:00+00:00,56788.9,57642.0
2025-08-04 10:15:00+00:00,56400.9,56788.9
2025-08-04 10:30:00+00:00,56176.5,56400.9
2025-08-04 10:45:00+00:00,56062.9,56176.5
2025-08-04 11:00:00+00:00,55706.0,56062.9
2025-08-04 11:15:00+00:00,55312.2,55706.0
2025-08-04 11:30:00+00:00,54621.9,55312.2
2025-08-04 11:45:00+00:00,54135.4,54621.9
2025-08-04 12:00:00+00:00,53420.9,54135.4
2025-08-04 12:15:00+00:00,53778.7,53420.9
2025-08-04 12:30:00+00:00,53234.0,53778.7
2025-08-04 12:45:00+00:00,52915.1,53234.0
2025-08-04 13:00:00+00:00,52969.7,52915.1
2025-08-04 13:15:00+00:00,52926.2,52969.7
2025-08-04 13:30:00+00:00,52513.0,52926.2
2025-08-04 13:45:00+00:00,51965.1,52513.0
2025-08-04 14:00:00+00:00,53090.2,51965.1
2025-08-04 14:15:00+00:00,53065.2,53090.2
2025-08-04 14:30:00+00:00,52805.7,53065.2
2025-08-04 14:45:00+00:00,52789.4,52805.7
2025-08-04 15:00:00+00:00,53025.4,52789.4
2025-08-04 15:15:00+00:00,53444.9,53025.4
2025-08-04 15:30:00+00:00,53793.4,53444.9
2025-08-04 15:45:00+00:00,53627.0,53793.4
2025-08-04 16:00:00+00:00,53914.1,53627.0
2025-08-04 16:15:00+00:00,54465.8,53914.1
2025-08-04 16:30:00+00:00,54676.9,54465.8
2025-08-04 16:45:00+00:00,54513.3,54676.9
2025-08-04 17:00:00+00:00,54739.6,54513.3
2025-08-04 17:15:00+00:00,53990.1,54739.6
2025-08-04 17:30:00+00:00,53670.9,53990.1
2025-08-04 17:45:00+00:00,53352.6,53670.9
2025-08-04 18:00:00+00:00,52292.7,53352.6
2025-08-04 18:15:00+00:00,51711.5,52292.7
2025-08-04 18:30:00+00:00,51552.4,51711.5
2025-08-04 18:45:00+00:00,51176.9,51552.4
2025-08-04 19:00:00+00:00,51346.2,51176.9
2025-08-04 19:15:00+00:00,51187.9,51346.2
2025-08-04 19:30:00+00:00,50825.8,51187.9
2025-08-04 19:45:00+00:00,50186.5,50825.8
2025-08-04 20:00:00+00:00,48933.9,50186.5
2025-08-04 20:15:00+00:00,48039.9,48933.9
2025-08-04 20:30:00+00:00,47163.7,48039.9
2025-08-04 20:45:00+00:00,46714.9,47163.7
2025-08-04 21:00:00+00:00,46174.8,46714.9
2025-08-04 21:15:00+00:00,45098.8,46174.8
2025-08-04 21:30:00+00:00,44393.3,45098.8
2025-08-04 21:45:00+00:00,44125.7,44393.3
2025-08-04 22:00:00+00:00,42467.6,44125.7
2025-08-04 22:15:00+00:00,42065.0,42467.6
2025-08-04 22:30:00+00:00,41808.7,42065.0
2025-08-04 22:45:00+00:00,41601.7,41808.7
2025-08-04 23:00:00+00:00,41325.4,41601.7
2025-08-04 23:15:00+00:00,41181.6,41325.4
2025-08-04 23:30:00+00:00,41317.9,41181.6
2025-08-04 23:45:00+00:00,41201.1,41317.9
2025-08-05 00:00:00+00:00,40922.4,41201.1
2025-08-05 00:15:00+00:00,41052.9,40922.4
2025-08-05 00:30:00+00:00,41243.0,41052.9
2025-08-05 00:45:00+00:00,41410.4,41243.0
2025-08-05 01:00:00+00:00,41294.7,41410.4
2025-08-05 01:15:00+00:00,41405.0,41294.7
2025-08-05 01:30:00+00:00,41153.6,41405.0
2025-08-05 01:45:00+00:00,41125.2,41153.6
2025-08-05 02:00:00+00:00,41198.6,41125.2
2025-08-05 02:15:00+00:00,41444.4,41198.6
2025-08-05 02:30:00+00:00,41765.8,41444.4
2025-08-05 02:45:00+00:00,42353.5,41765.8
2025-08-05 03:00:00+00:00,43150.2,42353.5
2025-08-05 03:15:00+00:00,43535.2,43150.2
2025-08-05 03:30:00+00:00,44420.5,43535.2
2025-08-05 03:45:00+00:00,45437.8,44420.5
2025-08-05 04:00:00+00:00,47287.6,45437.8
2025-08-05 04:15:00+00:00,48551.4,47287.6
2025-08-05 04:30:00+00:00,49818.4,48551.4
2025-08-05 04:45:00+00:00,50477.2,49818.4
2025-08-05 05:00:00+00:00,51712.2,50477.2
2025-08-05 05:15:00+00:00,52685.6,51712.2
2025-08-05 05:30:00+00:00,53874.0,52685.6
2025-08-05 05:45:00+00:00,54704.1,53874.0
2025-08-05 06:00:00+00:00,55438.7,54704.1
2025-08-05 06:15:00+00:00,56106.5,55438.7
2025-08-05 06:30:00+00:00,56717.2,56106.5
2025-08-05 06:45:00+00:00,57181.3,56717.2
2025-08-05 07:00:00+00:00,57006.8,57181.3
2025-08-05 07:15:00+00:00,57664.9,57006.8
2025-08-05 07:30:00+00:00,58115.1,57664.9
2025-08-05 07:45:00+00:00,58195.2,58115.1
2025-08-05 08:00:00+00:00,57912.2,58195.2
2025-08-05 08:15:00+00:00,58190.8,57912.2
2025-08-05 08:30:00+00:00,58631.1,58190.8
2025-08-05 08:45:00+00:00,58864.3,58631.1
2025-08-05 09:00:00+00:00,59223.6,58864.3
2025-08-05 09:15:00+00:00,59416.5,59223.6
2025-08-05 09:30:00+00:00,59509.6,59416.5
2025-08-05 09:45:00+00:00,58922.0,59509.6
2025-08-05 10:00:00+00:00,58514.3,58922.0
2025-08-05 10:15:00+00:00,58101.9,58514.3
2025-08-05 10:30:00+00:00,58351.7,58101.9
2025-08-05 10:45:00+00:00,58005.9,58351.7
2025-08-05 11:00:00+00:00,57182.6,58005.9
2025-08-05 11:15:00+00:00,56850.5,57182.6
2025-08-05 11:30:00+00:00,56065.0,56850.5
2025-08-05 11:45:00+00:00,55422.9,56065.0
2025-08-05 12:00:00+00:00,57398.0,55422.9
2025-08-05 12:15:00+00:00,56573.1,57398.0
2025-08-05 12:30:00+00:00,55270.9,56573.1
2025-08-05 12:45:00+00:00,54478.6,55270.9
2025-08-05 13:00:00+00:00,53963.1,54478.6
2025-08-05 13:15:00+00:00,53839.0,53963.1
2025-08-05 13:30:00+00:00,53838.6,53839.0
2025-08-05 13:45:00+00:00,53604.9,53838.6
2025-08-05 14:00:00+00:00,53662.6,53604.9
2025-08-05 14:15:00+00:00,53202.5,53662.6
2025-08-05 14:30:00+00:00,53151.9,53202.5
2025-08-05 14:45:00+00:00,52944.1,53151.9
2025-08-05 15:00:00+00:00,53899.5,52944.1
2025-08-05 15:15:00+00:00,54205.5,53899.5
2025-08-05 15:30:00+00:00,55121.7,54205.5
2025-08-05 15:45:00+00:00,54453.4,55121.7
2025-08-05 16:00:00+00:00,55697.1,54453.4
2025-08-05 16:15:00+00:00,55760.9,55697.1
2025-08-05 16:30:00+00:00,55602.1,55760.9
2025-08-05 16:45:00+00:00,55917.8,55602.1
2025-08-05 17:00:00+00:00,55732.4,55917.8
2025-08-05 17:15:00+00:00,55081.7,55732.4
2025-08-05 17:30:00+00:00,54863.7,55081.7
2025-08-05 17:45:00+00:00,54888.2,54863.7
2025-08-05 18:00:00+00:00,54336.9,54888.2
2025-08-05 18:15:00+00:00,53366.2,54336.9
2025-08-05 18:30:00+00:00,52834.4,53366.2
2025-08-05 18:45:00+00:00,52570.2,52834.4
2025-08-05 19:00:00+00:00,52557.3,52570.2
2025-08-05 19:15:00+00:00,52178.6,52557.3
2025-08-05 19:30:00+00:00,51579.8,52178.6
2025-08-05 19:45:00+00:00,50483.2,51579.8
2025-08-05 20:00:00+00:00,48854.5,50483.2
2025-08-05 20:15:00+00:00,48234.8,48854.5
2025-08-05 20:30:00+00:00,47601.8,48234.8
2025-08-05 20:45:00+00:00,46874.6,47601.8
2025-08-05 21:00:00+00:00,46635.3,46874.6
2025-08-05 21:15:00+00:00,45159.4,46635.3
2025-08-05 21:30:00+00:00,44400.4,45159.4
2025-08-05 21:45:00+00:00,43719.3,44400.4
2025-08-05 22:00:00+00:00,43150.6,43719.3
2025-08-05 22:15:00+00:00,42880.9,43150.6
2025-08-05 22:30:00+00:00,42645.9,42880.9
2025-08-05 22:45:00+00:00,42445.2,42645.9
2025-08-05 23:00:00+00:00,42084.2,42445.2
2025-08-05 23:15:00+00:00,41919.4,42084.2
2025-08-05 23:30:00+00:00,41923.5,41919.4
2025-08-05 23:45:00+00:00,41690.3,41923.5
2025-08-06 00:00:00+00:00,41240.3,41690.3
2025-08-06 00:15:00+00:00,41028.7,41240.3
2025-08-06 00:30:00+00:00,40811.8,41028.7
2025-08-06 00:45:00+00:00,40850.1,40811.8
2025-08-06 01:00:00+00:00,40402.0,40850.1
2025-08-06 01:15:00+00:00,40561.1,40402.0
2025-08-06 01:30:00+00:00,40524.9,40561.1
2025-08-06 01:45:00+00:00,40715.2,40524.9
2025-08-06 02:00:00+00:00,41207.0,40715.2
2025-08-06 02:15:00+00:00,41607.0,41207.0
2025-08-06 02:30:00+00:00,41787.8,41607.0
2025-08-06 02:45:00+00:00,42076.9,41787.8
2025-08-06 03:00:00+00:00,43052.5,42076.9
2025-08-06 03:15:00+00:00,44168.4,43052.5
2025-08-06 03:30:00+00:00,45191.0,44168.4
2025-08-06 03:45:00+00:00,46162.5,45191.0
2025-08-06 04:00:00+00:00,48657.9,46162.5
2025-08-06 04:15:00+00:00,50006.0,48657.9
2025-08-06 04:30:00+00:00,51196.4,50006.0
2025-08-06 04:45:00+00:00,51863.4,51196.4
2025-08-06 05:00:00+00:00,53143.8,51863.4
2025-08-06 05:15:00+00:00,54228.8,53143.8
2025-08-06 05:30:00+00:00,54986.5,54228.8
2025-08-06 05:45:00+00:00,56126.5,54986.5
2025-08-06 06:00:00+00:00,56536.1,56126.5
2025-08-06 06:15:00+00:00,56978.4,56536.1
2025-08-06 06:30:00+00:00,57609.6,56978.4
2025-08-06 06:45:00+00:00,57941.5,57609.6
2025-08-06 07:00:00+00:00,56248.9,57941.5
2025-08-06 07:15:00+00:00,56418.6,56248.9
2025-08-06 07:30:00+00:00,56889.4,56418.6
2025-08-06 07:45:00+00:00,56435.9,56889.4
2025-08-06 08:00:00+00:00,56776.1,56435.9
2025-08-06 08:15:00+00:00,56574.1,56776.1
2025-08-06 08:30:00+00:00,56354.4,56574.1
2025-08-06 08:45:00+00:00,56028.3,56354.4
2025-08-06 09:00:00+00:00,56078.5,56028.3
2025-08-06 09:15:00+00:00,55947.1,56078.5
2025-08-06 09:30:00+00:00,55932.7,55947.1
2025-08-06 09:45:00+00:00,55661.1,55932.7
2025-08-06 10:00:00+00:00,55515.9,55661.1
2025-08-06 10:15:00+00:00,55224.5,55515.9
2025-08-06 10:30:00+00:00,55344.2,55224.5
2025-08-06 10:45:00+00:00,55173.1,55344.2
2025-08-06 11:00:00+00:00,55098.2,55173.1
2025-08-06 11:15:00+00:00,54538.6,55098.2
2025-08-06 11:30:00+00:00,53929.2,54538.6
2025-08-06 11:45:00+00:00,53432.1,53929.2
2025-08-06 12:00:00+00:00,53010.9,53432.1
2025-08-06 12:15:00+00:00,52747.4,53010.9
2025-08-06 12:30:00+00:00,52362.6,52747.4
2025-08-06 12:45:00+00:00,52247.1,52362.6
2025-08-06 13:00:00+00:00,52488.4,52247.1
2025-08-06 13:15:00+00:00,52050.4,52488.4
2025-08-06 13:30:00+00:00,51744.2,52050.4
2025-08-06 13:45:00+00:00,51623.4,51744.2
2025-08-06 14:00:00+00:00,51556.0,51623.4
2025-08-06 14:15:00+00:00,51135.3,51556.0
2025-08-06 14:30:00+00:00,51303.6,51135.3
2025-08-06 14:45:00+00:00,51492.5,51303.6
2025-08-06 15:00:00+00:00,52579.5,51492.5
2025-08-06 15:15:00+00:00,52710.1,52579.5
2025-08-06 15:30:00+00:00,53191.7,52710.1
2025-08-06 15:45:00+00:00,53314.9,53191.7
2025-08-06 16:00:00+00:00,54267.5,53314.9
2025-08-06 16:15:00+00:00,53917.7,54267.5
2025-08-06 16:30:00+00:00,54117.0,53917.7
2025-08-06 16:45:00+00:00,54178.2,54117.0
2025-08-06 17:00:00+00:00,54406.7,54178.2
2025-08-06 17:15:00+00:00,53943.0,54406.7
2025-08-06 17:30:00+00:00,54075.3,53943.0
2025-08-06 17:45:00+00:00,53854.8,54075.3
2025-08-06 18:00:00+00:00,53806.3,53854.8
2025-08-06 18:15:00+00:00,53333.3,53806.3
2025-08-06 18:30:00+00:00,52885.6,53333.3
2025-08-06 18:45:00+00:00,52677.0,52885.6
2025-08-06 19:00:00+00:00,52653.1,52677.0
2025-08-06 19:15:00+00:00,52090.7,52653.1
2025-08-06 19:30:00+00:00,51561.3,52090.7
2025-08-06 19:45:00+00:00,50747.0,51561.3
2025-08-06 20:00:00+00:00,49620.2,50747.0
2025-08-06 20:15:00+00:00,48781.6,49620.2
2025-08-06 20:30:00+00:00,47792.0,48781.6
2025-08-06 20:45:00+00:00,47152.4,47792.0
2025-08-06 21:00:00+00:00,46411.8,47152.4
2025-08-06 21:15:00+00:00,45694.8,46411.8
2025-08-06 21:30:00+00:00,44925.7,45694.8
2025-08-06 21:45:00+00:00,44363.5,44925.7
2025-08-06 22:00:00+00:00,43539.6,44363.5
2025-08-06 22:15:00+00:00,43023.8,43539.6
2025-08-06 22:30:00+00:00,42695.0,43023.8
2025-08-06 22:45:00+00:00,41984.7,42695.0
2025-08-06 23:00:00+00:00,41813.7,41984.7
2025-08-06 23:15:00+00:00,41495.1,41813.7
2025-08-06 23:30:00+00:00,40950.7,41495.1
2025-08-06 23:45:00+00:00,40504.6,40950.7
2025-08-07 00:00:00+00:00,40067.8,40504.6
2025-08-07 00:15:00+00:00,39858.9,40067.8
2025-08-07 00:30:00+00:00,39700.8,39858.9
2025-08-07 00:45:00+00:00,39594.7,39700.8
2025-08-07 01:00:00+00:00,39468.2,39594.7
2025-08-07 01:15:00+00:00,39527.3,39468.2
2025-08-07 01:30:00+00:00,39623.3,39527.3
2025-08-07 01:45:00+00:00,39754.2,39623.3
2025-08-07 02:00:00+00:00,39744.7,39754.2
2025-08-07 02:15:00+00:00,40077.6,39744.7
2025-08-07 02:30:00+00:00,40449.5,40077.6
2025-08-07 02:45:00+00:00,40914.4,40449.5
2025-08-07 03:00:00+00:00,42122.5,40914.4
2025-08-07 03:15:00+00:00,42673.5,42122.5
2025-08-07 03:30:00+00:00,43720.1,42673.5
2025-08-07 03:45:00+00:00,44773.1,43720.1
2025-08-07 04:00:00+00:00,47085.0,44773.1
2025-08-07 04:15:00+00:00,48575.4,47085.0
2025-08-07 04:30:00+00:00,49694.9,48575.4
2025-08-07 04:45:00+00:00,50785.0,49694.9
2025-08-07 05:00:00+00:00,52037.3,50785.0
2025-08-07 05:15:00+00:00,53096.0,52037.3
2025-08-07 05:30:00+00:00,54002.7,53096.0
2025-08-07 05:45:00+00:00,54969.9,54002.7
2025-08-07 06:00:00+00:00,55330.2,54969.9
2025-08-07 06:15:00+00:00,55902.7,55330.2
2025-08-07 06:30:00+00:00,56666.1,55902.7
2025-08-07 06:45:00+00:00,56828.4,56666.1
2025-08-07 07:00:00+00:00,55876.0,56828.4
2025-08-07 07:15:00+00:00,55584.7,55876.0
2025-08-07 07:30:00+00:00,55667.8,55584.7
2025-08-07 07:45:00+00:00,55816.4,55667.8
2025-08-07 08:00:00+00:00,55503.3,55816.4
2025-08-07 08:15:00+00:00,55611.1,55503.3
2025-08-07 08:30:00+00:00,54977.1,55611.1
2025-08-07 08:45:00+00:00,54893.4,54977.1
2025-08-07 09:00:00+00:00,54895.6,54893.4
2025-08-07 09:15:00+00:00,54816.8,54895.6
2025-08-07 09:30:00+00:00,54522.3,54816.8
2025-08-07 09:45:00+00:00,54032.1,54522.3
2025-08-07 10:00:00+00:00,53588.3,54032.1
2025-08-07 10:15:00+00:00,53273.9,53588.3
2025-08-07 10:30:00+00:00,53114.9,53273.9
2025-08-07 10:45:00+00:00,52750.5,53114.9
2025-08-07 11:00:00+00:00,52707.7,52750.5
2025-08-07 11:15:00+00:00,52253.1,52707.7
2025-08-07 11:30:00+00:00,52171.3,52253.1
2025-08-07 11:45:00+00:00,51461.5,52171.3
2025-08-07 12:00:00+00:00,51321.3,51461.5
2025-08-07 12:15:00+00:00,51185.7,51321.3
2025-08-07 12:30:00+00:00,51145.7,51185.7
2025-08-07 12:45:00+00:00,50979.4,51145.7
2025-08-07 13:00:00+00:00,51323.1,50979.4
2025-08-07 13:15:00+00:00,50963.4,51323.1
2025-08-07 13:30:00+00:00,50806.1,50963.4
2025-08-07 13:45:00+00:00,50519.0,50806.1
2025-08-07 14:00:00+00:00,51255.8,50519.0
2025-08-07 14:15:00+00:00,51678.4,51255.8
2025-08-07 14:30:00+00:00,51515.2,51678.4
2025-08-07 14:45:00+00:00,51609.4,51515.2
2025-08-07 15:00:00+00:00,52369.3,51609.4
2025-08-07 15:15:00+00:00,52616.4,52369.3
2025-08-07 15:30:00+00:00,52883.2,52616.4
2025-08-07 15:45:00+00:00,53443.1,52883.2
2025-08-07 16:00:00+00:00,54311.3,53443.1
2025-08-07 16:15:00+00:00,54184.7,54311.3
2025-08-07 16:30:00+00:00,54211.7,54184.7
2025-08-07 16:45:00+00:00,54402.7,54211.7
2025-08-07 17:00:00+00:00,54672.8,54402.7
2025-08-07 17:15:00+00:00,54744.7,54672.8
2025-08-07 17:30:00+00:00,54439.2,54744.7
2025-08-07 17:45:00+00:00,54375.9,54439.2
2025-08-07 18:00:00+00:00,54089.0,54375.9
2025-08-07 18:15:00+00:00,53490.7,54089.0
2025-08-07 18:30:00+00:00,53353.7,53490.7
2025-08-07 18:45:00+00:00,53022.2,53353.7
2025-08-07 19:00:00+00:00,52549.0,53022.2
2025-08-07 19:15:00+00:00,52456.2,52549.0
2025-08-07 19:30:00+00:00,51948.7,52456.2
2025-08-07 19:45:00+00:00,51149.9,51948.7
2025-08-07 20:00:00+00:00,49820.3,51149.9
2025-08-07 20:15:00+00:00,49198.8,49820.3
2025-08-07 20:30:00+00:00,48425.0,49198.8
2025-08-07 20:45:00+00:00,47357.1,48425.0
2025-08-07 21:00:00+00:00,46175.9,47357.1
2025-08-07 21:15:00+00:00,45463.7,46175.9
2025-08-07 21:30:00+00:00,44544.9,45463.7
2025-08-07 21:45:00+00:00,44250.9,44544.9
2025-08-07 22:00:00+00:00,43484.3,44250.9
2025-08-07 22:15:00+00:00,42870.6,43484.3
2025-08-07 22:30:00+00:00,42680.5,42870.6
2025-08-07 22:45:00+00:00,42059.5,42680.5
2025-08-07 23:00:00+00:00,41407.5,42059.5
2025-08-07 23:15:00+00:00,40713.3,41407.5
2025-08-07 23:30:00+00:00,40444.3,40713.3
2025-08-07 23:45:00+00:00,40222.7,40444.3
2025-08-08 00:00:00+00:00,39874.6,40222.7
2025-08-08 00:15:00+00:00,39555.2,39874.6
2025-08-08 00:30:00+00:00,39560.0,39555.2
2025-08-08 00:45:00+00:00,39336.0,39560.0
2025-08-08 01:00:00+00:00,39392.3,39336.0
2025-08-08 01:15:00+00:00,39426.6,39392.3
2025-08-08 01:30:00+00:00,39334.1,39426.6
2025-08-08 01:45:00+00:00,39141.9,39334.1
2025-08-08 02:00:00+00:00,39423.3,39141.9
2025-08-08 02:15:00+00:00,39705.4,39423.3
2025-08-08 02:30:00+00:00,40098.2,39705.4
2025-08-08 02:45:00+00:00,40699.5,40098.2
2025-08-08 03:00:00+00:00,41659.1,40699.5
2025-08-08 03:15:00+00:00,42498.4,41659.1
2025-08-08 03:30:00+00:00,43596.4,42498.4
2025-08-08 03:45:00+00:00,45010.5,43596.4
2025-08-08 04:00:00+00:00,47478.5,45010.5
2025-08-08 04:15:00+00:00,48186.5,47478.5
2025-08-08 04:30:00+00:00,49025.9,48186.5
2025-08-08 04:45:00+00:00,50106.1,49025.9
2025-08-08 05:00:00+00:00,51532.1,50106.1
2025-08-08 05:15:00+00:00,52694.3,51532.1
2025-08-08 05:30:00+00:00,53792.2,52694.3
2025-08-08 05:45:00+00:00,54486.3,53792.2
2025-08-08 06:00:00+00:00,55263.4,54486.3
2025-08-08 06:15:00+00:00,56007.0,55263.4
2025-08-08 06:30:00+00:00,56529.9,56007.0
2025-08-08 06:45:00+00:00,56506.6,56529.9
2025-08-08 07:00:00+00:00,56045.8,56506.6
2025-08-08 07:15:00+00:00,55873.8,56045.8
2025-08-08 07:30:00+00:00,55973.1,55873.8
2025-08-08 07:45:00+00:00,56172.8,55973.1
2025-08-08 08:00:00+00:00,55549.5,56172.8
2025-08-08 08:15:00+00:00,55408.9,55549.5
2025-08-08 08:30:00+00:00,55307.4,55408.9
2025-08-08 08:45:00+00:00,55498.2,55307.4
2025-08-08 09:00:00+00:00,55306.9,55498.2
2025-08-08 09:15:00+00:00,55406.2,55306.9
2025-08-08 09:30:00+00:00,55481.8,55406.2
2025-08-08 09:45:00+00:00,55349.9,55481.8
2025-08-08 10:00:00+00:00,54722.4,55349.9
2025-08-08 10:15:00+00:00,54062.8,54722.4
2025-08-08 10:30:00+00:00,53897.2,54062.8
2025-08-08 10:45:00+00:00,53648.8,53897.2
2025-08-08 11:00:00+00:00,53264.7,53648.8
2025-08-08 11:15:00+00:00,52895.2,53264.7
2025-08-08 11:30:00+00:00,52309.6,52895.2
2025-08-08 11:45:00+00:00,51960.8,52309.6
2025-08-08 12:00:00+00:00,51682.4,51960.8
2025-08-08 12:15:00+00:00,51006.2,51682.4
2025-08-08 12:30:00+00:00,51005.9,51006.2
2025-08-08 12:45:00+00:00,51012.6,51005.9
2025-08-08 13:00:00+00:00,51407.9,51012.6
2025-08-08 13:15:00+00:00,51302.0,51407.9
2025-08-08 13:30:00+00:00,50968.0,51302.0
2025-08-08 13:45:00+00:00,50698.3,50968.0
2025-08-08 14:00:00+00:00,51494.1,50698.3
2025-08-08 14:15:00+00:00,51338.6,51494.1
2025-08-08 14:30:00+00:00,50871.3,51338.6
2025-08-08 14:45:00+00:00,50865.4,50871.3
2025-08-08 15:00:00+00:00,51498.8,50865.4
2025-08-08 15:15:00+00:00,51698.8,51498.8
2025-08-08 15:30:00+00:00,51763.5,51698.8
2025-08-08 15:45:00+00:00,52119.3,51763.5
2025-08-08 16:00:00+00:00,52570.5,52119.3
2025-08-08 16:15:00+00:00,52493.7,52570.5
2025-08-08 16:30:00+00:00,52850.0,52493.7
2025-08-08 16:45:00+00:00,52876.3,52850.0
2025-08-08 17:00:00+00:00,53082.3,52876.3
2025-08-08 17:15:00+00:00,52695.6,53082.3
2025-08-08 17:30:00+00:00,52807.2,52695.6
2025-08-08 17:45:00+00:00,52366.1,52807.2
2025-08-08 18:00:00+00:00,51725.3,52366.1
2025-08-08 18:15:00+00:00,50820.0,51725.3
2025-08-08 18:30:00+00:00,50373.8,50820.0
2025-08-08 18:45:00+00:00,50281.4,50373.8
2025-08-08 19:00:00+00:00,50224.6,50281.4
2025-08-08 19:15:00+00:00,49927.6,50224.6
2025-08-08 19:30:00+00:00,49277.9,49927.6
2025-08-08 19:45:00+00:00,48642.8,49277.9
2025-08-08 20:00:00+00:00,47815.4,48642.8
2025-08-08 20:15:00+00:00,46921.8,47815.4
2025-08-08 20:30:00+00:00,46200.3,46921.8
2025-08-08 20:45:00+00:00,45214.0,46200.3
2025-08-08 21:00:00+00:00,44251.1,45214.0
2025-08-08 21:15:00+00:00,43533.3,44251.1
2025-08-08 21:30:00+00:00,42834.3,43533.3
2025-08-08 21:45:00+00:00,42147.9,42834.3
2025-08-08 22:00:00+00:00,41806.3,42147.9
2025-08-08 22:15:00+00:00,41424.7,41806.3
2025-08-08 22:30:00+00:00,40746.5,41424.7
2025-08-08 22:45:00+00:00,40212.1,40746.5
2025-08-08 23:00:00+00:00,39691.7,40212.1
2025-08-08 23:15:00+00:00,39254.2,39691.7
2025-08-08 23:30:00+00:00,38715.5,39254.2
2025-08-08 23:45:00+00:00,38503.0,38715.5
2025-08-09 00:00:00+00:00,38117.9,38503.0
2025-08-09 00:15:00+00:00,37836.4,38117.9
2025-08-09 00:30:00+00:00,37741.5,37836.4
2025-08-09 00:45:00+00:00,37589.2,37741.5
2025-08-09 01:00:00+00:00,37715.7,37589.2
2025-08-09 01:15:00+00:00,37528.5,37715.7
2025-08-09 01:30:00+00:00,37365.4,37528.5
2025-08-09 01:45:00+00:00,37289.6,37365.4
2025-08-09 02:00:00+00:00,37096.5,37289.6
2025-08-09 02:15:00+00:00,37026.8,37096.5
2025-08-09 02:30:00+00:00,37207.4,37026.8
2025-08-09 02:45:00+00:00,37404.6,37207.4
2025-08-09 03:00:00+00:00,37811.4,37404.6
2025-08-09 03:15:00+00:00,37864.4,37811.4
2025-08-09 03:30:00+00:00,37963.7,37864.4
2025-08-09 03:45:00+00:00,38147.0,37963.7
2025-08-09 04:00:00+00:00,38639.0,38147.0
2025-08-09 04:15:00+00:00,38803.7,38639.0
2025-08-09 04:30:00+00:00,39175.6,38803.7
2025-08-09 04:45:00+00:00,39916.0,39175.6
2025-08-09 05:00:00+00:00,40405.9,39916.0
2025-08-09 05:15:00+00:00,41151.9,40405.9
2025-08-09 05:30:00+00:00,41924.6,41151.9
2025-08-09 05:45:00+00:00,42672.8,41924.6
2025-08-09 06:00:00+00:00,42720.9,42672.8
2025-08-09 06:15:00+00:00,43410.4,42720.9
2025-08-09 06:30:00+00:00,44136.7,43410.4
2025-08-09 06:45:00+00:00,45027.1,44136.7
2025-08-09 07:00:00+00:00,45055.8,45027.1
2025-08-09 07:15:00+00:00,45976.1,45055.8
2025-08-09 07:30:00+00:00,46236.2,45976.1
2025-08-09 07:45:00+00:00,46793.3,46236.2
2025-08-09 08:00:00+00:00,46552.2,46793.3
2025-08-09 08:15:00+00:00,46705.1,46552.2
2025-08-09 08:30:00+00:00,46523.7,46705.1
2025-08-09 08:45:00+00:00,46071.6,46523.7
2025-08-09 09:00:00+00:00,45873.8,46071.6
2025-08-09 09:15:00+00:00,45793.3,45873.8
2025-08-09 09:30:00+00:00,45792.6,45793.3
2025-08-09 09:45:00+00:00,45360.1,45792.6
2025-08-09 10:00:00+00:00,44859.6,45360.1
2025-08-09 10:15:00+00:00,44604.6,44859.6
2025-08-09 10:30:00+00:00,44481.2,44604.6
2025-08-09 10:45:00+00:00,44458.2,44481.2
2025-08-09 11:00:00+00:00,43922.6,44458.2
2025-08-09 11:15:00+00:00,43647.4,43922.6
2025-08-09 11:30:00+00:00,43395.7,43647.4
2025-08-09 11:45:00+00:00,42970.5,43395.7
2025-08-09 12:00:00+00:00,43222.4,42970.5
2025-08-09 12:15:00+00:00,42705.5,43222.4
2025-08-09 12:30:00+00:00,42439.4,42705.5
2025-08-09 12:45:00+00:00,41915.4,42439.4
2025-08-09 13:00:00+00:00,42165.5,41915.4
2025-08-09 13:15:00+00:00,41871.5,42165.5
2025-08-09 13:30:00+00:00,41673.6,41871.5
2025-08-09 13:45:00+00:00,41571.2,41673.6
2025-08-09 14:00:00+00:00,42364.6,41571.2
2025-08-09 14:15:00+00:00,42161.3,42364.6
2025-08-09 14:30:00+00:00,42531.3,42161.3
2025-08-09 14:45:00+00:00,42726.1,42531.3
2025-08-09 15:00:00+00:00,44000.8,42726.1
2025-08-09 15:15:00+00:00,43788.6,44000.8
2025-08-09 15:30:00+00:00,43931.2,43788.6
2025-08-09 15:45:00+00:00,44350.9,43931.2
2025-08-09 16:00:00+00:00,44438.2,44350.9
2025-08-09 16:15:00+00:00,44977.5,44438.2
2025-08-09 16:30:00+00:00,45103.1,44977.5
2025-08-09 16:45:00+00:00,45368.0,45103.1
2025-08-09 17:00:00+00:00,45974.9,45368.0
2025-08-09 17:15:00+00:00,45697.2,45974.9
2025-08-09 17:30:00+00:00,45638.3,45697.2
2025-08-09 17:45:00+00:00,45598.2,45638.3
2025-08-09 18:00:00+00:00,45480.4,45598.2
2025-08-09 18:15:00+00:00,45191.1,45480.4
2025-08-09 18:30:00+00:00,44345.7,45191.1
2025-08-09 18:45:00+00:00,43851.2,44345.7
2025-08-09 19:00:00+00:00,44165.3,43851.2
2025-08-09 19:15:00+00:00,44321.8,44165.3
2025-08-09 19:30:00+00:00,43806.8,44321.8
2025-08-09 19:45:00+00:00,43268.2,43806.8
2025-08-09 20:00:00+00:00,42767.3,43268.2
2025-08-09 20:15:00+00:00,42153.3,42767.3
2025-08-09 20:30:00+00:00,41470.1,42153.3
2025-08-09 20:45:00+00:00,41053.4,41470.1
2025-08-09 21:00:00+00:00,40337.4,41053.4
2025-08-09 21:15:00+00:00,39603.0,40337.4
2025-08-09 21:30:00+00:00,39088.6,39603.0
2025-08-09 21:45:00+00:00,38593.9,39088.6
2025-08-09 22:00:00+00:00,37751.2,38593.9
2025-08-09 22:15:00+00:00,37609.7,37751.2
2025-08-09 22:30:00+00:00,37291.4,37609.7
2025-08-09 22:45:00+00:00,36614.9,37291.4
2025-08-09 23:00:00+00:00,36322.1,36614.9
2025-08-09 23:15:00+00:00,36070.0,36322.1
2025-08-09 23:30:00+00:00,35752.0,36070.0
2025-08-09 23:45:00+00:00,35518.3,35752.0
2025-08-10 00:00:00+00:00,35439.6,35518.3
2025-08-10 00:15:00+00:00,35322.3,35439.6
2025-08-10 00:30:00+00:00,35272.5,35322.3
2025-08-10 00:45:00+00:00,35115.9,35272.5
2025-08-10 01:00:00+00:00,35110.8,35115.9
2025-08-10 01:15:00+00:00,34640.3,35110.8
2025-08-10 01:30:00+00:00,34628.3,34640.3
2025-08-10 01:45:00+00:00,34595.2,34628.3
2025-08-10 02:00:00+00:00,34547.6,34595.2
2025-08-10 02:15:00+00:00,34905.9,34547.6
2025-08-10 02:30:00+00:00,35153.5,34905.9
2025-08-10 02:45:00+00:00,35495.6,35153.5
2025-08-10 03:00:00+00:00,35889.1,35495.6
2025-08-10 03:15:00+00:00,35871.1,35889.1
2025-08-10 03:30:00+00:00,35697.4,35871.1
2025-08-10 03:45:00+00:00,35530.6,35697.4
2025-08-10 04:00:00+00:00,35983.2,35530.6
2025-08-10 04:15:00+00:00,35982.5,35983.2
2025-08-10 04:30:00+00:00,36199.4,35982.5
2025-08-10 04:45:00+00:00,36448.1,36199.4
2025-08-10 05:00:00+00:00,37043.5,36448.1
2025-08-10 05:15:00+00:00,37633.6,37043.5
2025-08-10 05:30:00+00:00,37775.4,37633.6
2025-08-10 05:45:00+00:00,38521.1,37775.4
2025-08-10 06:00:00+00:00,39018.6,38521.1
2025-08-10 06:15:00+00:00,39675.7,39018.6
2025-08-10 06:30:00+00:00,40724.5,39675.7
2025-08-10 06:45:00+00:00,41536.3,40724.5
2025-08-10 07:00:00+00:00,41720.7,41536.3
2025-08-10 07:15:00+00:00,42230.2,41720.7
2025-08-10 07:30:00+00:00,42404.1,42230.2
2025-08-10 07:45:00+00:00,42377.9,42404.1
2025-08-10 08:00:00+00:00,42214.8,42377.9
2025-08-10 08:15:00+00:00,42147.5,42214.8
2025-08-10 08:30:00+00:00,42094.5,42147.5
2025-08-10 08:45:00+00:00,41803.2,42094.5
2025-08-10 09:00:00+00:00,41657.4,41803.2
2025-08-10 09:15:00+00:00,41991.0,41657.4
2025-08-10 09:30:00+00:00,41816.1,41991.0
2025-08-10 09:45:00+00:00,41812.0,41816.1
2025-08-10 10:00:00+00:00,41437.3,41812.0
2025-08-10 10:15:00+00:00,41103.5,41437.3
2025-08-10 10:30:00+00:00,40689.4,41103.5
2025-08-10 10:45:00+00:00,40623.1,40689.4
2025-08-10 11:00:00+00:00,40177.0,40623.1
2025-08-10 11:15:00+00:00,40081.8,40177.0
2025-08-10 11:30:00+00:00,39716.1,40081.8
2025-08-10 11:45:00+00:00,39257.8,39716.1
2025-08-10 12:00:00+00:00,39679.7,39257.8
2025-08-10 12:15:00+00:00,39504.7,39679.7
2025-08-10 12:30:00+00:00,38852.6,39504.7
2025-08-10 12:45:00+00:00,38446.7,38852.6
2025-08-10 13:00:00+00:00,38816.7,38446.7
2025-08-10 13:15:00+00:00,38594.3,38816.7
2025-08-10 13:30:00+00:00,38446.7,38594.3
2025-08-10 13:45:00+00:00,38124.7,38446.7
2025-08-10 14:00:00+00:00,38949.0,38124.7
2025-08-10 14:15:00+00:00,39038.1,38949.0
2025-08-10 14:30:00+00:00,39096.8,39038.1
2025-08-10 14:45:00+00:00,39541.2,39096.8
2025-08-10 15:00:00+00:00,40844.6,39541.2
2025-08-10 15:15:00+00:00,41265.9,40844.6
2025-08-10 15:30:00+00:00,41729.0,41265.9
2025-08-10 15:45:00+00:00,42154.8,41729.0
2025-08-10 16:00:00+00:00,42753.6,42154.8
2025-08-10 16:15:00+00:00,43499.7,42753.6
2025-08-10 16:30:00+00:00,43886.8,43499.7
2025-08-10 16:45:00+00:00,43999.0,43886.8
2025-08-10 17:00:00+00:00,44375.3,43999.0
2025-08-10 17:15:00+00:00,44010.1,44375.3
2025-08-10 17:30:00+00:00,44294.5,44010.1
2025-08-10 17:45:00+00:00,44623.0,44294.5
2025-08-10 18:00:00+00:00,44552.5,44623.0
2025-08-10 18:15:00+00:00,44316.7,44552.5
2025-08-10 18:30:00+00:00,44022.9,44316.7
2025-08-10 18:45:00+00:00,43993.1,44022.9
2025-08-10 19:00:00+00:00,44479.9,43993.1
2025-08-10 19:15:00+00:00,44598.0,44479.9
2025-08-10 19:30:00+00:00,44158.5,44598.0
2025-08-10 19:45:00+00:00,43982.0,44158.5
2025-08-10 20:00:00+00:00,43416.5,43982.0
2025-08-10 20:15:00+00:00,42969.3,43416.5
2025-08-10 20:30:00+00:00,42423.6,42969.3
2025-08-10 20:45:00+00:00,41804.1,42423.6
2025-08-10 21:00:00+00:00,41230.1,41804.1
2025-08-10 21:15:00+00:00,40598.2,41230.1
2025-08-10 21:30:00+00:00,39780.4,40598.2
2025-08-10 21:45:00+00:00,39320.7,39780.4
2025-08-10 22:00:00+00:00,38622.0,39320.7
2025-08-10 22:15:00+00:00,38170.8,38622.0
2025-08-10 22:30:00+00:00,37729.1,38170.8
2025-08-10 22:45:00+00:00,37359.5,37729.1
2025-08-10 23:00:00+00:00,36968.8,37359.5
2025-08-10 23:15:00+00:00,36904.6,36968.8
2025-08-10 23:30:00+00:00,36499.4,36904.6
2025-08-10 23:45:00+00:00,35963.1,36499.4
2025-08-11 00:00:00+00:00,35760.4,35963.1
2025-08-11 00:15:00+00:00,35591.5,35760.4
2025-08-11 00:30:00+00:00,35399.0,35591.5
2025-08-11 00:45:00+00:00,35418.6,35399.0
2025-08-11 01:00:00+00:00,35501.7,35418.6
2025-08-11 01:15:00+00:00,35274.9,35501.7
2025-08-11 01:30:00+00:00,35392.1,35274.9
2025-08-11 01:45:00+00:00,35544.0,35392.1
2025-08-11 02:00:00+00:00,36058.5,35544.0
2025-08-11 02:15:00+00:00,36280.9,36058.5
2025-08-11 02:30:00+00:00,36832.1,36280.9
2025-08-11 02:45:00+00:00,37390.9,36832.1
2025-08-11 03:00:00+00:00,38846.1,37390.9
2025-08-11 03:15:00+00:00,39599.3,38846.1
2025-08-11 03:30:00+00:00,40621.8,39599.3
2025-08-11 03:45:00+00:00,41563.7,40621.8
2025-08-11 04:00:00+00:00,44193.5,41563.7
2025-08-11 04:15:00+00:00,45290.3,44193.5
2025-08-11 04:30:00+00:00,46622.1,45290.3
2025-08-11 04:45:00+00:00,47657.4,46622.1
2025-08-11 05:00:00+00:00,49135.8,47657.4
2025-08-11 05:15:00+00:00,50295.8,49135.8
2025-08-11 05:30:00+00:00,51357.5,50295.8
2025-08-11 05:45:00+00:00,52191.4,51357.5
2025-08-11 06:00:00+00:00,53066.1,52191.4
2025-08-11 06:15:00+00:00,53373.7,53066.1
2025-08-11 06:30:00+00:00,54102.4,53373.7
2025-08-11 06:45:00+00:00,54492.2,54102.4
2025-08-11 07:00:00+00:00,53782.7,54492.2
2025-08-11 07:15:00+00:00,54486.2,53782.7
2025-08-11 07:30:00+00:00,54586.7,54486.2
2025-08-11 07:45:00+00:00,54432.8,54586.7
2025-08-11 08:00:00+00:00,54213.7,54432.8
2025-08-11 08:15:00+00:00,54169.0,54213.7
2025-08-11 08:30:00+00:00,54123.7,54169.0
2025-08-11 08:45:00+00:00,54048.4,54123.7
2025-08-11 09:00:00+00:00,53586.0,54048.4
2025-08-11 09:15:00+00:00,53519.9,53586.0
2025-08-11 09:30:00+00:00,53501.3,53519.9
2025-08-11 09:45:00+00:00,53438.5,53501.3
2025-08-11 10:00:00+00:00,52956.7,53438.5
2025-08-11 10:15:00+00:00,52866.8,52956.7
2025-08-11 10:30:00+00:00,52567.0,52866.8
2025-08-11 10:45:00+00:00,52711.9,52567.0
2025-08-11 11:00:00+00:00,52292.5,52711.9
2025-08-11 11:15:00+00:00,51820.7,52292.5
2025-08-11 11:30:00+00:00,51879.5,51820.7
2025-08-11 11:45:00+00:00,51522.9,51879.5
2025-08-11 12:00:00+00:00,51477.6,51522.9
2025-08-11 12:15:00+00:00,51480.1,51477.6
2025-08-11 12:30:00+00:00,51130.5,51480.1
2025-08-11 12:45:00+00:00,50541.5,51130.5
2025-08-11 13:00:00+00:00,51227.9,50541.5
2025-08-11 13:15:00+00:00,50601.3,51227.9
2025-08-11 13:30:00+00:00,50421.1,50601.3
2025-08-11 13:45:00+00:00,50140.1,50421.1
2025-08-11 14:00:00+00:00,50719.0,50140.1
2025-08-11 14:15:00+00:00,50163.6,50719.0
2025-08-11 14:30:00+00:00,50475.8,50163.6
2025-08-11 14:45:00+00:00,50306.4,50475.8
2025-08-11 15:00:00+00:00,50890.0,50306.4
2025-08-11 15:15:00+00:00,50925.4,50890.0
2025-08-11 15:30:00+00:00,51328.6,50925.4
2025-08-11 15:45:00+00:00,52000.7,51328.6
2025-08-11 16:00:00+00:00,52787.4,52000.7
2025-08-11 16:15:00+00:00,52795.9,52787.4
2025-08-11 16:30:00+00:00,53166.2,52795.9
2025-08-11 16:45:00+00:00,53088.1,53166.2
2025-08-11 17:00:00+00:00,53733.5,53088.1
2025-08-11 17:15:00+00:00,53426.5,53733.5
2025-08-11 17:30:00+00:00,53606.7,53426.5
2025-08-11 17:45:00+00:00,53425.2,53606.7
2025-08-11 18:00:00+00:00,53456.6,53425.2
2025-08-11 18:15:00+00:00,52409.7,53456.6
2025-08-11 18:30:00+00:00,51874.4,52409.7
2025-08-11 18:45:00+00:00,51584.7,51874.4
2025-08-11 19:00:00+00:00,51606.4,51584.7
2025-08-11 19:15:00+00:00,51020.4,51606.4
2025-08-11 19:30:00+00:00,50239.3,51020.4
2025-08-11 19:45:00+00:00,49358.9,50239.3
2025-08-11 20:00:00+00:00,48161.2,49358.9
2025-08-11 20:15:00+00:00,47296.7,48161.2
2025-08-11 20:30:00+00:00,46464.3,47296.7
2025-08-11 20:45:00+00:00,45449.3,46464.3
2025-08-11 21:00:00+00:00,44861.8,45449.3
2025-08-11 21:15:00+00:00,43655.0,44861.8
2025-08-11 21:30:00+00:00,42947.7,43655.0
2025-08-11 21:45:00+00:00,42151.6,42947.7
2025-08-11 22:00:00+00:00,41610.1,42151.6
2025-08-11 22:15:00+00:00,41339.3,41610.1
2025-08-11 22:30:00+00:00,41174.0,41339.3
2025-08-11 22:45:00+00:00,40848.5,41174.0
2025-08-11 23:00:00+00:00,40204.3,40848.5
2025-08-11 23:15:00+00:00,39973.2,40204.3
2025-08-11 23:30:00+00:00,39848.2,39973.2
2025-08-11 23:45:00+00:00,39490.8,39848.2
2025-08-12 00:00:00+00:00,39193.8,39490.8
2025-08-12 00:15:00+00:00,39053.2,39193.8
2025-08-12 00:30:00+00:00,38992.5,39053.2
2025-08-12 00:45:00+00:00,39212.1,38992.5
2025-08-12 01:00:00+00:00,38818.0,39212.1
2025-08-12 01:15:00+00:00,38767.6,38818.0
2025-08-12 01:30:00+00:00,38710.6,38767.6
2025-08-12 01:45:00+00:00,38696.2,38710.6
2025-08-12 02:00:00+00:00,38911.3,38696.2
2025-08-12 02:15:00+00:00,39234.1,38911.3
2025-08-12 02:30:00+00:00,39810.6,39234.1
2025-08-12 02:45:00+00:00,40484.9,39810.6
2025-08-12 03:00:00+00:00,41578.1,40484.9
2025-08-12 03:15:00+00:00,42199.8,41578.1
2025-08-12 03:30:00+00:00,43183.2,42199.8
2025-08-12 03:45:00+00:00,44485.5,43183.2
2025-08-12 04:00:00+00:00,46487.6,44485.5
2025-08-12 04:15:00+00:00,47805.2,46487.6
2025-08-12 04:30:00+00:00,49146.7,47805.2
2025-08-12 04:45:00+00:00,50188.6,49146.7
2025-08-12 05:00:00+00:00,51271.2,50188.6
2025-08-12 05:15:00+00:00,52237.0,51271.2
2025-08-12 05:30:00+00:00,53321.6,52237.0
2025-08-12 05:45:00+00:00,54252.1,53321.6
2025-08-12 06:00:00+00:00,54771.2,54252.1
2025-08-12 06:15:00+00:00,55627.6,54771.2
2025-08-12 06:30:00+00:00,56461.6,55627.6
2025-08-12 06:45:00+00:00,56670.6,56461.6
2025-08-12 07:00:00+00:00,56338.1,56670.6
2025-08-12 07:15:00+00:00,56533.6,56338.1
2025-08-12 07:30:00+00:00,56271.8,56533.6
2025-08-12 07:45:00+00:00,55628.9,56271.8
2025-08-12 08:00:00+00:00,54676.0,55628.9
2025-08-12 08:15:00+00:00,54358.8,54676.0
2025-08-12 08:30:00+00:00,54612.2,54358.8
2025-08-12 08:45:00+00:00,54617.7,54612.2
2025-08-12 09:00:00+00:00,54493.4,54617.7
2025-08-12 09:15:00+00:00,54228.4,54493.4
2025-08-12 09:30:00+00:00,54124.7,54228.4
2025-08-12 09:45:00+00:00,54383.1,54124.7
2025-08-12 10:00:00+00:00,53671.2,54383.1
2025-08-12 10:15:00+00:00,53786.9,53671.2
2025-08-12 10:30:00+00:00,53950.3,53786.9
2025-08-12 10:45:00+00:00,54084.1,53950.3
2025-08-12 11:00:00+00:00,53687.6,54084.1
2025-08-12 11:15:00+00:00,53318.9,53687.6
2025-08-12 11:30:00+00:00,53006.3,53318.9
2025-08-12 11:45:00+00:00,52826.5,53006.3
2025-08-12 12:00:00+00:00,52419.3,52826.5
2025-08-12 12:15:00+00:00,52612.6,52419.3
2025-08-12 12:30:00+00:00,52381.7,52612.6
2025-08-12 12:45:00+00:00,52294.4,52381.7
2025-08-12 13:00:00+00:00,52613.6,52294.4
2025-08-12 13:15:00+00:00,52567.8,52613.6
2025-08-12 13:30:00+00:00,52032.7,52567.8
2025-08-12 13:45:00+00:00,51931.7,52032.7
2025-08-12 14:00:00+00:00,51943.9,51931.7
2025-08-12 14:15:00+00:00,52165.7,51943.9
2025-08-12 14:30:00+00:00,52132.0,52165.7
2025-08-12 14:45:00+00:00,52164.5,52132.0
2025-08-12 15:00:00+00:00,53410.1,52164.5
2025-08-12 15:15:00+00:00,53435.4,53410.1
2025-08-12 15:30:00+00:00,53511.7,53435.4
2025-08-12 15:45:00+00:00,53819.6,53511.7
2025-08-12 16:00:00+00:00,54807.7,53819.6
2025-08-12 16:15:00+00:00,54722.4,54807.7
2025-08-12 16:30:00+00:00,55030.4,54722.4
2025-08-12 16:45:00+00:00,55559.2,55030.4
2025-08-12 17:00:00+00:00,55761.1,55559.2
2025-08-12 17:15:00+00:00,55434.0,55761.1
2025-08-12 17:30:00+00:00,55188.5,55434.0
2025-08-12 17:45:00+00:00,55164.5,55188.5
2025-08-12 18:00:00+00:00,54681.2,55164.5
2025-08-12 18:15:00+00:00,54057.0,54681.2
2025-08-12 18:30:00+00:00,53654.2,54057.0
2025-08-12 18:45:00+00:00,53237.5,53654.2
2025-08-12 19:00:00+00:00,53585.0,53237.5
2025-08-12 19:15:00+00:00,52966.6,53585.0
2025-08-12 19:30:00+00:00,52430.8,52966.6
2025-08-12 19:45:00+00:00,51653.2,52430.8
2025-08-12 20:00:00+00:00,50768.7,51653.2
2025-08-12 20:15:00+00:00,49758.2,50768.7
2025-08-12 20:30:00+00:00,48706.4,49758.2
2025-08-12 20:45:00+00:00,47717.7,48706.4
2025-08-12 21:00:00+00:00,46885.9,47717.7
2025-08-12 21:15:00+00:00,46024.7,46885.9
2025-08-12 21:30:00+00:00,45378.6,46024.7
2025-08-12 21:45:00+00:00,45012.6,45378.6
2025-08-12 22:00:00+00:00,44222.9,45012.6
2025-08-12 22:15:00+00:00,43658.0,44222.9
2025-08-12 22:30:00+00:00,43151.1,43658.0
2025-08-12 22:45:00+00:00,42859.2,43151.1
2025-08-12 23:00:00+00:00,42269.5,42859.2
2025-08-12 23:15:00+00:00,41944.4,42269.5
2025-08-12 23:30:00+00:00,41628.7,41944.4
2025-08-12 23:45:00+00:00,41505.0,41628.7
2025-08-13 00:00:00+00:00,41153.5,41505.0
2025-08-13 00:15:00+00:00,40920.2,41153.5
2025-08-13 00:30:00+00:00,40954.7,40920.2
2025-08-13 00:45:00+00:00,40674.3,40954.7
2025-08-13 01:00:00+00:00,40750.1,40674.3
2025-08-13 01:15:00+00:00,40644.4,40750.1
2025-08-13 01:30:00+00:00,40473.9,40644.4
2025-08-13 01:45:00+00:00,40389.0,40473.9
2025-08-13 02:00:00+00:00,40781.8,40389.0
2025-08-13 02:15:00+00:00,41155.2,40781.8
2025-08-13 02:30:00+00:00,41670.7,41155.2
2025-08-13 02:45:00+00:00,42112.2,41670.7
2025-08-13 03:00:00+00:00,43541.4,42112.2
2025-08-13 03:15:00+00:00,43969.5,43541.4
2025-08-13 03:30:00+00:00,44804.0,43969.5
2025-08-13 03:45:00+00:00,45896.2,44804.0
2025-08-13 04:00:00+00:00,48200.2,45896.2
2025-08-13 04:15:00+00:00,49415.6,48200.2
2025-08-13 04:30:00+00:00,50477.1,49415.6
2025-08-13 04:45:00+00:00,51320.3,50477.1
2025-08-13 05:00:00+00:00,52828.3,51320.3
2025-08-13 05:15:00+00:00,53847.7,52828.3
2025-08-13 05:30:00+00:00,54597.7,53847.7
2025-08-13 05:45:00+00:00,55418.8,54597.7
2025-08-13 06:00:00+00:00,56164.8,55418.8
2025-08-13 06:15:00+00:00,56810.4,56164.8
2025-08-13 06:30:00+00:00,57719.1,56810.4
2025-08-13 06:45:00+00:00,58269.6,57719.1
2025-08-13 07:00:00+00:00,58063.0,58269.6
2025-08-13 07:15:00+00:00,58337.7,58063.0
2025-08-13 07:30:00+00:00,58433.7,58337.7
2025-08-13 07:45:00+00:00,58066.6,58433.7
2025-08-13 08:00:00+00:00,57086.6,58066.6
2025-08-13 08:15:00+00:00,56838.0,57086.6
2025-08-13 08:30:00+00:00,56941.6,56838.0
2025-08-13 08:45:00+00:00,57046.2,56941.6
2025-08-13 09:00:00+00:00,56176.8,57046.2
2025-08-13 09:15:00+00:00,56111.8,56176.8
2025-08-13 09:30:00+00:00,56129.2,56111.8
2025-08-13 09:45:00+00:00,55967.3,56129.2
2025-08-13 10:00:00+00:00,55782.9,55967.3
2025-08-13 10:15:00+00:00,55360.2,55782.9
2025-08-13 10:30:00+00:00,55626.1,55360.2
2025-08-13 10:45:00+00:00,55645.9,55626.1
2025-08-13 11:00:00+00:00,55916.5,55645.9
2025-08-13 11:15:00+00:00,55447.4,55916.5
2025-08-13 11:30:00+00:00,55159.6,55447.4
2025-08-13 11:45:00+00:00,54574.6,55159.6
2025-08-13 12:00:00+00:00,54601.3,54574.6
2025-08-13 12:15:00+00:00,54181.8,54601.3
2025-08-13 12:30:00+00:00,53883.7,54181.8
2025-08-13 12:45:00+00:00,54064.9,53883.7
2025-08-13 13:00:00+00:00,54116.6,54064.9
2025-08-13 13:15:00+00:00,53599.7,54116.6
2025-08-13 13:30:00+00:00,53371.3,53599.7
2025-08-13 13:45:00+00:00,53119.7,53371.3
2025-08-13 14:00:00+00:00,53765.1,53119.7
2025-08-13 14:15:00+00:00,53703.8,53765.1
2025-08-13 14:30:00+00:00,53705.6,53703.8
2025-08-13 14:45:00+00:00,53662.1,53705.6
2025-08-13 15:00:00+00:00,54727.3,53662.1
2025-08-13 15:15:00+00:00,54607.0,54727.3
2025-08-13 15:30:00+00:00,55531.4,54607.0
2025-08-13 15:45:00+00:00,55921.3,55531.4
2025-08-13 16:00:00+00:00,56290.5,55921.3
2025-08-13 16:15:00+00:00,56204.5,56290.5
2025-08-13 16:30:00+00:00,56656.2,56204.5
2025-08-13 16:45:00+00:00,57073.2,56656.2
2025-08-13 17:00:00+00:00,57397.8,57073.2
2025-08-13 17:15:00+00:00,57045.2,57397.8
2025-08-13 17:30:00+00:00,56898.4,57045.2
2025-08-13 17:45:00+00:00,56550.3,56898.4
2025-08-13 18:00:00+00:00,55817.6,56550.3
2025-08-13 18:15:00+00:00,55350.8,55817.6
2025-08-13 18:30:00+00:00,55058.1,55350.8
2025-08-13 18:45:00+00:00,54774.7,55058.1
2025-08-13 19:00:00+00:00,54931.3,54774.7
2025-08-13 19:15:00+00:00,54333.4,54931.3
2025-08-13 19:30:00+00:00,53681.2,54333.4
2025-08-13 19:45:00+00:00,52876.7,53681.2
2025-08-13 20:00:00+00:00,51465.1,52876.7
2025-08-13 20:15:00+00:00,50915.0,51465.1
2025-08-13 20:30:00+00:00,50045.4,50915.0
2025-08-13 20:45:00+00:00,49105.6,50045.4
2025-08-13 21:00:00+00:00,48117.3,49105.6
2025-08-13 21:15:00+00:00,47808.3,48117.3
2025-08-13 21:30:00+00:00,47013.2,47808.3
2025-08-13 21:45:00+00:00,46543.6,47013.2
2025-08-13 22:00:00+00:00,45840.0,46543.6
2025-08-13 22:15:00+00:00,45313.5,45840.0
2025-08-13 22:30:00+00:00,44971.1,45313.5
2025-08-13 22:45:00+00:00,44353.4,44971.1
2025-08-13 23:00:00+00:00,43602.4,44353.4
2025-08-13 23:15:00+00:00,43243.7,43602.4
2025-08-13 23:30:00+00:00,42860.6,43243.7
2025-08-13 23:45:00+00:00,42497.2,42860.6
2025-08-14 00:00:00+00:00,42135.8,42497.2
2025-08-14 00:15:00+00:00,41922.7,42135.8
2025-08-14 00:30:00+00:00,41809.2,41922.7
2025-08-14 00:45:00+00:00,41630.9,41809.2
2025-08-14 01:00:00+00:00,41499.7,41630.9
2025-08-14 01:15:00+00:00,41496.3,41499.7
2025-08-14 01:30:00+00:00,41485.0,41496.3
2025-08-14 01:45:00+00:00,41378.3,41485.0
2025-08-14 02:00:00+00:00,41631.3,41378.3
2025-08-14 02:15:00+00:00,41872.3,41631.3
2025-08-14 02:30:00+00:00,42184.7,41872.3
2025-08-14 02:45:00+00:00,42656.9,42184.7
2025-08-14 03:00:00+00:00,43799.9,42656.9
2025-08-14 03:15:00+00:00,44402.2,43799.9
2025-08-14 03:30:00+00:00,45524.5,44402.2
2025-08-14 03:45:00+00:00,46618.9,45524.5
2025-08-14 04:00:00+00:00,48905.0,46618.9
2025-08-14 04:15:00+00:00,50155.6,48905.0
2025-08-14 04:30:00+00:00,51549.4,50155.6
2025-08-14 04:45:00+00:00,52270.9,51549.4
2025-08-14 05:00:00+00:00,53885.1,52270.9
2025-08-14 05:15:00+00:00,54839.1,53885.1
2025-08-14 05:30:00+00:00,55931.3,54839.1
2025-08-14 05:45:00+00:00,56696.9,55931.3
2025-08-14 06:00:00+00:00,57616.5,56696.9
2025-08-14 06:15:00+00:00,58149.6,57616.5
2025-08-14 06:30:00+00:00,58824.9,58149.6
2025-08-14 06:45:00+00:00,59519.2,58824.9
2025-08-14 07:00:00+00:00,58969.3,59519.2
2025-08-14 07:15:00+00:00,58926.4,58969.3
2025-08-14 07:30:00+00:00,58897.2,58926.4
2025-08-14 07:45:00+00:00,59176.4,58897.2
2025-08-14 08:00:00+00:00,59098.5,59176.4
2025-08-14 08:15:00+00:00,58931.9,59098.5
2025-08-14 08:30:00+00:00,59057.7,58931.9
2025-08-14 08:45:00+00:00,59113.0,59057.7
2025-08-14 09:00:00+00:00,58882.8,59113.0
2025-08-14 09:15:00+00:00,58680.2,58882.8
2025-08-14 09:30:00+00:00,59087.5,58680.2
2025-08-14 09:45:00+00:00,58388.4,59087.5
2025-08-14 10:00:00+00:00,57569.5,58388.4
2025-08-14 10:15:00+00:00,57121.7,57569.5
2025-08-14 10:30:00+00:00,56943.1,57121.7
2025-08-14 10:45:00+00:00,56626.5,56943.1
2025-08-14 11:00:00+00:00,57436.5,56626.5
2025-08-14 11:15:00+00:00,56795.5,57436.5
2025-08-14 11:30:00+00:00,56115.4,56795.5
2025-08-14 11:45:00+00:00,56178.3,56115.4
2025-08-14 12:00:00+00:00,55827.3,56178.3
2025-08-14 12:15:00+00:00,55731.4,55827.3
2025-08-14 12:30:00+00:00,55437.9,55731.4
2025-08-14 12:45:00+00:00,55555.0,55437.9
2025-08-14 13:00:00+00:00,55892.5,55555.0
2025-08-14 13:15:00+00:00,55825.6,55892.5
2025-08-14 13:30:00+00:00,55428.6,55825.6
2025-08-14 13:45:00+00:00,54992.4,55428.6
2025-08-14 14:00:00+00:00,55416.6,54992.4
2025-08-14 14:15:00+00:00,55161.9,55416.6
2025-08-14 14:30:00+00:00,55283.4,55161.9
2025-08-14 14:45:00+00:00,55237.8,55283.4
2025-08-14 15:00:00+00:00,56174.5,55237.8
2025-08-14 15:15:00+00:00,56318.2,56174.5
2025-08-14 15:30:00+00:00,56425.8,56318.2
2025-08-14 15:45:00+00:00,56617.9,56425.8
2025-08-14 16:00:00+00:00,57249.1,56617.9
2025-08-14 16:15:00+00:00,57688.4,57249.1
2025-08-14 16:30:00+00:00,57728.4,57688.4
2025-08-14 16:45:00+00:00,57672.2,57728.4
2025-08-14 17:00:00+00:00,57811.1,57672.2
2025-08-14 17:15:00+00:00,57253.9,57811.1
2025-08-14 17:30:00+00:00,57105.2,57253.9
2025-08-14 17:45:00+00:00,56873.3,57105.2
2025-08-14 18:00:00+00:00,56255.5,56873.3
2025-08-14 18:15:00+00:00,56028.0,56255.5
2025-08-14 18:30:00+00:00,55545.4,56028.0
2025-08-14 18:45:00+00:00,55457.0,55545.4
2025-08-14 19:00:00+00:00,55602.0,55457.0
2025-08-14 19:15:00+00:00,55011.1,55602.0
2025-08-14 19:30:00+00:00,54104.5,55011.1
2025-08-14 19:45:00+00:00,53612.6,54104.5
2025-08-14 20:00:00+00:00,52158.7,53612.6
2025-08-14 20:15:00+00:00,51319.8,52158.7
2025-08-14 20:30:00+00:00,50387.2,51319.8
2025-08-14 20:45:00+00:00,49623.0,50387.2
2025-08-14 21:00:00+00:00,48402.6,49623.0
2025-08-14 21:15:00+00:00,47880.4,48402.6
2025-08-14 21:30:00+00:00,46796.9,47880.4
2025-08-14 21:45:00+00:00,46203.9,46796.9
2025-08-14 22:00:00+00:00,45924.9,46203.9
2025-08-14 22:15:00+00:00,45294.1,45924.9
2025-08-14 22:30:00+00:00,44723.6,45294.1
2025-08-14 22:45:00+00:00,44218.8,44723.6
2025-08-14 23:00:00+00:00,44042.4,44218.8
2025-08-14 23:15:00+00:00,43691.4,44042.4
2025-08-14 23:30:00+00:00,43157.2,43691.4
2025-08-14 23:45:00+00:00,42745.2,43157.2
2025-08-15 00:00:00+00:00,42358.2,42745.2
2025-08-15 00:15:00+00:00,41929.3,42358.2
2025-08-15 00:30:00+00:00,41716.2,41929.3
2025-08-15 00:45:00+00:00,41418.8,41716.2
2025-08-15 01:00:00+00:00,41551.0,41418.8
2025-08-15 01:15:00+00:00,41449.5,41551.0
2025-08-15 01:30:00+00:00,41269.3,41449.5
2025-08-15 01:45:00+00:00,41325.4,41269.3
2025-08-15 02:00:00+00:00,41522.4,41325.4
2025-08-15 02:15:00+00:00,41543.1,41522.4
2025-08-15 02:30:00+00:00,42038.4,41543.1
2025-08-15 02:45:00+00:00,42453.4,42038.4
2025-08-15 03:00:00+00:00,43193.7,42453.4
2025-08-15 03:15:00+00:00,43848.6,43193.7
2025-08-15 03:30:00+00:00,44796.6,43848.6
2025-08-15 03:45:00+00:00,45593.9,44796.6
2025-08-15 04:00:00+00:00,47496.7,45593.9
2025-08-15 04:15:00+00:00,48662.6,47496.7
2025-08-15 04:30:00+00:00,49566.6,48662.6
2025-08-15 04:45:00+00:00,50517.5,49566.6
2025-08-15 05:00:00+00:00,51758.7,50517.5
2025-08-15 05:15:00+00:00,52822.7,51758.7
2025-08-15 05:30:00+00:00,53757.2,52822.7
2025-08-15 05:45:00+00:00,54823.6,53757.2
2025-08-15 06:00:00+00:00,55433.4,54823.6
2025-08-15 06:15:00+00:00,56491.8,55433.4
2025-08-15 06:30:00+00:00,56875.3,56491.8
2025-08-15 06:45:00+00:00,56838.1,56875.3
2025-08-15 07:00:00+00:00,56349.6,56838.1
2025-08-15 07:15:00+00:00,56540.0,56349.6
2025-08-15 07:30:00+00:00,56919.7,56540.0
2025-08-15 07:45:00+00:00,56924.0,56919.7
2025-08-15 08:00:00+00:00,57362.4,56924.0
2025-08-15 08:15:00+00:00,57277.5,57362.4
2025-08-15 08:30:00+00:00,57229.3,57277.5
2025-08-15 08:45:00+00:00,57092.3,57229.3
2025-08-15 09:00:00+00:00,56572.3,57092.3
2025-08-15 09:15:00+00:00,56266.7,56572.3
2025-08-15 09:30:00+00:00,56162.5,56266.7
2025-08-15 09:45:00+00:00,56217.8,56162.5
2025-08-15 10:00:00+00:00,55267.9,56217.8
2025-08-15 10:15:00+00:00,54889.5,55267.9
2025-08-15 10:30:00+00:00,54789.5,54889.5
2025-08-15 10:45:00+00:00,54627.0,54789.5
2025-08-15 11:00:00+00:00,54035.9,54627.0
2025-08-15 11:15:00+00:00,53496.6,54035.9
2025-08-15 11:30:00+00:00,52909.9,53496.6
2025-08-15 11:45:00+00:00,52301.7,52909.9
2025-08-15 12:00:00+00:00,52246.5,52301.7
2025-08-15 12:15:00+00:00,52052.7,52246.5
2025-08-15 12:30:00+00:00,52023.6,52052.7
2025-08-15 12:45:00+00:00,52460.6,52023.6
2025-08-15 13:00:00+00:00,52690.4,52460.6
2025-08-15 13:15:00+00:00,52632.4,52690.4
2025-08-15 13:30:00+00:00,52552.0,52632.4
2025-08-15 13:45:00+00:00,52582.5,52552.0
2025-08-15 14:00:00+00:00,53530.2,52582.5
2025-08-15 14:15:00+00:00,53578.6,53530.2
2025-08-15 14:30:00+00:00,53326.9,53578.6
2025-08-15 14:45:00+00:00,53259.4,53326.9
2025-08-15 15:00:00+00:00,53888.4,53259.4
2025-08-15 15:15:00+00:00,53900.7,53888.4
2025-08-15 15:30:00+00:00,54276.1,53900.7
2025-08-15 15:45:00+00:00,54621.8,54276.1
2025-08-15 16:00:00+00:00,55092.3,54621.8
2025-08-15 16:15:00+00:00,55088.3,55092.3
2025-08-15 16:30:00+00:00,55245.0,55088.3
2025-08-15 16:45:00+00:00,55347.1,55245.0
2025-08-15 17:00:00+00:00,55420.1,55347.1
2025-08-15 17:15:00+00:00,55022.6,55420.1
2025-08-15 17:30:00+00:00,54704.0,55022.6
2025-08-15 17:45:00+00:00,54258.4,54704.0
2025-08-15 18:00:00+00:00,53695.7,54258.4
2025-08-15 18:15:00+00:00,52838.3,53695.7
2025-08-15 18:30:00+00:00,52300.9,52838.3
2025-08-15 18:45:00+00:00,52480.3,52300.9
2025-08-15 19:00:00+00:00,52325.6,52480.3
2025-08-15 19:15:00+00:00,51660.9,52325.6
2025-08-15 19:30:00+00:00,50764.3,51660.9
2025-08-15 19:45:00+00:00,50221.9,50764.3
2025-08-15 20:00:00+00:00,49476.7,50221.9
2025-08-15 20:15:00+00:00,48794.5,49476.7
2025-08-15 20:30:00+00:00,48210.6,48794.5
2025-08-15 20:45:00+00:00,47393.9,48210.6
2025-08-15 21:00:00+00:00,46577.4,47393.9
2025-08-15 21:15:00+00:00,45728.0,46577.4
2025-08-15 21:30:00+00:00,45179.0,45728.0
2025-08-15 21:45:00+00:00,44626.7,45179.0
2025-08-15 22:00:00+00:00,43862.8,44626.7
2025-08-15 22:15:00+00:00,43532.4,43862.8
2025-08-15 22:30:00+00:00,42995.8,43532.4
2025-08-15 22:45:00+00:00,42614.7,42995.8
2025-08-15 23:00:00+00:00,42310.9,42614.7
2025-08-15 23:15:00+00:00,42012.3,42310.9
2025-08-15 23:30:00+00:00,41409.4,42012.3
2025-08-15 23:45:00+00:00,40973.3,41409.4
2025-08-16 00:00:00+00:00,40332.9,40973.3
2025-08-16 00:15:00+00:00,39998.4,40332.9
2025-08-16 00:30:00+00:00,39782.2,39998.4
2025-08-16 00:45:00+00:00,39731.4,39782.2
2025-08-16 01:00:00+00:00,39650.6,39731.4
2025-08-16 01:15:00+00:00,39826.8,39650.6
2025-08-16 01:30:00+00:00,39722.8,39826.8
2025-08-16 01:45:00+00:00,39586.8,39722.8
2025-08-16 02:00:00+00:00,39865.2,39586.8
2025-08-16 02:15:00+00:00,39512.3,39865.2
2025-08-16 02:30:00+00:00,39677.1,39512.3
2025-08-16 02:45:00+00:00,39729.0,39677.1
2025-08-16 03:00:00+00:00,39900.0,39729.0
2025-08-16 03:15:00+00:00,39944.0,39900.0
2025-08-16 03:30:00+00:00,40113.3,39944.0
2025-08-16 03:45:00+00:00,40219.0,40113.3
2025-08-16 04:00:00+00:00,40744.5,40219.0
2025-08-16 04:15:00+00:00,40810.2,40744.5
2025-08-16 04:30:00+00:00,41181.6,40810.2
2025-08-16 04:45:00+00:00,41532.1,41181.6
2025-08-16 05:00:00+00:00,41877.6,41532.1
2025-08-16 05:15:00+00:00,42471.0,41877.6
2025-08-16 05:30:00+00:00,43129.7,42471.0
2025-08-16 05:45:00+00:00,43828.2,43129.7
2025-08-16 06:00:00+00:00,44641.3,43828.2
2025-08-16 06:15:00+00:00,45726.8,44641.3
2025-08-16 06:30:00+00:00,46645.7,45726.8
2025-08-16 06:45:00+00:00,47401.4,46645.7
2025-08-16 07:00:00+00:00,48300.4,47401.4
2025-08-16 07:15:00+00:00,48599.0,48300.4
2025-08-16 07:30:00+00:00,48665.0,48599.0
2025-08-16 07:45:00+00:00,49157.6,48665.0
2025-08-16 08:00:00+00:00,49436.8,49157.6
2025-08-16 08:15:00+00:00,49771.8,49436.8
2025-08-16 08:30:00+00:00,50103.4,49771.8
2025-08-16 08:45:00+00:00,50127.6,50103.4
2025-08-16 09:00:00+00:00,50193.9,50127.6
2025-08-16 09:15:00+00:00,50249.2,50193.9
2025-08-16 09:30:00+00:00,50443.6,50249.2
2025-08-16 09:45:00+00:00,50488.8,50443.6
2025-08-16 10:00:00+00:00,50215.4,50488.8
2025-08-16 10:15:00+00:00,49385.2,50215.4
2025-08-16 10:30:00+00:00,49400.0,49385.2
2025-08-16 10:45:00+00:00,49580.5,49400.0
2025-08-16 11:00:00+00:00,48501.0,49580.5
2025-08-16 11:15:00+00:00,47644.1,48501.0
2025-08-16 11:30:00+00:00,47458.0,47644.1
2025-08-16 11:45:00+00:00,47080.2,47458.0
2025-08-16 12:00:00+00:00,46536.4,47080.2
2025-08-16 12:15:00+00:00,46684.6,46536.4
2025-08-16 12:30:00+00:00,46336.7,46684.6
2025-08-16 12:45:00+00:00,46462.8,46336.7
2025-08-16 13:00:00+00:00,46875.2,46462.8
2025-08-16 13:15:00+00:00,46423.3,46875.2
2025-08-16 13:30:00+00:00,46228.9,46423.3
2025-08-16 13:45:00+00:00,45985.7,46228.9
2025-08-16 14:00:00+00:00,46853.8,45985.7
2025-08-16 14:15:00+00:00,46645.8,46853.8
2025-08-16 14:30:00+00:00,46664.4,46645.8
2025-08-16 14:45:00+00:00,46623.3,46664.4
2025-08-16 15:00:00+00:00,46984.6,46623.3
2025-08-16 15:15:00+00:00,46885.8,46984.6
2025-08-16 15:30:00+00:00,47050.6,46885.8
2025-08-16 15:45:00+00:00,47531.2,47050.6
2025-08-16 16:00:00+00:00,47341.3,47531.2
2025-08-16 16:15:00+00:00,47085.5,47341.3
2025-08-16 16:30:00+00:00,47152.2,47085.5
2025-08-16 16:45:00+00:00,47596.4,47152.2
2025-08-16 17:00:00+00:00,48029.3,47596.4
2025-08-16 17:15:00+00:00,47802.4,48029.3
2025-08-16 17:30:00+00:00,47296.4,47802.4
2025-08-16 17:45:00+00:00,46636.8,47296.4
2025-08-16 18:00:00+00:00,46554.0,46636.8
2025-08-16 18:15:00+00:00,45939.2,46554.0
2025-08-16 18:30:00+00:00,45256.5,45939.2
2025-08-16 18:45:00+00:00,45916.9,45256.5
2025-08-16 19:00:00+00:00,45699.1,45916.9
2025-08-16 19:15:00+00:00,45343.5,45699.1
2025-08-16 19:30:00+00:00,44782.2,45343.5
2025-08-16 19:45:00+00:00,44300.2,44782.2
2025-08-16 20:00:00+00:00,43646.9,44300.2
2025-08-16 20:15:00+00:00,42988.5,43646.9
2025-08-16 20:30:00+00:00,42504.4,42988.5
2025-08-16 20:45:00+00:00,41966.1,42504.4
2025-08-16 21:00:00+00:00,41171.3,41966.1
2025-08-16 21:15:00+00:00,40448.2,41171.3
2025-08-16 21:30:00+00:00,39883.4,40448.2
2025-08-16 21:45:00+00:00,39508.8,39883.4
2025-08-16 22:00:00+00:00,38766.0,39508.8
2025-08-16 22:15:00+00:00,38039.8,38766.0
2025-08-16 22:30:00+00:00,37761.0,38039.8
2025-08-16 22:45:00+00:00,36988.2,37761.0
2025-08-16 23:00:00+00:00,36588.8,36988.2
2025-08-16 23:15:00+00:00,36413.3,36588.8
2025-08-16 23:30:00+00:00,36296.2,36413.3
2025-08-16 23:45:00+00:00,36321.7,36296.2
2025-08-17 00:00:00+00:00,35591.9,36321.7
2025-08-17 00:15:00+00:00,35437.1,35591.9
2025-08-17 00:30:00+00:00,35083.8,35437.1
2025-08-17 00:45:00+00:00,34657.4,35083.8
2025-08-17 01:00:00+00:00,34606.9,34657.4
2025-08-17 01:15:00+00:00,34435.6,34606.9
2025-08-17 01:30:00+00:00,34354.2,34435.6
2025-08-17 01:45:00+00:00,34350.7,34354.2
2025-08-17 02:00:00+00:00,34308.3,34350.7
2025-08-17 02:15:00+00:00,34390.9,34308.3
2025-08-17 02:30:00+00:00,34366.3,34390.9
2025-08-17 02:45:00+00:00,34420.9,34366.3
2025-08-17 03:00:00+00:00,34867.7,34420.9
2025-08-17 03:15:00+00:00,34800.1,34867.7
2025-08-17 03:30:00+00:00,34787.6,34800.1
2025-08-17 03:45:00+00:00,34709.7,34787.6
2025-08-17 04:00:00+00:00,34947.9,34709.7
2025-08-17 04:15:00+00:00,34789.8,34947.9
2025-08-17 04:30:00+00:00,34945.9,34789.8
2025-08-17 04:45:00+00:00,35291.9,34945.9
2025-08-17 05:00:00+00:00,35854.4,35291.9
2025-08-17 05:15:00+00:00,36171.3,35854.4
2025-08-17 05:30:00+00:00,36564.8,36171.3
2025-08-17 05:45:00+00:00,37428.8,36564.8
2025-08-17 06:00:00+00:00,38014.5,37428.8
2025-08-17 06:15:00+00:00,38640.2,38014.5
2025-08-17 06:30:00+00:00,39364.8,38640.2
2025-08-17 06:45:00+00:00,39996.3,39364.8
2025-08-17 07:00:00+00:00,40488.9,39996.3
2025-08-17 07:15:00+00:00,41264.1,40488.9
2025-08-17 07:30:00+00:00,41915.0,41264.1
2025-08-17 07:45:00+00:00,42635.9,41915.0
2025-08-17 08:00:00+00:00,42821.0,42635.9
2025-08-17 08:15:00+00:00,42909.0,42821.0
2025-08-17 08:30:00+00:00,43539.3,42909.0
2025-08-17 08:45:00+00:00,43577.7,43539.3
2025-08-17 09:00:00+00:00,43208.0,43577.7
2025-08-17 09:15:00+00:00,43398.7,43208.0
2025-08-17 09:30:00+00:00,43478.7,43398.7
2025-08-17 09:45:00+00:00,43551.2,43478.7
2025-08-17 10:00:00+00:00,43154.0,43551.2
2025-08-17 10:15:00+00:00,42843.5,43154.0
2025-08-17 10:30:00+00:00,42714.8,42843.5
2025-08-17 10:45:00+00:00,41847.4,42714.8
2025-08-17 11:00:00+00:00,41927.1,41847.4
2025-08-17 11:15:00+00:00,41366.1,41927.1
2025-08-17 11:30:00+00:00,41037.2,41366.1
2025-08-17 11:45:00+00:00,40842.7,41037.2
2025-08-17 12:00:00+00:00,40865.1,40842.7
2025-08-17 12:15:00+00:00,40836.9,40865.1
2025-08-17 12:30:00+00:00,40389.9,40836.9
2025-08-17 12:45:00+00:00,40440.8,40389.9
2025-08-17 13:00:00+00:00,40863.3,40440.8
2025-08-17 13:15:00+00:00,40239.2,40863.3
2025-08-17 13:30:00+00:00,40150.8,40239.2
2025-08-17 13:45:00+00:00,39995.1,40150.8
2025-08-17 14:00:00+00:00,40852.4,39995.1
2025-08-17 14:15:00+00:00,40636.8,40852.4
2025-08-17 14:30:00+00:00,40477.0,40636.8
2025-08-17 14:45:00+00:00,40540.7,40477.0
2025-08-17 15:00:00+00:00,40991.3,40540.7
2025-08-17 15:15:00+00:00,41347.9,40991.3
2025-08-17 15:30:00+00:00,41953.2,41347.9
2025-08-17 15:45:00+00:00,42820.4,41953.2
2025-08-17 16:00:00+00:00,43729.2,42820.4
2025-08-17 16:15:00+00:00,44010.8,43729.2
2025-08-17 16:30:00+00:00,44200.6,44010.8
2025-08-17 16:45:00+00:00,44814.4,44200.6
2025-08-17 17:00:00+00:00,45292.9,44814.4
2025-08-17 17:15:00+00:00,45325.6,45292.9
2025-08-17 17:30:00+00:00,45424.3,45325.6
2025-08-17 17:45:00+00:00,45274.8,45424.3
2025-08-17 18:00:00+00:00,45585.8,45274.8
2025-08-17 18:15:00+00:00,45377.9,45585.8
2025-08-17 18:30:00+00:00,45368.8,45377.9
2025-08-17 18:45:00+00:00,45464.6,45368.8
2025-08-17 19:00:00+00:00,45316.8,45464.6
2025-08-17 19:15:00+00:00,45090.2,45316.8
2025-08-17 19:30:00+00:00,44927.0,45090.2
2025-08-17 19:45:00+00:00,44785.3,44927.0
2025-08-17 20:00:00+00:00,43847.1,44785.3
2025-08-17 20:15:00+00:00,43481.7,43847.1
2025-08-17 20:30:00+00:00,42897.4,43481.7
2025-08-17 20:45:00+00:00,42179.1,42897.4
2025-08-17 21:00:00+00:00,41330.9,42179.1
2025-08-17 21:15:00+00:00,40938.1,41330.9
2025-08-17 21:30:00+00:00,40317.5,40938.1
2025-08-17 21:45:00+00:00,39830.7,40317.5
2025-08-17 22:00:00+00:00,39388.8,39830.7
2025-08-17 22:15:00+00:00,38818.6,39388.8
2025-08-17 22:30:00+00:00,38495.2,38818.6
2025-08-17 22:45:00+00:00,38017.9,38495.2
2025-08-17 23:00:00+00:00,37612.7,38017.9
2025-08-17 23:15:00+00:00,37325.5,37612.7
2025-08-17 23:30:00+00:00,36892.5,37325.5
2025-08-17 23:45:00+00:00,36639.6,36892.5
2025-08-18 00:00:00+00:00,36469.6,36639.6
2025-08-18 00:15:00+00:00,36336.0,36469.6
2025-08-18 00:30:00+00:00,36190.2,36336.0
2025-08-18 00:45:00+00:00,36259.5,36190.2
2025-08-18 01:00:00+00:00,36375.8,36259.5
2025-08-18 01:15:00+00:00,36339.9,36375.8
2025-08-18 01:30:00+00:00,36331.7,36339.9
2025-08-18 01:45:00+00:00,36601.1,36331.7
2025-08-18 02:00:00+00:00,37066.1,36601.1
2025-08-18 02:15:00+00:00,37411.0,37066.1
2025-08-18 02:30:00+00:00,37483.4,37411.0
2025-08-18 02:45:00+00:00,38061.8,37483.4
2025-08-18 03:00:00+00:00,39634.2,38061.8
2025-08-18 03:15:00+00:00,40666.6,39634.2
2025-08-18 03:30:00+00:00,41525.6,40666.6
2025-08-18 03:45:00+00:00,43142.7,41525.6
2025-08-18 04:00:00+00:00,46069.5,43142.7
2025-08-18 04:15:00+00:00,47491.8,46069.5
2025-08-18 04:30:00+00:00,48707.3,47491.8
2025-08-18 04:45:00+00:00,49828.6,48707.3
2025-08-18 05:00:00+00:00,51035.4,49828.6
2025-08-18 05:15:00+00:00,52095.7,51035.4
2025-08-18 05:30:00+00:00,53231.9,52095.7
2025-08-18 05:45:00+00:00,54039.6,53231.9
2025-08-18 06:00:00+00:00,54873.2,54039.6
2025-08-18 06:15:00+00:00,55757.5,54873.2
2025-08-18 06:30:00+00:00,55971.0,55757.5
2025-08-18 06:45:00+00:00,56155.7,55971.0
2025-08-18 07:00:00+00:00,55678.2,56155.7
2025-08-18 07:15:00+00:00,55358.9,55678.2
2025-08-18 07:30:00+00:00,55192.8,55358.9
2025-08-18 07:45:00+00:00,54983.9,55192.8
2025-08-18 08:00:00+00:00,54706.6,54983.9
2025-08-18 08:15:00+00:00,54432.4,54706.6
2025-08-18 08:30:00+00:00,54120.9,54432.4
2025-08-18 08:45:00+00:00,53980.8,54120.9
2025-08-18 09:00:00+00:00,54226.5,53980.8
2025-08-18 09:15:00+00:00,54085.9,54226.5
2025-08-18 09:30:00+00:00,54097.9,54085.9
2025-08-18 09:45:00+00:00,53953.4,54097.9
2025-08-18 10:00:00+00:00,53544.2,53953.4
2025-08-18 10:15:00+00:00,53193.4,53544.2
2025-08-18 10:30:00+00:00,53175.2,53193.4
2025-08-18 10:45:00+00:00,53567.5,53175.2
2025-08-18 11:00:00+00:00,52158.5,53567.5
2025-08-18 11:15:00+00:00,51957.4,52158.5
2025-08-18 11:30:00+00:00,51634.0,51957.4
2025-08-18 11:45:00+00:00,51018.9,51634.0
2025-08-18 12:00:00+00:00,51204.0,51018.9
2025-08-18 12:15:00+00:00,50941.9,51204.0
2025-08-18 12:30:00+00:00,50634.8,50941.9
2025-08-18 12:45:00+00:00,50604.5,50634.8
2025-08-18 13:00:00+00:00,50643.9,50604.5
2025-08-18 13:15:00+00:00,50536.8,50643.9
2025-08-18 13:30:00+00:00,50323.2,50536.8
2025-08-18 13:45:00+00:00,50119.0,50323.2
2025-08-18 14:00:00+00:00,50211.6,50119.0
2025-08-18 14:15:00+00:00,50532.3,50211.6
2025-08-18 14:30:00+00:00,50186.3,50532.3
2025-08-18 14:45:00+00:00,50467.1,50186.3
2025-08-18 15:00:00+00:00,50798.7,50467.1
2025-08-18 15:15:00+00:00,51047.7,50798.7
2025-08-18 15:30:00+00:00,51877.8,51047.7
2025-08-18 15:45:00+00:00,52542.2,51877.8
2025-08-18 16:00:00+00:00,52981.6,52542.2
2025-08-18 16:15:00+00:00,52827.6,52981.6
2025-08-18 16:30:00+00:00,53395.1,52827.6
2025-08-18 16:45:00+00:00,53639.2,53395.1
2025-08-18 17:00:00+00:00,54074.6,53639.2
2025-08-18 17:15:00+00:00,54216.3,54074.6
2025-08-18 17:30:00+00:00,54240.0,54216.3
2025-08-18 17:45:00+00:00,54218.7,54240.0
2025-08-18 18:00:00+00:00,53610.2,54218.7
2025-08-18 18:15:00+00:00,53057.5,53610.2
2025-08-18 18:30:00+00:00,52718.8,53057.5
2025-08-18 18:45:00+00:00,52856.9,52718.8
2025-08-18 19:00:00+00:00,52760.1,52856.9
2025-08-18 19:15:00+00:00,51448.9,52760.1
2025-08-18 19:30:00+00:00,50832.1,51448.9
2025-08-18 19:45:00+00:00,49615.3,50832.1
2025-08-18 20:00:00+00:00,48360.3,49615.3
2025-08-18 20:15:00+00:00,47553.7,48360.3
2025-08-18 20:30:00+00:00,46547.7,47553.7
2025-08-18 20:45:00+00:00,45822.8,46547.7
2025-08-18 21:00:00+00:00,45425.0,45822.8
2025-08-18 21:15:00+00:00,44132.8,45425.0
2025-08-18 21:30:00+00:00,43605.1,44132.8
2025-08-18 21:45:00+00:00,43169.1,43605.1
2025-08-18 22:00:00+00:00,42094.1,43169.1
2025-08-18 22:15:00+00:00,41544.2,42094.1
2025-08-18 22:30:00+00:00,41236.8,41544.2
2025-08-18 22:45:00+00:00,40878.0,41236.8
2025-08-18 23:00:00+00:00,40337.6,40878.0
2025-08-18 23:15:00+00:00,40092.1,40337.6
2025-08-18 23:30:00+00:00,39735.4,40092.1
2025-08-18 23:45:00+00:00,39704.1,39735.4
2025-08-19 00:00:00+00:00,39265.4,39704.1
2025-08-19 00:15:00+00:00,39017.7,39265.4
2025-08-19 00:30:00+00:00,39187.2,39017.7
2025-08-19 00:45:00+00:00,39311.8,39187.2
2025-08-19 01:00:00+00:00,39164.9,39311.8
2025-08-19 01:15:00+00:00,39125.6,39164.9
2025-08-19 01:30:00+00:00,39235.6,39125.6
2025-08-19 01:45:00+00:00,39380.1,39235.6
2025-08-19 02:00:00+00:00,39794.0,39380.1
2025-08-19 02:15:00+00:00,39990.6,39794.0
2025-08-19 02:30:00+00:00,40319.1,39990.6
2025-08-19 02:45:00+00:00,40809.8,40319.1
2025-08-19 03:00:00+00:00,42031.6,40809.8
2025-08-19 03:15:00+00:00,42610.6,42031.6
2025-08-19 03:30:00+00:00,43666.7,42610.6
2025-08-19 03:45:00+00:00,44989.4,43666.7
2025-08-19 04:00:00+00:00,47572.3,44989.4
2025-08-19 04:15:00+00:00,48957.5,47572.3
2025-08-19 04:30:00+00:00,49685.4,48957.5
2025-08-19 04:45:00+00:00,50680.2,49685.4
2025-08-19 05:00:00+00:00,52138.9,50680.2
2025-08-19 05:15:00+00:00,52944.2,52138.9
2025-08-19 05:30:00+00:00,53873.9,52944.2
2025-08-19 05:45:00+00:00,54751.8,53873.9
2025-08-19 06:00:00+00:00,55654.0,54751.8
2025-08-19 06:15:00+00:00,56127.6,55654.0
2025-08-19 06:30:00+00:00,56988.2,56127.6
2025-08-19 06:45:00+00:00,56956.9,56988.2
2025-08-19 07:00:00+00:00,56681.3,56956.9
2025-08-19 07:15:00+00:00,56640.7,56681.3
2025-08-19 07:30:00+00:00,56664.3,56640.7
2025-08-19 07:45:00+00:00,55849.7,56664.3
2025-08-19 08:00:00+00:00,55429.5,55849.7
2025-08-19 08:15:00+00:00,56245.1,55429.5
2025-08-19 08:30:00+00:00,56158.5,56245.1
2025-08-19 08:45:00+00:00,56002.2,56158.5
2025-08-19 09:00:00+00:00,55491.8,56002.2
2025-08-19 09:15:00+00:00,55190.7,55491.8
2025-08-19 09:30:00+00:00,55422.5,55190.7
2025-08-19 09:45:00+00:00,55462.0,55422.5
2025-08-19 10:00:00+00:00,55334.9,55462.0
2025-08-19 10:15:00+00:00,54904.7,55334.9
2025-08-19 10:30:00+00:00,54794.6,54904.7
2025-08-19 10:45:00+00:00,54965.8,54794.6
2025-08-19 11:00:00+00:00,54466.8,54965.8
2025-08-19 11:15:00+00:00,54197.3,54466.8
2025-08-19 11:30:00+00:00,53749.6,54197.3
2025-08-19 11:45:00+00:00,53154.1,53749.6
2025-08-19 12:00:00+00:00,53545.5,53154.1
2025-08-19 12:15:00+00:00,53502.5,53545.5
2025-08-19 12:30:00+00:00,52941.5,53502.5
2025-08-19 12:45:00+00:00,52953.9,52941.5
2025-08-19 13:00:00+00:00,53522.6,52953.9
2025-08-19 13:15:00+00:00,53250.2,53522.6
2025-08-19 13:30:00+00:00,53057.7,53250.2
2025-08-19 13:45:00+00:00,53067.3,53057.7
2025-08-19 14:00:00+00:00,53109.0,53067.3
2025-08-19 14:15:00+00:00,52822.3,53109.0
2025-08-19 14:30:00+00:00,52879.6,52822.3
2025-08-19 14:45:00+00:00,52881.7,52879.6
2025-08-19 15:00:00+00:00,53384.1,52881.7
2025-08-19 15:15:00+00:00,53473.0,53384.1
2025-08-19 15:30:00+00:00,53725.3,53473.0
2025-08-19 15:45:00+00:00,54217.9,53725.3
2025-08-19 16:00:00+00:00,54348.2,54217.9
2025-08-19 16:15:00+00:00,54759.6,54348.2
2025-08-19 16:30:00+00:00,55229.1,54759.6
2025-08-19 16:45:00+00:00,55295.5,55229.1
2025-08-19 17:00:00+00:00,55401.6,55295.5
2025-08-19 17:15:00+00:00,55036.8,55401.6
2025-08-19 17:30:00+00:00,55231.5,55036.8
2025-08-19 17:45:00+00:00,55261.3,55231.5
2025-08-19 18:00:00+00:00,54721.1,55261.3
2025-08-19 18:15:00+00:00,54220.7,54721.1
2025-08-19 18:30:00+00:00,53918.5,54220.7
2025-08-19 18:45:00+00:00,53961.7,53918.5
2025-08-19 19:00:00+00:00,53362.0,53961.7
2025-08-19 19:15:00+00:00,52684.0,53362.0
2025-08-19 19:30:00+00:00,51944.6,52684.0
2025-08-19 19:45:00+00:00,50870.7,51944.6
2025-08-19 20:00:00+00:00,50167.4,50870.7
2025-08-19 20:15:00+00:00,49187.4,50167.4
2025-08-19 20:30:00+00:00,48288.8,49187.4
2025-08-19 20:45:00+00:00,47494.5,48288.8
2025-08-19 21:00:00+00:00,46562.4,47494.5
2025-08-19 21:15:00+00:00,45585.1,46562.4
2025-08-19 21:30:00+00:00,45056.1,45585.1
2025-08-19 21:45:00+00:00,44386.6,45056.1
2025-08-19 22:00:00+00:00,43488.1,44386.6
2025-08-19 22:15:00+00:00,42780.7,43488.1
2025-08-19 22:30:00+00:00,42798.6,42780.7
2025-08-19 22:45:00+00:00,42070.8,42798.6
2025-08-19 23:00:00+00:00,41737.9,42070.8
2025-08-19 23:15:00+00:00,41033.6,41737.9
2025-08-19 23:30:00+00:00,40753.0,41033.6
2025-08-19 23:45:00+00:00,40608.0,40753.0
2025-08-20 00:00:00+00:00,40521.8,40608.0
2025-08-20 00:15:00+00:00,40842.4,40521.8
2025-08-20 00:30:00+00:00,40971.7,40842.4
2025-08-20 00:45:00+00:00,40652.8,40971.7
2025-08-20 01:00:00+00:00,40104.7,40652.8
2025-08-20 01:15:00+00:00,40106.5,40104.7
2025-08-20 01:30:00+00:00,40100.0,40106.5
2025-08-20 01:45:00+00:00,40233.4,40100.0
2025-08-20 02:00:00+00:00,40399.3,40233.4
2025-08-20 02:15:00+00:00,40752.3,40399.3
2025-08-20 02:30:00+00:00,41196.1,40752.3
2025-08-20 02:45:00+00:00,42129.6,41196.1
2025-08-20 03:00:00+00:00,43537.8,42129.6
2025-08-20 03:15:00+00:00,44354.1,43537.8
2025-08-20 03:30:00+00:00,45448.2,44354.1
2025-08-20 03:45:00+00:00,46627.3,45448.2
2025-08-20 04:00:00+00:00,49016.8,46627.3
2025-08-20 04:15:00+00:00,50490.9,49016.8
2025-08-20 04:30:00+00:00,51590.6,50490.9
2025-08-20 04:45:00+00:00,52716.2,51590.6
2025-08-20 05:00:00+00:00,54187.9,52716.2
2025-08-20 05:15:00+00:00,55065.2,54187.9
2025-08-20 05:30:00+00:00,56146.6,55065.2
2025-08-20 05:45:00+00:00,56547.1,56146.6
2025-08-20 06:00:00+00:00,57366.2,56547.1
2025-08-20 06:15:00+00:00,57635.9,57366.2
2025-08-20 06:30:00+00:00,58358.6,57635.9
2025-08-20 06:45:00+00:00,58827.6,58358.6
2025-08-20 07:00:00+00:00,57810.4,58827.6
2025-08-20 07:15:00+00:00,57813.5,57810.4
2025-08-20 07:30:00+00:00,57884.3,57813.5
2025-08-20 07:45:00+00:00,57756.3,57884.3
2025-08-20 08:00:00+00:00,57333.0,57756.3
2025-08-20 08:15:00+00:00,57467.3,57333.0
2025-08-20 08:30:00+00:00,57480.7,57467.3
2025-08-20 08:45:00+00:00,57426.1,57480.7
2025-08-20 09:00:00+00:00,57599.1,57426.1
2025-08-20 09:15:00+00:00,57576.1,57599.1
2025-08-20 09:30:00+00:00,57539.7,57576.1
2025-08-20 09:45:00+00:00,57045.3,57539.7
2025-08-20 10:00:00+00:00,56570.3,57045.3
2025-08-20 10:15:00+00:00,56242.5,56570.3
2025-08-20 10:30:00+00:00,55907.6,56242.5
2025-08-20 10:45:00+00:00,55658.7,55907.6
2025-08-20 11:00:00+00:00,55878.9,55658.7
2025-08-20 11:15:00+00:00,55326.7,55878.9
2025-08-20 11:30:00+00:00,55115.5,55326.7
2025-08-20 11:45:00+00:00,54472.2,55115.5
2025-08-20 12:00:00+00:00,54286.4,54472.2
2025-08-20 12:15:00+00:00,54411.7,54286.4
2025-08-20 12:30:00+00:00,54191.0,54411.7
2025-08-20 12:45:00+00:00,54123.2,54191.0
2025-08-20 13:00:00+00:00,53991.3,54123.2
2025-08-20 13:15:00+00:00,53828.5,53991.3
2025-08-20 13:30:00+00:00,53956.5,53828.5
2025-08-20 13:45:00+00:00,53422.4,53956.5
2025-08-20 14:00:00+00:00,53812.8,53422.4
2025-08-20 14:15:00+00:00,53940.9,53812.8
2025-08-20 14:30:00+00:00,53568.4,53940.9
2025-08-20 14:45:00+00:00,53758.8,53568.4
2025-08-20 15:00:00+00:00,54489.0,53758.8
2025-08-20 15:15:00+00:00,54868.1,54489.0
2025-08-20 15:30:00+00:00,55176.4,54868.1
2025-08-20 15:45:00+00:00,55788.5,55176.4
2025-08-20 16:00:00+00:00,55505.5,55788.5
2025-08-20 16:15:00+00:00,55295.8,55505.5
2025-08-20 16:30:00+00:00,55181.8,55295.8
2025-08-20 16:45:00+00:00,55481.0,55181.8
2025-08-20 17:00:00+00:00,55740.5,55481.0
2025-08-20 17:15:00+00:00,55299.4,55740.5
2025-08-20 17:30:00+00:00,55312.7,55299.4
2025-08-20 17:45:00+00:00,54944.7,55312.7
2025-08-20 18:00:00+00:00,54240.5,54944.7
2025-08-20 18:15:00+00:00,53753.1,54240.5
2025-08-20 18:30:00+00:00,53509.8,53753.1
2025-08-20 18:45:00+00:00,53481.6,53509.8
2025-08-20 19:00:00+00:00,53319.3,53481.6
2025-08-20 19:15:00+00:00,52007.3,53319.3
2025-08-20 19:30:00+00:00,51288.7,52007.3
2025-08-20 19:45:00+00:00,50402.4,51288.7
2025-08-20 20:00:00+00:00,49300.7,50402.4
2025-08-20 20:15:00+00:00,48209.1,49300.7
2025-08-20 20:30:00+00:00,47264.2,48209.1
2025-08-20 20:45:00+00:00,46478.5,47264.2
2025-08-20 21:00:00+00:00,45065.6,46478.5
2025-08-20 21:15:00+00:00,44587.2,45065.6
2025-08-20 21:30:00+00:00,43842.2,44587.2
2025-08-20 21:45:00+00:00,43281.4,43842.2
2025-08-20 22:00:00+00:00,42807.7,43281.4
2025-08-20 22:15:00+00:00,42407.9,42807.7
2025-08-20 22:30:00+00:00,42148.6,42407.9
2025-08-20 22:45:00+00:00,41604.7,42148.6
2025-08-20 23:00:00+00:00,41111.9,41604.7
2025-08-20 23:15:00+00:00,40860.5,41111.9
2025-08-20 23:30:00+00:00,40598.0,40860.5
2025-08-20 23:45:00+00:00,40391.4,40598.0
2025-08-21 00:00:00+00:00,40031.9,40391.4
2025-08-21 00:15:00+00:00,39911.6,40031.9
2025-08-21 00:30:00+00:00,39896.8,39911.6
2025-08-21 00:45:00+00:00,39768.3,39896.8
2025-08-21 01:00:00+00:00,39767.6,39768.3
2025-08-21 01:15:00+00:00,39946.8,39767.6
2025-08-21 01:30:00+00:00,39954.8,39946.8
2025-08-21 01:45:00+00:00,39855.0,39954.8
2025-08-21 02:00:00+00:00,40333.3,39855.0
2025-08-21 02:15:00+00:00,40445.6,40333.3
2025-08-21 02:30:00+00:00,40948.2,40445.6
2025-08-21 02:45:00+00:00,41312.0,40948.2
2025-08-21 03:00:00+00:00,42582.9,41312.0
2025-08-21 03:15:00+00:00,43323.9,42582.9
2025-08-21 03:30:00+00:00,44501.5,43323.9
2025-08-21 03:45:00+00:00,45612.1,44501.5
2025-08-21 04:00:00+00:00,48040.3,45612.1
2025-08-21 04:15:00+00:00,49342.4,48040.3
2025-08-21 04:30:00+00:00,50340.8,49342.4
2025-08-21 04:45:00+00:00,51264.1,50340.8
2025-08-21 05:00:00+00:00,52855.3,51264.1
2025-08-21 05:15:00+00:00,53806.7,52855.3
2025-08-21 05:30:00+00:00,54833.4,53806.7
2025-08-21 05:45:00+00:00,55459.1,54833.4
2025-08-21 06:00:00+00:00,56309.2,55459.1
2025-08-21 06:15:00+00:00,57049.0,56309.2
2025-08-21 06:30:00+00:00,57615.6,57049.0
2025-08-21 06:45:00+00:00,57638.8,57615.6
2025-08-21 07:00:00+00:00,57509.9,57638.8
2025-08-21 07:15:00+00:00,57876.7,57509.9
2025-08-21 07:30:00+00:00,58072.6,57876.7
2025-08-21 07:45:00+00:00,57496.8,58072.6
2025-08-21 08:00:00+00:00,57439.8,57496.8
2025-08-21 08:15:00+00:00,57148.0,57439.8
2025-08-21 08:30:00+00:00,57114.8,57148.0
2025-08-21 08:45:00+00:00,57346.4,57114.8
2025-08-21 09:00:00+00:00,57628.1,57346.4
2025-08-21 09:15:00+00:00,57640.6,57628.1
2025-08-21 09:30:00+00:00,57619.7,57640.6
2025-08-21 09:45:00+00:00,58252.4,57619.7
2025-08-21 10:00:00+00:00,57503.5,58252.4
2025-08-21 10:15:00+00:00,57526.4,57503.5
2025-08-21 10:30:00+00:00,57243.5,57526.4
2025-08-21 10:45:00+00:00,57169.2,57243.5
2025-08-21 11:00:00+00:00,56929.7,57169.2
2025-08-21 11:15:00+00:00,56889.0,56929.7
2025-08-21 11:30:00+00:00,56462.3,56889.0
2025-08-21 11:45:00+00:00,55976.4,56462.3
2025-08-21 12:00:00+00:00,55245.3,55976.4
2025-08-21 12:15:00+00:00,55571.9,55245.3
2025-08-21 12:30:00+00:00,55403.5,55571.9
2025-08-21 12:45:00+00:00,55498.8,55403.5
2025-08-21 13:00:00+00:00,55749.6,55498.8
2025-08-21 13:15:00+00:00,55578.4,55749.6
2025-08-21 13:30:00+00:00,55197.0,55578.4
2025-08-21 13:45:00+00:00,55016.8,55197.0
2025-08-21 14:00:00+00:00,55067.5,55016.8
2025-08-21 14:15:00+00:00,55090.3,55067.5
2025-08-21 14:30:00+00:00,55042.1,55090.3
2025-08-21 14:45:00+00:00,55152.0,55042.1
2025-08-21 15:00:00+00:00,55835.8,55152.0
2025-08-21 15:15:00+00:00,55606.3,55835.8
2025-08-21 15:30:00+00:00,55902.8,55606.3
2025-08-21 15:45:00+00:00,55862.0,55902.8
2025-08-21 16:00:00+00:00,56516.4,55862.0
2025-08-21 16:15:00+00:00,56746.5,56516.4
2025-08-21 16:30:00+00:00,56697.4,56746.5
2025-08-21 16:45:00+00:00,56880.0,56697.4
2025-08-21 17:00:00+00:00,57085.5,56880.0
2025-08-21 17:15:00+00:00,56429.9,57085.5
2025-08-21 17:30:00+00:00,56088.5,56429.9
2025-08-21 17:45:00+00:00,55782.5,56088.5
2025-08-21 18:00:00+00:00,55198.2,55782.5
2025-08-21 18:15:00+00:00,54523.5,55198.2
2025-08-21 18:30:00+00:00,54167.6,54523.5
2025-08-21 18:45:00+00:00,54339.3,54167.6
2025-08-21 19:00:00+00:00,54106.8,54339.3
2025-08-21 19:15:00+00:00,52998.4,54106.8
2025-08-21 19:30:00+00:00,52268.6,52998.4
2025-08-21 19:45:00+00:00,51736.1,52268.6
2025-08-21 20:00:00+00:00,50518.7,51736.1
2025-08-21 20:15:00+00:00,49803.2,50518.7
2025-08-21 20:30:00+00:00,49173.7,49803.2
2025-08-21 20:45:00+00:00,47813.6,49173.7
2025-08-21 21:00:00+00:00,46743.4,47813.6
2025-08-21 21:15:00+00:00,45827.2,46743.4
2025-08-21 21:30:00+00:00,45070.2,45827.2
2025-08-21 21:45:00+00:00,44633.4,45070.2
2025-08-21 22:00:00+00:00,43734.2,44633.4
2025-08-21 22:15:00+00:00,43103.9,43734.2
2025-08-21 22:30:00+00:00,42783.5,43103.9
2025-08-21 22:45:00+00:00,42808.1,42783.5
2025-08-21 23:00:00+00:00,42069.4,42808.1
2025-08-21 23:15:00+00:00,41532.8,42069.4
2025-08-21 23:30:00+00:00,41250.5,41532.8
2025-08-21 23:45:00+00:00,41275.3,41250.5
2025-08-22 00:00:00+00:00,40539.2,41275.3
2025-08-22 00:15:00+00:00,40197.3,40539.2
2025-08-22 00:30:00+00:00,40204.9,40197.3
2025-08-22 00:45:00+00:00,40459.6,40204.9
2025-08-22 01:00:00+00:00,40326.5,40459.6
2025-08-22 01:15:00+00:00,40638.6,40326.5
2025-08-22 01:30:00+00:00,40899.0,40638.6
2025-08-22 01:45:00+00:00,40740.2,40899.0
2025-08-22 02:00:00+00:00,40995.7,40740.2
2025-08-22 02:15:00+00:00,41194.7,40995.7
2025-08-22 02:30:00+00:00,41299.0,41194.7
2025-08-22 02:45:00+00:00,41856.0,41299.0
2025-08-22 03:00:00+00:00,43318.4,41856.0
2025-08-22 03:15:00+00:00,43776.5,43318.4
2025-08-22 03:30:00+00:00,44719.7,43776.5
2025-08-22 03:45:00+00:00,45964.5,44719.7
2025-08-22 04:00:00+00:00,48372.7,45964.5
2025-08-22 04:15:00+00:00,49864.4,48372.7
2025-08-22 04:30:00+00:00,50574.9,49864.4
2025-08-22 04:45:00+00:00,51478.9,50574.9
2025-08-22 05:00:00+00:00,53041.1,51478.9
2025-08-22 05:15:00+00:00,54213.3,53041.1
2025-08-22 05:30:00+00:00,54933.7,54213.3
2025-08-22 05:45:00+00:00,55946.2,54933.7
2025-08-22 06:00:00+00:00,56447.3,55946.2
2025-08-22 06:15:00+00:00,56578.9,56447.3
2025-08-22 06:30:00+00:00,56918.2,56578.9
2025-08-22 06:45:00+00:00,57507.8,56918.2
2025-08-22 07:00:00+00:00,57242.8,57507.8
2025-08-22 07:15:00+00:00,57799.4,57242.8
2025-08-22 07:30:00+00:00,58561.2,57799.4
2025-08-22 07:45:00+00:00,59039.3,58561.2
2025-08-22 08:00:00+00:00,58391.2,59039.3
2025-08-22 08:15:00+00:00,58420.3,58391.2
2025-08-22 08:30:00+00:00,57648.4,58420.3
2025-08-22 08:45:00+00:00,57905.5,57648.4
2025-08-22 09:00:00+00:00,57276.1,57905.5
2025-08-22 09:15:00+00:00,57779.8,57276.1
2025-08-22 09:30:00+00:00,58093.3,57779.8
2025-08-22 09:45:00+00:00,58060.2,58093.3
2025-08-22 10:00:00+00:00,57473.3,58060.2
2025-08-22 10:15:00+00:00,56956.1,57473.3
2025-08-22 10:30:00+00:00,56880.5,56956.1
2025-08-22 10:45:00+00:00,56323.9,56880.5
2025-08-22 11:00:00+00:00,55770.3,56323.9
2025-08-22 11:15:00+00:00,55410.0,55770.3
2025-08-22 11:30:00+00:00,54536.1,55410.0
2025-08-22 11:45:00+00:00,54468.2,54536.1
2025-08-22 12:00:00+00:00,54505.1,54468.2
2025-08-22 12:15:00+00:00,54643.4,54505.1
2025-08-22 12:30:00+00:00,55123.2,54643.4
2025-08-22 12:45:00+00:00,54979.8,55123.2
2025-08-22 13:00:00+00:00,55015.1,54979.8
2025-08-22 13:15:00+00:00,54509.4,55015.1
2025-08-22 13:30:00+00:00,53898.3,54509.4
2025-08-22 13:45:00+00:00,53487.8,53898.3
2025-08-22 14:00:00+00:00,53562.4,53487.8
2025-08-22 14:15:00+00:00,53397.5,53562.4
2025-08-22 14:30:00+00:00,53319.2,53397.5
2025-08-22 14:45:00+00:00,53270.3,53319.2
2025-08-22 15:00:00+00:00,54272.1,53270.3
2025-08-22 15:15:00+00:00,54509.6,54272.1
2025-08-22 15:30:00+00:00,54744.4,54509.6
2025-08-22 15:45:00+00:00,55155.5,54744.4
2025-08-22 16:00:00+00:00,54831.4,55155.5
2025-08-22 16:15:00+00:00,54996.7,54831.4
2025-08-22 16:30:00+00:00,55053.8,54996.7
2025-08-22 16:45:00+00:00,54807.4,55053.8
2025-08-22 17:00:00+00:00,54789.8,54807.4
2025-08-22 17:15:00+00:00,54082.6,54789.8
2025-08-22 17:30:00+00:00,53815.4,54082.6
2025-08-22 17:45:00+00:00,53355.6,53815.4
2025-08-22 18:00:00+00:00,52918.5,53355.6
2025-08-22 18:15:00+00:00,52527.1,52918.5
2025-08-22 18:30:00+00:00,52342.6,52527.1
2025-08-22 18:45:00+00:00,52305.9,52342.6
2025-08-22 19:00:00+00:00,51500.5,52305.9
2025-08-22 19:15:00+00:00,50886.2,51500.5
2025-08-22 19:30:00+00:00,49787.4,50886.2
2025-08-22 19:45:00+00:00,49172.9,49787.4
2025-08-22 20:00:00+00:00,47985.9,49172.9
2025-08-22 20:15:00+00:00,47232.1,47985.9
2025-08-22 20:30:00+00:00,46638.0,47232.1
2025-08-22 20:45:00+00:00,46124.5,46638.0
2025-08-22 21:00:00+00:00,44769.2,46124.5
2025-08-22 21:15:00+00:00,43976.8,44769.2
2025-08-22 21:30:00+00:00,43310.3,43976.8
2025-08-22 21:45:00+00:00,42988.5,43310.3
2025-08-22 22:00:00+00:00,42690.4,42988.5
2025-08-22 22:15:00+00:00,42185.6,42690.4
2025-08-22 22:30:00+00:00,41710.1,42185.6
2025-08-22 22:45:00+00:00,41613.3,41710.1
2025-08-22 23:00:00+00:00,41287.5,41613.3
2025-08-22 23:15:00+00:00,40938.8,41287.5
2025-08-22 23:30:00+00:00,40180.6,40938.8
2025-08-22 23:45:00+00:00,39884.9,40180.6
2025-08-23 00:00:00+00:00,38977.0,39884.9
2025-08-23 00:15:00+00:00,38331.0,38977.0
2025-08-23 00:30:00+00:00,38015.5,38331.0
2025-08-23 00:45:00+00:00,37962.1,38015.5
2025-08-23 01:00:00+00:00,37550.7,37962.1
2025-08-23 01:15:00+00:00,37797.7,37550.7
2025-08-23 01:30:00+00:00,37733.3,37797.7
2025-08-23 01:45:00+00:00,37140.6,37733.3
2025-08-23 02:00:00+00:00,36889.6,37140.6
2025-08-23 02:15:00+00:00,36955.7,36889.6
2025-08-23 02:30:00+00:00,36951.5,36955.7
2025-08-23 02:45:00+00:00,37205.3,36951.5
2025-08-23 03:00:00+00:00,37256.3,37205.3
2025-08-23 03:15:00+00:00,37310.6,37256.3
2025-08-23 03:30:00+00:00,37648.9,37310.6
2025-08-23 03:45:00+00:00,37843.7,37648.9
2025-08-23 04:00:00+00:00,38693.9,37843.7
2025-08-23 04:15:00+00:00,39358.8,38693.9
2025-08-23 04:30:00+00:00,39877.0,39358.8
2025-08-23 04:45:00+00:00,40382.6,39877.0
2025-08-23 05:00:00+00:00,41518.8,40382.6
2025-08-23 05:15:00+00:00,41977.9,41518.8
2025-08-23 05:30:00+00:00,42635.7,41977.9
2025-08-23 05:45:00+00:00,43515.2,42635.7
2025-08-23 06:00:00+00:00,44026.2,43515.2
2025-08-23 06:15:00+00:00,45192.6,44026.2
2025-08-23 06:30:00+00:00,45298.8,45192.6
2025-08-23 06:45:00+00:00,45582.7,45298.8
2025-08-23 07:00:00+00:00,45849.5,45582.7
2025-08-23 07:15:00+00:00,46116.4,45849.5
2025-08-23 07:30:00+00:00,46788.7,46116.4
2025-08-23 07:45:00+00:00,47539.1,46788.7
2025-08-23 08:00:00+00:00,47901.7,47539.1
2025-08-23 08:15:00+00:00,48291.6,47901.7
2025-08-23 08:30:00+00:00,48585.1,48291.6
2025-08-23 08:45:00+00:00,48560.3,48585.1
2025-08-23 09:00:00+00:00,48611.8,48560.3
2025-08-23 09:15:00+00:00,48506.2,48611.8
2025-08-23 09:30:00+00:00,48641.6,48506.2
2025-08-23 09:45:00+00:00,48564.8,48641.6
2025-08-23 10:00:00+00:00,48641.8,48564.8
2025-08-23 10:15:00+00:00,48368.3,48641.8
2025-08-23 10:30:00+00:00,47782.5,48368.3
2025-08-23 10:45:00+00:00,46924.8,47782.5
2025-08-23 11:00:00+00:00,46402.5,46924.8
2025-08-23 11:15:00+00:00,45980.6,46402.5
2025-08-23 11:30:00+00:00,45395.1,45980.6
2025-08-23 11:45:00+00:00,45084.1,45395.1
2025-08-23 12:00:00+00:00,44875.9,45084.1
2025-08-23 12:15:00+00:00,44230.9,44875.9
2025-08-23 12:30:00+00:00,43829.5,44230.9
2025-08-23 12:45:00+00:00,43971.0,43829.5
2025-08-23 13:00:00+00:00,44424.7,43971.0
2025-08-23 13:15:00+00:00,44354.5,44424.7
2025-08-23 13:30:00+00:00,44304.0,44354.5
2025-08-23 13:45:00+00:00,44126.9,44304.0
2025-08-23 14:00:00+00:00,44519.4,44126.9
2025-08-23 14:15:00+00:00,44458.0,44519.4
2025-08-23 14:30:00+00:00,44538.0,44458.0
2025-08-23 14:45:00+00:00,44459.8,44538.0
2025-08-23 15:00:00+00:00,45760.4,44459.8
2025-08-23 15:15:00+00:00,45249.6,45760.4
2025-08-23 15:30:00+00:00,45728.7,45249.6
2025-08-23 15:45:00+00:00,46749.1,45728.7
2025-08-23 16:00:00+00:00,47570.8,46749.1
2025-08-23 16:15:00+00:00,47600.5,47570.8
2025-08-23 16:30:00+00:00,47925.0,47600.5
2025-08-23 16:45:00+00:00,48142.7,47925.0
2025-08-23 17:00:00+00:00,48541.4,48142.7
2025-08-23 17:15:00+00:00,48226.9,48541.4
2025-08-23 17:30:00+00:00,48214.2,48226.9
2025-08-23 17:45:00+00:00,48095.6,48214.2
2025-08-23 18:00:00+00:00,47672.9,48095.6
2025-08-23 18:15:00+00:00,47093.7,47672.9
2025-08-23 18:30:00+00:00,47269.8,47093.7
2025-08-23 18:45:00+00:00,47532.6,47269.8
2025-08-23 19:00:00+00:00,46968.8,47532.6
2025-08-23 19:15:00+00:00,46408.5,46968.8
2025-08-23 19:30:00+00:00,46047.5,46408.5
2025-08-23 19:45:00+00:00,45682.1,46047.5
2025-08-23 20:00:00+00:00,44945.3,45682.1
2025-08-23 20:15:00+00:00,44352.7,44945.3
2025-08-23 20:30:00+00:00,44014.1,44352.7
2025-08-23 20:45:00+00:00,43285.9,44014.1
2025-08-23 21:00:00+00:00,42631.7,43285.9
2025-08-23 21:15:00+00:00,42065.7,42631.7
2025-08-23 21:30:00+00:00,41301.9,42065.7
2025-08-23 21:45:00+00:00,40992.0,41301.9
2025-08-23 22:00:00+00:00,39848.5,40992.0
2025-08-23 22:15:00+00:00,39602.8,39848.5
2025-08-23 22:30:00+00:00,39285.3,39602.8
2025-08-23 22:45:00+00:00,38426.2,39285.3
2025-08-23 23:00:00+00:00,37591.1,38426.2
2025-08-23 23:15:00+00:00,36740.3,37591.1
2025-08-23 23:30:00+00:00,36533.0,36740.3
2025-08-23 23:45:00+00:00,35950.1,36533.0
2025-08-24 00:00:00+00:00,35271.0,35950.1
2025-08-24 00:15:00+00:00,35397.9,35271.0
2025-08-24 00:30:00+00:00,34888.5,35397.9
2025-08-24 00:45:00+00:00,34754.2,34888.5
2025-08-24 01:00:00+00:00,34378.6,34754.2
2025-08-24 01:15:00+00:00,34119.2,34378.6
2025-08-24 01:30:00+00:00,33924.0,34119.2
2025-08-24 01:45:00+00:00,33840.0,33924.0
2025-08-24 02:00:00+00:00,33970.7,33840.0
2025-08-24 02:15:00+00:00,33678.2,33970.7
2025-08-24 02:30:00+00:00,33816.2,33678.2
2025-08-24 02:45:00+00:00,34036.9,33816.2
2025-08-24 03:00:00+00:00,34070.2,34036.9
2025-08-24 03:15:00+00:00,34103.4,34070.2
2025-08-24 03:30:00+00:00,34324.8,34103.4
2025-08-24 03:45:00+00:00,34285.4,34324.8
2025-08-24 04:00:00+00:00,35233.6,34285.4
2025-08-24 04:15:00+00:00,35227.8,35233.6
2025-08-24 04:30:00+00:00,35625.7,35227.8
2025-08-24 04:45:00+00:00,35944.4,35625.7
2025-08-24 05:00:00+00:00,36274.8,35944.4
2025-08-24 05:15:00+00:00,36881.8,36274.8
2025-08-24 05:30:00+00:00,37515.1,36881.8
2025-08-24 05:45:00+00:00,38111.4,37515.1
2025-08-24 06:00:00+00:00,37694.6,38111.4
2025-08-24 06:15:00+00:00,38423.4,37694.6
2025-08-24 06:30:00+00:00,39573.5,38423.4
2025-08-24 06:45:00+00:00,39914.2,39573.5
2025-08-24 07:00:00+00:00,40411.8,39914.2
2025-08-24 07:15:00+00:00,40967.6,40411.8
2025-08-24 07:30:00+00:00,41613.5,40967.6
2025-08-24 07:45:00+00:00,42372.2,41613.5
2025-08-24 08:00:00+00:00,41658.4,42372.2
2025-08-24 08:15:00+00:00,41785.0,41658.4
2025-08-24 08:30:00+00:00,42046.1,41785.0
2025-08-24 08:45:00+00:00,42135.5,42046.1
2025-08-24 09:00:00+00:00,42410.5,42135.5
2025-08-24 09:15:00+00:00,42853.8,42410.5
2025-08-24 09:30:00+00:00,43187.6,42853.8
2025-08-24 09:45:00+00:00,43105.1,43187.6
2025-08-24 10:00:00+00:00,42922.6,43105.1
2025-08-24 10:15:00+00:00,42663.0,42922.6
2025-08-24 10:30:00+00:00,42520.0,42663.0
2025-08-24 10:45:00+00:00,41602.2,42520.0
2025-08-24 11:00:00+00:00,41815.5,41602.2
2025-08-24 11:15:00+00:00,41647.5,41815.5
2025-08-24 11:30:00+00:00,41077.3,41647.5
2025-08-24 11:45:00+00:00,40384.3,41077.3
2025-08-24 12:00:00+00:00,40285.8,40384.3
2025-08-24 12:15:00+00:00,40175.9,40285.8
2025-08-24 12:30:00+00:00,39898.0,40175.9
2025-08-24 12:45:00+00:00,39878.5,39898.0
2025-08-24 13:00:00+00:00,40275.2,39878.5
2025-08-24 13:15:00+00:00,39687.5,40275.2
2025-08-24 13:30:00+00:00,39422.6,39687.5
2025-08-24 13:45:00+00:00,39655.6,39422.6
2025-08-24 14:00:00+00:00,41228.7,39655.6
2025-08-24 14:15:00+00:00,40905.3,41228.7
2025-08-24 14:30:00+00:00,41173.4,40905.3
2025-08-24 14:45:00+00:00,41056.4,41173.4
2025-08-24 15:00:00+00:00,42094.7,41056.4
2025-08-24 15:15:00+00:00,42327.3,42094.7
2025-08-24 15:30:00+00:00,42755.6,42327.3
2025-08-24 15:45:00+00:00,43530.1,42755.6
2025-08-24 16:00:00+00:00,44353.2,43530.1
2025-08-24 16:15:00+00:00,44332.3,44353.2
2025-08-24 16:30:00+00:00,44958.5,44332.3
2025-08-24 16:45:00+00:00,45379.8,44958.5
2025-08-24 17:00:00+00:00,46249.6,45379.8
2025-08-24 17:15:00+00:00,45946.8,46249.6
2025-08-24 17:30:00+00:00,46308.0,45946.8
2025-08-24 17:45:00+00:00,46013.3,46308.0
2025-08-24 18:00:00+00:00,46268.3,46013.3
2025-08-24 18:15:00+00:00,46135.8,46268.3
2025-08-24 18:30:00+00:00,46499.4,46135.8
2025-08-24 18:45:00+00:00,46525.4,46499.4
2025-08-24 19:00:00+00:00,46460.0,46525.4
2025-08-24 19:15:00+00:00,45861.7,46460.0
2025-08-24 19:30:00+00:00,45455.6,45861.7
2025-08-24 19:45:00+00:00,45278.8,45455.6
2025-08-24 20:00:00+00:00,44845.0,45278.8
2025-08-24 20:15:00+00:00,44367.6,44845.0
2025-08-24 20:30:00+00:00,44066.0,44367.6
2025-08-24 20:45:00+00:00,43343.3,44066.0
2025-08-24 21:00:00+00:00,42410.9,43343.3
2025-08-24 21:15:00+00:00,42013.4,42410.9
2025-08-24 21:30:00+00:00,41560.3,42013.4
2025-08-24 21:45:00+00:00,41661.1,41560.3
2025-08-24 22:00:00+00:00,40549.6,41661.1
2025-08-24 22:15:00+00:00,40189.7,40549.6
2025-08-24 22:30:00+00:00,40116.9,40189.7
2025-08-24 22:45:00+00:00,39602.3,40116.9
2025-08-24 23:00:00+00:00,38770.6,39602.3
2025-08-24 23:15:00+00:00,38410.8,38770.6
2025-08-24 23:30:00+00:00,38116.0,38410.8
2025-08-24 23:45:00+00:00,37464.2,38116.0
2025-08-25 00:00:00+00:00,37420.4,37464.2
2025-08-25 00:15:00+00:00,37214.8,37420.4
2025-08-25 00:30:00+00:00,37246.5,37214.8
2025-08-25 00:45:00+00:00,37201.9,37246.5
2025-08-25 01:00:00+00:00,37121.7,37201.9
2025-08-25 01:15:00+00:00,37229.1,37121.7
2025-08-25 01:30:00+00:00,37329.2,37229.1
2025-08-25 01:45:00+00:00,37560.7,37329.2
2025-08-25 02:00:00+00:00,38246.6,37560.7
2025-08-25 02:15:00+00:00,38390.9,38246.6
2025-08-25 02:30:00+00:00,38769.4,38390.9
2025-08-25 02:45:00+00:00,39567.0,38769.4
2025-08-25 03:00:00+00:00,40976.0,39567.0
2025-08-25 03:15:00+00:00,41806.7,40976.0
2025-08-25 03:30:00+00:00,43075.9,41806.7
2025-08-25 03:45:00+00:00,44766.1,43075.9
2025-08-25 04:00:00+00:00,47769.6,44766.1
2025-08-25 04:15:00+00:00,49371.6,47769.6
2025-08-25 04:30:00+00:00,50633.3,49371.6
2025-08-25 04:45:00+00:00,51738.0,50633.3
2025-08-25 05:00:00+00:00,53314.7,51738.0
2025-08-25 05:15:00+00:00,54073.0,53314.7
2025-08-25 05:30:00+00:00,54802.2,54073.0
2025-08-25 05:45:00+00:00,55690.1,54802.2
2025-08-25 06:00:00+00:00,56333.4,55690.1
2025-08-25 06:15:00+00:00,57085.6,56333.4
2025-08-25 06:30:00+00:00,57497.1,57085.6
2025-08-25 06:45:00+00:00,57334.0,57497.1
2025-08-25 07:00:00+00:00,56305.4,57334.0
2025-08-25 07:15:00+00:00,55902.2,56305.4
2025-08-25 07:30:00+00:00,56095.3,55902.2
2025-08-25 07:45:00+00:00,55790.2,56095.3
2025-08-25 08:00:00+00:00,54817.4,55790.2
2025-08-25 08:15:00+00:00,54683.6,54817.4
2025-08-25 08:30:00+00:00,54549.8,54683.6
2025-08-25 08:45:00+00:00,54527.7,54549.8
2025-08-25 09:00:00+00:00,54201.0,54527.7
2025-08-25 09:15:00+00:00,54145.8,54201.0
2025-08-25 09:30:00+00:00,53882.2,54145.8
2025-08-25 09:45:00+00:00,53840.9,53882.2
2025-08-25 10:00:00+00:00,53866.8,53840.9
2025-08-25 10:15:00+00:00,53399.7,53866.8
2025-08-25 10:30:00+00:00,53413.2,53399.7
2025-08-25 10:45:00+00:00,53369.1,53413.2
2025-08-25 11:00:00+00:00,53587.4,53369.1
2025-08-25 11:15:00+00:00,52936.5,53587.4
2025-08-25 11:30:00+00:00,52640.0,52936.5
2025-08-25 11:45:00+00:00,52023.5,52640.0
2025-08-25 12:00:00+00:00,51657.6,52023.5
2025-08-25 12:15:00+00:00,51444.5,51657.6
2025-08-25 12:30:00+00:00,51198.1,51444.5
2025-08-25 12:45:00+00:00,51075.5,51198.1
2025-08-25 13:00:00+00:00,51844.5,51075.5
2025-08-25 13:15:00+00:00,51428.0,51844.5
2025-08-25 13:30:00+00:00,51146.3,51428.0
2025-08-25 13:45:00+00:00,50984.3,51146.3
2025-08-25 14:00:00+00:00,51802.3,50984.3
2025-08-25 14:15:00+00:00,51318.5,51802.3
2025-08-25 14:30:00+00:00,51420.5,51318.5
2025-08-25 14:45:00+00:00,51319.3,51420.5
2025-08-25 15:00:00+00:00,52054.5,51319.3
2025-08-25 15:15:00+00:00,52272.8,52054.5
2025-08-25 15:30:00+00:00,52851.2,52272.8
2025-08-25 15:45:00+00:00,53357.1,52851.2
2025-08-25 16:00:00+00:00,54181.9,53357.1
2025-08-25 16:15:00+00:00,54145.7,54181.9
2025-08-25 16:30:00+00:00,54321.0,54145.7
2025-08-25 16:45:00+00:00,54586.1,54321.0
2025-08-25 17:00:00+00:00,55014.3,54586.1
2025-08-25 17:15:00+00:00,54387.2,55014.3
2025-08-25 17:30:00+00:00,54386.7,54387.2
2025-08-25 17:45:00+00:00,54553.1,54386.7
2025-08-25 18:00:00+00:00,54209.2,54553.1
2025-08-25 18:15:00+00:00,53836.4,54209.2
2025-08-25 18:30:00+00:00,53845.1,53836.4
2025-08-25 18:45:00+00:00,53428.2,53845.1
2025-08-25 19:00:00+00:00,53176.2,53428.2
2025-08-25 19:15:00+00:00,52373.6,53176.2
2025-08-25 19:30:00+00:00,51228.6,52373.6
2025-08-25 19:45:00+00:00,50278.3,51228.6
2025-08-25 20:00:00+00:00,49306.6,50278.3
2025-08-25 20:15:00+00:00,48547.1,49306.6
2025-08-25 20:30:00+00:00,47324.0,48547.1
2025-08-25 20:45:00+00:00,46349.5,47324.0
2025-08-25 21:00:00+00:00,45268.8,46349.5
2025-08-25 21:15:00+00:00,44444.2,45268.8
2025-08-25 21:30:00+00:00,44011.5,44444.2
2025-08-25 21:45:00+00:00,43681.9,44011.5
2025-08-25 22:00:00+00:00,42201.8,43681.9
2025-08-25 22:15:00+00:00,42119.3,42201.8
2025-08-25 22:30:00+00:00,41485.0,42119.3
2025-08-25 22:45:00+00:00,41296.8,41485.0
2025-08-25 23:00:00+00:00,40669.2,41296.8
2025-08-25 23:15:00+00:00,40267.1,40669.2
2025-08-25 23:30:00+00:00,39955.9,40267.1
2025-08-25 23:45:00+00:00,39716.7,39955.9
2025-08-26 00:00:00+00:00,39570.2,39716.7
2025-08-26 00:15:00+00:00,39823.3,39570.2
2025-08-26 00:30:00+00:00,39698.6,39823.3
2025-08-26 00:45:00+00:00,39281.1,39698.6
2025-08-26 01:00:00+00:00,39376.9,39281.1
2025-08-26 01:15:00+00:00,39178.5,39376.9
2025-08-26 01:30:00+00:00,39531.0,39178.5
2025-08-26 01:45:00+00:00,39665.6,39531.0
2025-08-26 02:00:00+00:00,40015.9,39665.6
2025-08-26 02:15:00+00:00,40051.0,40015.9
2025-08-26 02:30:00+00:00,40479.7,40051.0
2025-08-26 02:45:00+00:00,40967.6,40479.7
2025-08-26 03:00:00+00:00,42348.3,40967.6
2025-08-26 03:15:00+00:00,43061.7,42348.3
2025-08-26 03:30:00+00:00,44442.3,43061.7
2025-08-26 03:45:00+00:00,45943.2,44442.3
2025-08-26 04:00:00+00:00,48485.5,45943.2
2025-08-26 04:15:00+00:00,49684.6,48485.5
2025-08-26 04:30:00+00:00,50869.4,49684.6
2025-08-26 04:45:00+00:00,51412.4,50869.4
2025-08-26 05:00:00+00:00,52869.4,51412.4
2025-08-26 05:15:00+00:00,53992.0,52869.4
2025-08-26 05:30:00+00:00,54901.8,53992.0
2025-08-26 05:45:00+00:00,55561.9,54901.8
2025-08-26 06:00:00+00:00,56391.6,55561.9
2025-08-26 06:15:00+00:00,57258.8,56391.6
2025-08-26 06:30:00+00:00,57820.1,57258.8
2025-08-26 06:45:00+00:00,57835.9,57820.1
2025-08-26 07:00:00+00:00,57721.8,57835.9
2025-08-26 07:15:00+00:00,58124.7,57721.8
2025-08-26 07:30:00+00:00,58703.5,58124.7
2025-08-26 07:45:00+00:00,58034.5,58703.5
2025-08-26 08:00:00+00:00,56383.5,58034.5
2025-08-26 08:15:00+00:00,55816.4,56383.5
2025-08-26 08:30:00+00:00,55862.2,55816.4
2025-08-26 08:45:00+00:00,55736.8,55862.2
2025-08-26 09:00:00+00:00,55778.2,55736.8
2025-08-26 09:15:00+00:00,55804.2,55778.2
2025-08-26 09:30:00+00:00,55521.2,55804.2
2025-08-26 09:45:00+00:00,55618.6,55521.2
2025-08-26 10:00:00+00:00,54518.0,55618.6
2025-08-26 10:15:00+00:00,54221.6,54518.0
2025-08-26 10:30:00+00:00,53981.8,54221.6
2025-08-26 10:45:00+00:00,53959.6,53981.8
2025-08-26 11:00:00+00:00,53733.9,53959.6
2025-08-26 11:15:00+00:00,53201.3,53733.9
2025-08-26 11:30:00+00:00,53051.9,53201.3
2025-08-26 11:45:00+00:00,52702.8,53051.9
2025-08-26 12:00:00+00:00,52826.5,52702.8
2025-08-26 12:15:00+00:00,52300.3,52826.5
2025-08-26 12:30:00+00:00,51816.2,52300.3
2025-08-26 12:45:00+00:00,51532.2,51816.2
2025-08-26 13:00:00+00:00,52859.2,51532.2
2025-08-26 13:15:00+00:00,52176.3,52859.2
2025-08-26 13:30:00+00:00,51931.4,52176.3
2025-08-26 13:45:00+00:00,51729.8,51931.4
2025-08-26 14:00:00+00:00,52123.1,51729.8
2025-08-26 14:15:00+00:00,52349.3,52123.1
2025-08-26 14:30:00+00:00,52166.2,52349.3
2025-08-26 14:45:00+00:00,52804.6,52166.2
2025-08-26 15:00:00+00:00,54197.1,52804.6
2025-08-26 15:15:00+00:00,54213.0,54197.1
2025-08-26 15:30:00+00:00,54210.1,54213.0
2025-08-26 15:45:00+00:00,54731.2,54210.1
2025-08-26 16:00:00+00:00,55146.6,54731.2
2025-08-26 16:15:00+00:00,55143.2,55146.6
2025-08-26 16:30:00+00:00,55616.6,55143.2
2025-08-26 16:45:00+00:00,55457.0,55616.6
2025-08-26 17:00:00+00:00,55717.9,55457.0
2025-08-26 17:15:00+00:00,54975.0,55717.9
2025-08-26 17:30:00+00:00,54956.7,54975.0
2025-08-26 17:45:00+00:00,54634.6,54956.7
2025-08-26 18:00:00+00:00,54265.0,54634.6
2025-08-26 18:15:00+00:00,54270.1,54265.0
2025-08-26 18:30:00+00:00,54245.8,54270.1
2025-08-26 18:45:00+00:00,54088.1,54245.8
2025-08-26 19:00:00+00:00,53278.8,54088.1
2025-08-26 19:15:00+00:00,52100.5,53278.8
2025-08-26 19:30:00+00:00,51864.5,52100.5
2025-08-26 19:45:00+00:00,50695.1,51864.5
2025-08-26 20:00:00+00:00,49326.7,50695.1
2025-08-26 20:15:00+00:00,48059.1,49326.7
2025-08-26 20:30:00+00:00,46937.8,48059.1
2025-08-26 20:45:00+00:00,45861.9,46937.8
2025-08-26 21:00:00+00:00,44880.9,45861.9
2025-08-26 21:15:00+00:00,44146.5,44880.9
2025-08-26 21:30:00+00:00,43268.5,44146.5
2025-08-26 21:45:00+00:00,42842.0,43268.5
2025-08-26 22:00:00+00:00,42254.9,42842.0
2025-08-26 22:15:00+00:00,41380.2,42254.9
2025-08-26 22:30:00+00:00,41268.9,41380.2
2025-08-26 22:45:00+00:00,41281.8,41268.9
2025-08-26 23:00:00+00:00,40713.6,41281.8
2025-08-26 23:15:00+00:00,40444.5,40713.6
2025-08-26 23:30:00+00:00,40310.8,40444.5
2025-08-26 23:45:00+00:00,39860.8,40310.8
2025-08-27 00:00:00+00:00,39239.1,39860.8
2025-08-27 00:15:00+00:00,39167.8,39239.1
2025-08-27 00:30:00+00:00,39392.0,39167.8
2025-08-27 00:45:00+00:00,39300.2,39392.0
2025-08-27 01:00:00+00:00,39286.1,39300.2
2025-08-27 01:15:00+00:00,39150.9,39286.1
2025-08-27 01:30:00+00:00,39319.7,39150.9
2025-08-27 01:45:00+00:00,39438.9,39319.7
2025-08-27 02:00:00+00:00,40069.0,39438.9
2025-08-27 02:15:00+00:00,40373.5,40069.0
2025-08-27 02:30:00+00:00,40929.8,40373.5
2025-08-27 02:45:00+00:00,41003.7,40929.8
2025-08-27 03:00:00+00:00,42196.3,41003.7
2025-08-27 03:15:00+00:00,43231.3,42196.3
2025-08-27 03:30:00+00:00,44158.4,43231.3
2025-08-27 03:45:00+00:00,45331.0,44158.4
2025-08-27 04:00:00+00:00,48340.3,45331.0
2025-08-27 04:15:00+00:00,50017.2,48340.3
2025-08-27 04:30:00+00:00,51039.8,50017.2
2025-08-27 04:45:00+00:00,52039.3,51039.8
2025-08-27 05:00:00+00:00,53442.3,52039.3
2025-08-27 05:15:00+00:00,54524.1,53442.3
2025-08-27 05:30:00+00:00,55465.0,54524.1
2025-08-27 05:45:00+00:00,56268.9,55465.0
2025-08-27 06:00:00+00:00,56811.6,56268.9
2025-08-27 06:15:00+00:00,57421.5,56811.6
2025-08-27 06:30:00+00:00,58219.1,57421.5
2025-08-27 06:45:00+00:00,58455.7,58219.1
2025-08-27 07:00:00+00:00,58636.2,58455.7
2025-08-27 07:15:00+00:00,59228.0,58636.2
2025-08-27 07:30:00+00:00,59663.8,59228.0
2025-08-27 07:45:00+00:00,60162.1,59663.8
2025-08-27 08:00:00+00:00,59461.6,60162.1
2025-08-27 08:15:00+00:00,59202.0,59461.6
2025-08-27 08:30:00+00:00,59491.5,59202.0
2025-08-27 08:45:00+00:00,59345.7,59491.5
2025-08-27 09:00:00+00:00,59277.1,59345.7
2025-08-27 09:15:00+00:00,59093.2,59277.1
2025-08-27 09:30:00+00:00,59238.4,59093.2
2025-08-27 09:45:00+00:00,59125.8,59238.4
2025-08-27 10:00:00+00:00,57847.9,59125.8
2025-08-27 10:15:00+00:00,58046.9,57847.9
2025-08-27 10:30:00+00:00,58333.4,58046.9
2025-08-27 10:45:00+00:00,58817.6,58333.4
2025-08-27 11:00:00+00:00,58434.6,58817.6
2025-08-27 11:15:00+00:00,58253.0,58434.6
2025-08-27 11:30:00+00:00,58020.0,58253.0
2025-08-27 11:45:00+00:00,57567.2,58020.0
2025-08-27 12:00:00+00:00,57575.4,57567.2
2025-08-27 12:15:00+00:00,57103.4,57575.4
2025-08-27 12:30:00+00:00,56729.6,57103.4
2025-08-27 12:45:00+00:00,56172.2,56729.6
2025-08-27 13:00:00+00:00,56434.3,56172.2
2025-08-27 13:15:00+00:00,56270.6,56434.3
2025-08-27 13:30:00+00:00,55992.2,56270.6
2025-08-27 13:45:00+00:00,56480.3,55992.2
2025-08-27 14:00:00+00:00,56274.7,56480.3
2025-08-27 14:15:00+00:00,56181.4,56274.7
2025-08-27 14:30:00+00:00,55673.0,56181.4
2025-08-27 14:45:00+00:00,55279.7,55673.0
2025-08-27 15:00:00+00:00,55793.5,55279.7
2025-08-27 15:15:00+00:00,55428.2,55793.5
2025-08-27 15:30:00+00:00,55963.1,55428.2
2025-08-27 15:45:00+00:00,56230.2,55963.1
2025-08-27 16:00:00+00:00,56524.1,56230.2
2025-08-27 16:15:00+00:00,56479.2,56524.1
2025-08-27 16:30:00+00:00,56950.0,56479.2
2025-08-27 16:45:00+00:00,57109.2,56950.0
2025-08-27 17:00:00+00:00,57047.5,57109.2
2025-08-27 17:15:00+00:00,56743.7,57047.5
2025-08-27 17:30:00+00:00,56817.9,56743.7
2025-08-27 17:45:00+00:00,56669.6,56817.9
2025-08-27 18:00:00+00:00,56086.2,56669.6
2025-08-27 18:15:00+00:00,55422.0,56086.2
2025-08-27 18:30:00+00:00,55138.8,55422.0
2025-08-27 18:45:00+00:00,54479.0,55138.8
2025-08-27 19:00:00+00:00,53733.0,54479.0
2025-08-27 19:15:00+00:00,53053.2,53733.0
2025-08-27 19:30:00+00:00,52331.1,53053.2
2025-08-27 19:45:00+00:00,51505.0,52331.1
2025-08-27 20:00:00+00:00,49945.9,51505.0
2025-08-27 20:15:00+00:00,49167.4,49945.9
2025-08-27 20:30:00+00:00,48698.0,49167.4
2025-08-27 20:45:00+00:00,47940.1,48698.0
2025-08-27 21:00:00+00:00,47074.3,47940.1
2025-08-27 21:15:00+00:00,46440.0,47074.3
2025-08-27 21:30:00+00:00,45657.3,46440.0
2025-08-27 21:45:00+00:00,44799.1,45657.3
2025-08-27 22:00:00+00:00,44267.3,44799.1
2025-08-27 22:15:00+00:00,43372.6,44267.3
2025-08-27 22:30:00+00:00,43350.1,43372.6
2025-08-27 22:45:00+00:00,43445.6,43350.1
2025-08-27 23:00:00+00:00,42435.0,43445.6
2025-08-27 23:15:00+00:00,41928.2,42435.0
2025-08-27 23:30:00+00:00,41413.2,41928.2
2025-08-27 23:45:00+00:00,41537.6,41413.2
2025-08-28 00:00:00+00:00,41174.6,41537.6
2025-08-28 00:15:00+00:00,41044.6,41174.6
2025-08-28 00:30:00+00:00,40817.1,41044.6
2025-08-28 00:45:00+00:00,40657.6,40817.1
2025-08-28 01:00:00+00:00,40401.6,40657.6
2025-08-28 01:15:00+00:00,40335.0,40401.6
2025-08-28 01:30:00+00:00,40527.4,40335.0
2025-08-28 01:45:00+00:00,40594.8,40527.4
2025-08-28 02:00:00+00:00,41183.5,40594.8
2025-08-28 02:15:00+00:00,41330.6,41183.5
2025-08-28 02:30:00+00:00,42101.1,41330.6
2025-08-28 02:45:00+00:00,42548.1,42101.1
2025-08-28 03:00:00+00:00,44382.8,42548.1
2025-08-28 03:15:00+00:00,44244.5,44382.8
2025-08-28 03:30:00+00:00,45048.6,44244.5
2025-08-28 03:45:00+00:00,46726.6,45048.6
2025-08-28 04:00:00+00:00,49468.6,46726.6
2025-08-28 04:15:00+00:00,51112.9,49468.6
2025-08-28 04:30:00+00:00,52061.1,51112.9
2025-08-28 04:45:00+00:00,53071.7,52061.1
2025-08-28 05:00:00+00:00,54562.6,53071.7
2025-08-28 05:15:00+00:00,55720.7,54562.6
2025-08-28 05:30:00+00:00,56562.0,55720.7
2025-08-28 05:45:00+00:00,57280.1,56562.0
2025-08-28 06:00:00+00:00,57956.9,57280.1
2025-08-28 06:15:00+00:00,58584.9,57956.9
2025-08-28 06:30:00+00:00,59030.2,58584.9
2025-08-28 06:45:00+00:00,59451.0,59030.2
2025-08-28 07:00:00+00:00,59456.3,59451.0
2025-08-28 07:15:00+00:00,59673.1,59456.3
2025-08-28 07:30:00+00:00,59942.7,59673.1
2025-08-28 07:45:00+00:00,60591.4,59942.7
2025-08-28 08:00:00+00:00,60778.1,60591.4
2025-08-28 08:15:00+00:00,61345.6,60778.1
2025-08-28 08:30:00+00:00,61417.2,61345.6
2025-08-28 08:45:00+00:00,61516.9,61417.2
2025-08-28 09:00:00+00:00,61362.8,61516.9
2025-08-28 09:15:00+00:00,61771.2,61362.8
2025-08-28 09:30:00+00:00,61763.9,61771.2
2025-08-28 09:45:00+00:00,62149.3,61763.9
2025-08-28 10:00:00+00:00,62017.2,62149.3
2025-08-28 10:15:00+00:00,61821.9,62017.2
2025-08-28 10:30:00+00:00,61802.7,61821.9
2025-08-28 10:45:00+00:00,61599.0,61802.7
2025-08-28 11:00:00+00:00,60857.3,61599.0
2025-08-28 11:15:00+00:00,60673.9,60857.3
2025-08-28 11:30:00+00:00,59955.7,60673.9
2025-08-28 11:45:00+00:00,59084.0,59955.7
2025-08-28 12:00:00+00:00,59298.7,59084.0
2025-08-28 12:15:00+00:00,59073.6,59298.7
2025-08-28 12:30:00+00:00,58201.7,59073.6
2025-08-28 12:45:00+00:00,57354.6,58201.7
2025-08-28 13:00:00+00:00,57512.6,57354.6
2025-08-28 13:15:00+00:00,56946.0,57512.6
2025-08-28 13:30:00+00:00,56970.9,56946.0
2025-08-28 13:45:00+00:00,56377.7,56970.9
2025-08-28 14:00:00+00:00,56297.4,56377.7
2025-08-28 14:15:00+00:00,55881.5,56297.4
2025-08-28 14:30:00+00:00,55551.1,55881.5
2025-08-28 14:45:00+00:00,56234.1,55551.1
2025-08-28 15:00:00+00:00,56830.9,56234.1
2025-08-28 15:15:00+00:00,56695.0,56830.9
2025-08-28 15:30:00+00:00,57024.9,56695.0
2025-08-28 15:45:00+00:00,57438.3,57024.9
2025-08-28 16:00:00+00:00,57464.4,57438.3
2025-08-28 16:15:00+00:00,56972.6,57464.4
2025-08-28 16:30:00+00:00,57057.8,56972.6
2025-08-28 16:45:00+00:00,56894.4,57057.8
2025-08-28 17:00:00+00:00,56680.8,56894.4
2025-08-28 17:15:00+00:00,55997.4,56680.8
2025-08-28 17:30:00+00:00,55821.7,55997.4
2025-08-28 17:45:00+00:00,55341.5,55821.7
2025-08-28 18:00:00+00:00,55239.0,55341.5
2025-08-28 18:15:00+00:00,55000.4,55239.0
2025-08-28 18:30:00+00:00,55197.6,55000.4
2025-08-28 18:45:00+00:00,54850.1,55197.6
2025-08-28 19:00:00+00:00,53476.6,54850.1
2025-08-28 19:15:00+00:00,52736.4,53476.6
2025-08-28 19:30:00+00:00,52240.9,52736.4
2025-08-28 19:45:00+00:00,51314.0,52240.9
2025-08-28 20:00:00+00:00,49718.2,51314.0
2025-08-28 20:15:00+00:00,48933.6,49718.2
2025-08-28 20:30:00+00:00,48004.6,48933.6
2025-08-28 20:45:00+00:00,47233.2,48004.6
2025-08-28 21:00:00+00:00,45946.9,47233.2
2025-08-28 21:15:00+00:00,45203.5,45946.9
2025-08-28 21:30:00+00:00,44651.2,45203.5
2025-08-28 21:45:00+00:00,44173.6,44651.2
2025-08-28 22:00:00+00:00,43578.4,44173.6
2025-08-28 22:15:00+00:00,42906.1,43578.4
2025-08-28 22:30:00+00:00,42073.4,42906.1
2025-08-28 22:45:00+00:00,41657.8,42073.4
2025-08-28 23:00:00+00:00,41663.1,41657.8
2025-08-28 23:15:00+00:00,41435.4,41663.1
2025-08-28 23:30:00+00:00,41283.1,41435.4
2025-08-28 23:45:00+00:00,41143.5,41283.1
2025-08-29 00:00:00+00:00,40772.3,41143.5
2025-08-29 00:15:00+00:00,40405.4,40772.3
2025-08-29 00:30:00+00:00,40329.4,40405.4
2025-08-29 00:45:00+00:00,40457.6,40329.4
2025-08-29 01:00:00+00:00,40656.1,40457.6
2025-08-29 01:15:00+00:00,40789.4,40656.1
2025-08-29 01:30:00+00:00,40932.4,40789.4
2025-08-29 01:45:00+00:00,41003.3,40932.4
2025-08-29 02:00:00+00:00,41166.1,41003.3
2025-08-29 02:15:00+00:00,41660.0,41166.1
2025-08-29 02:30:00+00:00,42283.9,41660.0
2025-08-29 02:45:00+00:00,42449.5,42283.9
2025-08-29 03:00:00+00:00,43635.6,42449.5
2025-08-29 03:15:00+00:00,43866.0,43635.6
2025-08-29 03:30:00+00:00,45029.9,43866.0
2025-08-29 03:45:00+00:00,46195.1,45029.9
2025-08-29 04:00:00+00:00,48641.7,46195.1
2025-08-29 04:15:00+00:00,50516.3,48641.7
2025-08-29 04:30:00+00:00,51751.1,50516.3
2025-08-29 04:45:00+00:00,52253.7,51751.1
2025-08-29 05:00:00+00:00,53625.3,52253.7
2025-08-29 05:15:00+00:00,54622.1,53625.3
2025-08-29 05:30:00+00:00,55323.9,54622.1
2025-08-29 05:45:00+00:00,56347.8,55323.9
2025-08-29 06:00:00+00:00,57259.5,56347.8
2025-08-29 06:15:00+00:00,58144.2,57259.5
2025-08-29 06:30:00+00:00,58557.3,58144.2
2025-08-29 06:45:00+00:00,58677.8,58557.3
2025-08-29 07:00:00+00:00,59171.5,58677.8
2025-08-29 07:15:00+00:00,59324.5,59171.5
2025-08-29 07:30:00+00:00,59605.2,59324.5
2025-08-29 07:45:00+00:00,59540.0,59605.2
2025-08-29 08:00:00+00:00,59215.5,59540.0
2025-08-29 08:15:00+00:00,59048.3,59215.5
2025-08-29 08:30:00+00:00,59131.8,59048.3
2025-08-29 08:45:00+00:00,58892.8,59131.8
2025-08-29 09:00:00+00:00,58777.4,58892.8
2025-08-29 09:15:00+00:00,58262.7,58777.4
2025-08-29 09:30:00+00:00,58160.6,58262.7
2025-08-29 09:45:00+00:00,57956.0,58160.6
2025-08-29 10:00:00+00:00,57029.7,57956.0
2025-08-29 10:15:00+00:00,56292.3,57029.7
2025-08-29 10:30:00+00:00,56686.6,56292.3
2025-08-29 10:45:00+00:00,56408.1,56686.6
2025-08-29 11:00:00+00:00,56074.6,56408.1
2025-08-29 11:15:00+00:00,55182.8,56074.6
2025-08-29 11:30:00+00:00,54651.1,55182.8
2025-08-29 11:45:00+00:00,54539.2,54651.1
2025-08-29 12:00:00+00:00,54299.7,54539.2
2025-08-29 12:15:00+00:00,53552.0,54299.7
2025-08-29 12:30:00+00:00,52985.4,53552.0
2025-08-29 12:45:00+00:00,52586.7,52985.4
2025-08-29 13:00:00+00:00,52134.5,52586.7
2025-08-29 13:15:00+00:00,52055.3,52134.5
2025-08-29 13:30:00+00:00,51806.1,52055.3
2025-08-29 13:45:00+00:00,51684.1,51806.1
2025-08-29 14:00:00+00:00,51794.9,51684.1
2025-08-29 14:15:00+00:00,52263.1,51794.9
2025-08-29 14:30:00+00:00,52165.5,52263.1
2025-08-29 14:45:00+00:00,51896.6,52165.5
2025-08-29 15:00:00+00:00,52417.2,51896.6
2025-08-29 15:15:00+00:00,52213.3,52417.2
2025-08-29 15:30:00+00:00,53072.6,52213.3
2025-08-29 15:45:00+00:00,53258.3,53072.6
2025-08-29 16:00:00+00:00,53396.6,53258.3
2025-08-29 16:15:00+00:00,53602.3,53396.6
2025-08-29 16:30:00+00:00,53359.2,53602.3
2025-08-29 16:45:00+00:00,53734.8,53359.2
2025-08-29 17:00:00+00:00,53854.0,53734.8
2025-08-29 17:15:00+00:00,53323.6,53854.0
2025-08-29 17:30:00+00:00,53090.0,53323.6
2025-08-29 17:45:00+00:00,52639.4,53090.0
2025-08-29 18:00:00+00:00,52405.7,52639.4
2025-08-29 18:15:00+00:00,51659.6,52405.7
2025-08-29 18:30:00+00:00,51568.9,51659.6
2025-08-29 18:45:00+00:00,51294.9,51568.9
2025-08-29 19:00:00+00:00,50611.9,51294.9
2025-08-29 19:15:00+00:00,49489.8,50611.9
2025-08-29 19:30:00+00:00,48439.8,49489.8
2025-08-29 19:45:00+00:00,47812.7,48439.8
2025-08-29 20:00:00+00:00,47004.9,47812.7
2025-08-29 20:15:00+00:00,46307.4,47004.9
2025-08-29 20:30:00+00:00,45441.0,46307.4
2025-08-29 20:45:00+00:00,44490.2,45441.0
2025-08-29 21:00:00+00:00,44031.1,44490.2
2025-08-29 21:15:00+00:00,43377.9,44031.1
2025-08-29 21:30:00+00:00,42457.6,43377.9
2025-08-29 21:45:00+00:00,41691.8,42457.6
2025-08-29 22:00:00+00:00,40827.4,41691.8
2025-08-29 22:15:00+00:00,40274.5,40827.4
2025-08-29 22:30:00+00:00,39970.2,40274.5
2025-08-29 22:45:00+00:00,39535.3,39970.2
2025-08-29 23:00:00+00:00,38882.9,39535.3
2025-08-29 23:15:00+00:00,38391.4,38882.9
2025-08-29 23:30:00+00:00,38062.6,38391.4
2025-08-29 23:45:00+00:00,37863.2,38062.6
2025-08-30 00:00:00+00:00,37457.1,37863.2
2025-08-30 00:15:00+00:00,37220.9,37457.1
2025-08-30 00:30:00+00:00,37225.8,37220.9
2025-08-30 00:45:00+00:00,37246.7,37225.8
2025-08-30 01:00:00+00:00,37097.1,37246.7
2025-08-30 01:15:00+00:00,36964.4,37097.1
2025-08-30 01:30:00+00:00,36775.1,36964.4
2025-08-30 01:45:00+00:00,37077.4,36775.1
2025-08-30 02:00:00+00:00,37108.1,37077.4
2025-08-30 02:15:00+00:00,37175.4,37108.1
2025-08-30 02:30:00+00:00,37129.0,37175.4
2025-08-30 02:45:00+00:00,37147.4,37129.0
2025-08-30 03:00:00+00:00,37660.4,37147.4
2025-08-30 03:15:00+00:00,37720.2,37660.4
2025-08-30 03:30:00+00:00,38099.2,37720.2
2025-08-30 03:45:00+00:00,38214.3,38099.2
2025-08-30 04:00:00+00:00,39508.3,38214.3
2025-08-30 04:15:00+00:00,40053.6,39508.3
2025-08-30 04:30:00+00:00,40137.3,40053.6
2025-08-30 04:45:00+00:00,40355.1,40137.3
2025-08-30 05:00:00+00:00,40664.0,40355.1
2025-08-30 05:15:00+00:00,41430.2,40664.0
2025-08-30 05:30:00+00:00,42399.8,41430.2
2025-08-30 05:45:00+00:00,43054.7,42399.8
2025-08-30 06:00:00+00:00,43821.2,43054.7
2025-08-30 06:15:00+00:00,44571.4,43821.2
2025-08-30 06:30:00+00:00,45539.3,44571.4
2025-08-30 06:45:00+00:00,46146.1,45539.3
2025-08-30 07:00:00+00:00,46508.5,46146.1
2025-08-30 07:15:00+00:00,46994.1,46508.5
2025-08-30 07:30:00+00:00,47363.2,46994.1
2025-08-30 07:45:00+00:00,47962.3,47363.2
2025-08-30 08:00:00+00:00,48559.5,47962.3
2025-08-30 08:15:00+00:00,48568.2,48559.5
2025-08-30 08:30:00+00:00,48454.4,48568.2
2025-08-30 08:45:00+00:00,48359.5,48454.4
2025-08-30 09:00:00+00:00,48596.7,48359.5
2025-08-30 09:15:00+00:00,48689.5,48596.7
2025-08-30 09:30:00+00:00,48630.5,48689.5
2025-08-30 09:45:00+00:00,48578.2,48630.5
2025-08-30 10:00:00+00:00,47419.8,48578.2
2025-08-30 10:15:00+00:00,47078.1,47419.8
2025-08-30 10:30:00+00:00,46838.0,47078.1
2025-08-30 10:45:00+00:00,46799.5,46838.0
2025-08-30 11:00:00+00:00,45884.1,46799.5
2025-08-30 11:15:00+00:00,45540.2,45884.1
2025-08-30 11:30:00+00:00,45279.0,45540.2
2025-08-30 11:45:00+00:00,44837.0,45279.0
2025-08-30 12:00:00+00:00,44519.5,44837.0
2025-08-30 12:15:00+00:00,44114.0,44519.5
2025-08-30 12:30:00+00:00,43825.9,44114.0
2025-08-30 12:45:00+00:00,43570.8,43825.9
2025-08-30 13:00:00+00:00,44250.4,43570.8
2025-08-30 13:15:00+00:00,43726.9,44250.4
2025-08-30 13:30:00+00:00,42995.0,43726.9
2025-08-30 13:45:00+00:00,42777.0,42995.0
2025-08-30 14:00:00+00:00,43251.9,42777.0
2025-08-30 14:15:00+00:00,43121.4,43251.9
2025-08-30 14:30:00+00:00,42651.5,43121.4
2025-08-30 14:45:00+00:00,43014.1,42651.5
2025-08-30 15:00:00+00:00,43519.5,43014.1
2025-08-30 15:15:00+00:00,43856.5,43519.5
2025-08-30 15:30:00+00:00,44329.6,43856.5
2025-08-30 15:45:00+00:00,44535.6,44329.6
2025-08-30 16:00:00+00:00,45215.2,44535.6
2025-08-30 16:15:00+00:00,45469.9,45215.2
2025-08-30 16:30:00+00:00,45641.8,45469.9
2025-08-30 16:45:00+00:00,45945.2,45641.8
2025-08-30 17:00:00+00:00,46257.0,45945.2
2025-08-30 17:15:00+00:00,46307.2,46257.0
2025-08-30 17:30:00+00:00,46525.0,46307.2
2025-08-30 17:45:00+00:00,45839.9,46525.0
2025-08-30 18:00:00+00:00,45636.2,45839.9
2025-08-30 18:15:00+00:00,45630.9,45636.2
2025-08-30 18:30:00+00:00,46047.6,45630.9
2025-08-30 18:45:00+00:00,45713.0,46047.6
2025-08-30 19:00:00+00:00,44802.1,45713.0
2025-08-30 19:15:00+00:00,44122.0,44802.1
2025-08-30 19:30:00+00:00,43236.9,44122.0
2025-08-30 19:45:00+00:00,42603.2,43236.9
2025-08-30 20:00:00+00:00,42369.3,42603.2
2025-08-30 20:15:00+00:00,41636.4,42369.3
2025-08-30 20:30:00+00:00,41027.1,41636.4
2025-08-30 20:45:00+00:00,40356.7,41027.1
2025-08-30 21:00:00+00:00,39986.9,40356.7
2025-08-30 21:15:00+00:00,39123.8,39986.9
2025-08-30 21:30:00+00:00,38630.8,39123.8
2025-08-30 21:45:00+00:00,37954.0,38630.8
2025-08-30 22:00:00+00:00,37058.1,37954.0
2025-08-30 22:15:00+00:00,36448.5,37058.1
2025-08-30 22:30:00+00:00,36152.6,36448.5
2025-08-30 22:45:00+00:00,35534.9,36152.6
2025-08-30 23:00:00+00:00,35292.1,35534.9
2025-08-30 23:15:00+00:00,34954.6,35292.1
2025-08-30 23:30:00+00:00,34640.5,34954.6
2025-08-30 23:45:00+00:00,34457.7,34640.5
2025-08-31 00:00:00+00:00,33853.6,34457.7
2025-08-31 00:15:00+00:00,34043.2,33853.6
2025-08-31 00:30:00+00:00,34060.4,34043.2
2025-08-31 00:45:00+00:00,33999.4,34060.4
2025-08-31 01:00:00+00:00,33562.6,33999.4
2025-08-31 01:15:00+00:00,33848.0,33562.6
2025-08-31 01:30:00+00:00,33821.5,33848.0
2025-08-31 01:45:00+00:00,33678.7,33821.5
2025-08-31 02:00:00+00:00,33493.5,33678.7
2025-08-31 02:15:00+00:00,33636.0,33493.5
2025-08-31 02:30:00+00:00,33795.1,33636.0
2025-08-31 02:45:00+00:00,34063.1,33795.1
2025-08-31 03:00:00+00:00,34307.6,34063.1
2025-08-31 03:15:00+00:00,34554.3,34307.6
2025-08-31 03:30:00+00:00,34703.3,34554.3
2025-08-31 03:45:00+00:00,34758.1,34703.3
2025-08-31 04:00:00+00:00,35304.1,34758.1
2025-08-31 04:15:00+00:00,35325.6,35304.1
2025-08-31 04:30:00+00:00,35416.3,35325.6
2025-08-31 04:45:00+00:00,35413.3,35416.3
2025-08-31 05:00:00+00:00,36035.7,35413.3
2025-08-31 05:15:00+00:00,36660.9,36035.7
2025-08-31 05:30:00+00:00,37114.3,36660.9
2025-08-31 05:45:00+00:00,37931.4,37114.3
2025-08-31 06:00:00+00:00,38841.8,37931.4
2025-08-31 06:15:00+00:00,39715.0,38841.8
2025-08-31 06:30:00+00:00,40424.1,39715.0
2025-08-31 06:45:00+00:00,41022.7,40424.1
2025-08-31 07:00:00+00:00,42058.6,41022.7
2025-08-31 07:15:00+00:00,42686.5,42058.6
2025-08-31 07:30:00+00:00,43201.6,42686.5
2025-08-31 07:45:00+00:00,43696.0,43201.6
2025-08-31 08:00:00+00:00,44036.7,43696.0
2025-08-31 08:15:00+00:00,44222.2,44036.7
2025-08-31 08:30:00+00:00,44491.8,44222.2
2025-08-31 08:45:00+00:00,44315.7,44491.8
2025-08-31 09:00:00+00:00,44272.4,44315.7
2025-08-31 09:15:00+00:00,44695.6,44272.4
2025-08-31 09:30:00+00:00,45011.9,44695.6
2025-08-31 09:45:00+00:00,44819.6,45011.9
2025-08-31 10:00:00+00:00,44295.5,44819.6
2025-08-31 10:15:00+00:00,43794.4,44295.5
2025-08-31 10:30:00+00:00,43297.9,43794.4
2025-08-31 10:45:00+00:00,43000.8,43297.9
2025-08-31 11:00:00+00:00,42479.2,43000.8
2025-08-31 11:15:00+00:00,42084.0,42479.2
2025-08-31 11:30:00+00:00,41498.7,42084.0
2025-08-31 11:45:00+00:00,41363.4,41498.7
2025-08-31 12:00:00+00:00,41620.5,41363.4
2025-08-31 12:15:00+00:00,41103.6,41620.5
2025-08-31 12:30:00+00:00,40677.6,41103.6
2025-08-31 12:45:00+00:00,40529.4,40677.6
2025-08-31 13:00:00+00:00,41004.1,40529.4
2025-08-31 13:15:00+00:00,40529.9,41004.1
2025-08-31 13:30:00+00:00,40281.5,40529.9
2025-08-31 13:45:00+00:00,40304.7,40281.5
2025-08-31 14:00:00+00:00,40891.1,40304.7
2025-08-31 14:15:00+00:00,40552.8,40891.1
2025-08-31 14:30:00+00:00,40805.8,40552.8
2025-08-31 14:45:00+00:00,40849.5,40805.8
2025-08-31 15:00:00+00:00,41457.3,40849.5
2025-08-31 15:15:00+00:00,41921.3,41457.3
2025-08-31 15:30:00+00:00,42553.6,41921.3
2025-08-31 15:45:00+00:00,43192.2,42553.6
2025-08-31 16:00:00+00:00,43966.9,43192.2
2025-08-31 16:15:00+00:00,44780.7,43966.9
2025-08-31 16:30:00+00:00,45291.8,44780.7
2025-08-31 16:45:00+00:00,45824.4,45291.8
2025-08-31 17:00:00+00:00,46431.3,45824.4
2025-08-31 17:15:00+00:00,46468.4,46431.3
2025-08-31 17:30:00+00:00,46332.6,46468.4
2025-08-31 17:45:00+00:00,46126.1,46332.6
2025-08-31 18:00:00+00:00,46115.7,46126.1
2025-08-31 18:15:00+00:00,46776.1,46115.7
2025-08-31 18:30:00+00:00,47124.2,46776.1
2025-08-31 18:45:00+00:00,46483.2,47124.2
2025-08-31 19:00:00+00:00,45848.9,46483.2
2025-08-31 19:15:00+00:00,45274.5,45848.9
2025-08-31 19:30:00+00:00,44787.7,45274.5
2025-08-31 19:45:00+00:00,44243.3,44787.7
2025-08-31 20:00:00+00:00,43953.1,44243.3
2025-08-31 20:15:00+00:00,43201.4,43953.1
2025-08-31 20:30:00+00:00,43107.0,43201.4
2025-08-31 20:45:00+00:00,42783.2,43107.0
2025-08-31 21:00:00+00:00,42765.9,42783.2
2025-08-31 21:15:00+00:00,41626.2,42765.9
2025-08-31 21:30:00+00:00,41334.9,41626.2
2025-08-31 21:45:00+00:00,41088.5,41334.9
2025-08-31 22:00:00+00:00,40373.0,41088.5
2025-08-31 22:15:00+00:00,40037.7,40373.0
2025-08-31 22:30:00+00:00,39863.0,40037.7
2025-08-31 22:45:00+00:00,39514.4,39863.0
2025-08-31 23:00:00+00:00,39338.6,39514.4
2025-08-31 23:15:00+00:00,39262.1,39338.6
2025-08-31 23:30:00+00:00,38989.1,39262.1
2025-08-31 23:45:00+00:00,38481.3,38989.1
2025-09-01 00:00:00+00:00,37920.4,38481.3
2025-09-01 00:15:00+00:00,38056.7,37920.4
2025-09-01 00:30:00+00:00,37933.3,38056.7
2025-09-01 00:45:00+00:00,37914.2,37933.3
2025-09-01 01:00:00+00:00,37673.8,37914.2
2025-09-01 01:15:00+00:00,37465.6,37673.8
2025-09-01 01:30:00+00:00,37774.2,37465.6
2025-09-01 01:45:00+00:00,37689.2,37774.2
2025-09-01 02:00:00+00:00,38003.5,37689.2
2025-09-01 02:15:00+00:00,37773.3,38003.5
2025-09-01 02:30:00+00:00,38478.3,37773.3
2025-09-01 02:45:00+00:00,39044.7,38478.3
2025-09-01 03:00:00+00:00,40275.8,39044.7
2025-09-01 03:15:00+00:00,41190.4,40275.8
2025-09-01 03:30:00+00:00,42292.0,41190.4
2025-09-01 03:45:00+00:00,43778.9,42292.0
2025-09-01 04:00:00+00:00,47512.8,43778.9
2025-09-01 04:15:00+00:00,49146.1,47512.8
2025-09-01 04:30:00+00:00,50564.0,49146.1
2025-09-01 04:45:00+00:00,51364.5,50564.0
2025-09-01 05:00:00+00:00,53129.5,51364.5
2025-09-01 05:15:00+00:00,54497.5,53129.5
2025-09-01 05:30:00+00:00,55337.7,54497.5
2025-09-01 05:45:00+00:00,56276.8,55337.7
2025-09-01 06:00:00+00:00,56871.2,56276.8
2025-09-01 06:15:00+00:00,57621.0,56871.2
2025-09-01 06:30:00+00:00,58556.5,57621.0
2025-09-01 06:45:00+00:00,58520.5,58556.5
2025-09-01 07:00:00+00:00,58232.4,58520.5
2025-09-01 07:15:00+00:00,58072.6,58232.4
2025-09-01 07:30:00+00:00,58706.6,58072.6
2025-09-01 07:45:00+00:00,59145.0,58706.6
2025-09-01 08:00:00+00:00,58476.1,59145.0
2025-09-01 08:15:00+00:00,58759.4,58476.1
2025-09-01 08:30:00+00:00,59322.3,58759.4
2025-09-01 08:45:00+00:00,59935.4,59322.3
2025-09-01 09:00:00+00:00,59636.3,59935.4
2025-09-01 09:15:00+00:00,59775.0,59636.3
2025-09-01 09:30:00+00:00,59959.7,59775.0
2025-09-01 09:45:00+00:00,60129.4,59959.7
2025-09-01 10:00:00+00:00,59480.6,60129.4
2025-09-01 10:15:00+00:00,59043.9,59480.6
2025-09-01 10:30:00+00:00,58627.1,59043.9
2025-09-01 10:45:00+00:00,58595.6,58627.1
2025-09-01 11:00:00+00:00,57937.9,58595.6
2025-09-01 11:15:00+00:00,56841.9,57937.9
2025-09-01 11:30:00+00:00,56640.9,56841.9
2025-09-01 11:45:00+00:00,56825.7,56640.9
2025-09-01 12:00:00+00:00,57247.8,56825.7
2025-09-01 12:15:00+00:00,56876.1,57247.8
2025-09-01 12:30:00+00:00,56445.2,56876.1
2025-09-01 12:45:00+00:00,56056.7,56445.2
2025-09-01 13:00:00+00:00,56764.2,56056.7
2025-09-01 13:15:00+00:00,56749.0,56764.2
2025-09-01 13:30:00+00:00,56605.4,56749.0
2025-09-01 13:45:00+00:00,56278.7,56605.4
2025-09-01 14:00:00+00:00,56448.4,56278.7
2025-09-01 14:15:00+00:00,55907.0,56448.4
2025-09-01 14:30:00+00:00,55786.2,55907.0
2025-09-01 14:45:00+00:00,55846.0,55786.2
2025-09-01 15:00:00+00:00,56423.5,55846.0
2025-09-01 15:15:00+00:00,56260.1,56423.5
2025-09-01 15:30:00+00:00,56315.6,56260.1
2025-09-01 15:45:00+00:00,56583.6,56315.6
2025-09-01 16:00:00+00:00,56473.1,56583.6
2025-09-01 16:15:00+00:00,56373.7,56473.1
2025-09-01 16:30:00+00:00,56737.4,56373.7
2025-09-01 16:45:00+00:00,56947.2,56737.4
2025-09-01 17:00:00+00:00,57222.6,56947.2
2025-09-01 17:15:00+00:00,57082.6,57222.6
2025-09-01 17:30:00+00:00,57079.4,57082.6
2025-09-01 17:45:00+00:00,56766.1,57079.4
2025-09-01 18:00:00+00:00,56529.6,56766.1
2025-09-01 18:15:00+00:00,56574.4,56529.6
2025-09-01 18:30:00+00:00,56407.4,56574.4
2025-09-01 18:45:00+00:00,55443.3,56407.4
2025-09-01 19:00:00+00:00,54688.6,55443.3
2025-09-01 19:15:00+00:00,53308.9,54688.6
2025-09-01 19:30:00+00:00,52266.3,53308.9
2025-09-01 19:45:00+00:00,51561.4,52266.3
2025-09-01 20:00:00+00:00,50126.5,51561.4
2025-09-01 20:15:00+00:00,48960.6,50126.5
2025-09-01 20:30:00+00:00,48030.3,48960.6
2025-09-01 20:45:00+00:00,47064.7,48030.3
2025-09-01 21:00:00+00:00,45636.8,47064.7
2025-09-01 21:15:00+00:00,44800.7,45636.8
2025-09-01 21:30:00+00:00,44031.0,44800.7
2025-09-01 21:45:00+00:00,43307.7,44031.0
2025-09-01 22:00:00+00:00,42899.4,43307.7
2025-09-01 22:15:00+00:00,42545.9,42899.4
2025-09-01 22:30:00+00:00,42466.6,42545.9
2025-09-01 22:45:00+00:00,41978.1,42466.6
2025-09-01 23:00:00+00:00,41534.2,41978.1
2025-09-01 23:15:00+00:00,41084.5,41534.2
2025-09-01 23:30:00+00:00,40728.4,41084.5
2025-09-01 23:45:00+00:00,40748.9,40728.4
2025-09-02 00:00:00+00:00,40310.9,40748.9
2025-09-02 00:15:00+00:00,40153.0,40310.9
2025-09-02 00:30:00+00:00,39762.5,40153.0
2025-09-02 00:45:00+00:00,39742.2,39762.5
2025-09-02 01:00:00+00:00,39943.6,39742.2
2025-09-02 01:15:00+00:00,39844.7,39943.6
2025-09-02 01:30:00+00:00,39926.4,39844.7
2025-09-02 01:45:00+00:00,40045.0,39926.4
2025-09-02 02:00:00+00:00,40305.3,40045.0
2025-09-02 02:15:00+00:00,40773.9,40305.3
2025-09-02 02:30:00+00:00,41154.5,40773.9
2025-09-02 02:45:00+00:00,41835.6,41154.5
2025-09-02 03:00:00+00:00,43151.9,41835.6
2025-09-02 03:15:00+00:00,43937.5,43151.9
2025-09-02 03:30:00+00:00,45471.3,43937.5
2025-09-02 03:45:00+00:00,46977.9,45471.3
2025-09-02 04:00:00+00:00,49850.8,46977.9
2025-09-02 04:15:00+00:00,51619.0,49850.8
2025-09-02 04:30:00+00:00,52639.9,51619.0
2025-09-02 04:45:00+00:00,53487.5,52639.9
2025-09-02 05:00:00+00:00,54783.1,53487.5
2025-09-02 05:15:00+00:00,55616.3,54783.1
2025-09-02 05:30:00+00:00,56344.9,55616.3
2025-09-02 05:45:00+00:00,56936.4,56344.9
2025-09-02 06:00:00+00:00,57965.7,56936.4
2025-09-02 06:15:00+00:00,58682.8,57965.7
2025-09-02 06:30:00+00:00,59151.1,58682.8
2025-09-02 06:45:00+00:00,59526.8,59151.1
2025-09-02 07:00:00+00:00,59104.9,59526.8
2025-09-02 07:15:00+00:00,59454.5,59104.9
2025-09-02 07:30:00+00:00,60046.0,59454.5
2025-09-02 07:45:00+00:00,60238.2,60046.0
2025-09-02 08:00:00+00:00,59953.2,60238.2
2025-09-02 08:15:00+00:00,60201.4,59953.2
2025-09-02 08:30:00+00:00,60515.9,60201.4
2025-09-02 08:45:00+00:00,60896.9,60515.9
2025-09-02 09:00:00+00:00,60970.6,60896.9
2025-09-02 09:15:00+00:00,60309.8,60970.6
2025-09-02 09:30:00+00:00,60234.7,60309.8
2025-09-02 09:45:00+00:00,59990.0,60234.7
2025-09-02 10:00:00+00:00,59335.6,59990.0
2025-09-02 10:15:00+00:00,58741.6,59335.6
2025-09-02 10:30:00+00:00,59056.3,58741.6
2025-09-02 10:45:00+00:00,58721.6,59056.3
2025-09-02 11:00:00+00:00,58330.9,58721.6
2025-09-02 11:15:00+00:00,57968.5,58330.9
2025-09-02 11:30:00+00:00,57269.2,57968.5
2025-09-02 11:45:00+00:00,56846.0,57269.2
2025-09-02 12:00:00+00:00,56395.8,56846.0
2025-09-02 12:15:00+00:00,56000.3,56395.8
2025-09-02 12:30:00+00:00,55859.6,56000.3
2025-09-02 12:45:00+00:00,55935.4,55859.6
2025-09-02 13:00:00+00:00,55986.6,55935.4
2025-09-02 13:15:00+00:00,55186.8,55986.6
2025-09-02 13:30:00+00:00,55140.6,55186.8
2025-09-02 13:45:00+00:00,55167.4,55140.6
2025-09-02 14:00:00+00:00,54589.3,55167.4
2025-09-02 14:15:00+00:00,53906.5,54589.3
2025-09-02 14:30:00+00:00,53822.3,53906.5
2025-09-02 14:45:00+00:00,54165.2,53822.3
2025-09-02 15:00:00+00:00,54661.9,54165.2
2025-09-02 15:15:00+00:00,54862.3,54661.9
2025-09-02 15:30:00+00:00,55249.1,54862.3
2025-09-02 15:45:00+00:00,55021.4,55249.1
2025-09-02 16:00:00+00:00,55423.2,55021.4
2025-09-02 16:15:00+00:00,55603.6,55423.2
2025-09-02 16:30:00+00:00,55877.9,55603.6
2025-09-02 16:45:00+00:00,55953.7,55877.9
2025-09-02 17:00:00+00:00,55909.2,55953.7
2025-09-02 17:15:00+00:00,56026.8,55909.2
2025-09-02 17:30:00+00:00,56111.1,56026.8
2025-09-02 17:45:00+00:00,55839.6,56111.1
2025-09-02 18:00:00+00:00,55683.4,55839.6
2025-09-02 18:15:00+00:00,56210.2,55683.4
2025-09-02 18:30:00+00:00,55563.8,56210.2
2025-09-02 18:45:00+00:00,54383.7,55563.8
2025-09-02 19:00:00+00:00,54200.6,54383.7
2025-09-02 19:15:00+00:00,53620.3,54200.6
2025-09-02 19:30:00+00:00,52133.4,53620.3
2025-09-02 19:45:00+00:00,50899.5,52133.4
2025-09-02 20:00:00+00:00,50393.9,50899.5
2025-09-02 20:15:00+00:00,49807.5,50393.9
2025-09-02 20:30:00+00:00,48841.2,49807.5
2025-09-02 20:45:00+00:00,47649.4,48841.2
2025-09-02 21:00:00+00:00,47169.9,47649.4
2025-09-02 21:15:00+00:00,46437.7,47169.9
2025-09-02 21:30:00+00:00,45504.4,46437.7
2025-09-02 21:45:00+00:00,45193.6,45504.4
2025-09-02 22:00:00+00:00,43759.7,45193.6
2025-09-02 22:15:00+00:00,43234.9,43759.7
2025-09-02 22:30:00+00:00,42411.4,43234.9
2025-09-02 22:45:00+00:00,42080.5,42411.4
2025-09-02 23:00:00+00:00,41750.5,42080.5
2025-09-02 23:15:00+00:00,41421.8,41750.5
2025-09-02 23:30:00+00:00,41098.5,41421.8
2025-09-02 23:45:00+00:00,40964.2,41098.5
2025-09-03 00:00:00+00:00,40513.9,40964.2
2025-09-03 00:15:00+00:00,40296.7,40513.9
2025-09-03 00:30:00+00:00,40334.3,40296.7
2025-09-03 00:45:00+00:00,40573.4,40334.3
2025-09-03 01:00:00+00:00,40725.4,40573.4
2025-09-03 01:15:00+00:00,40742.4,40725.4
2025-09-03 01:30:00+00:00,41035.7,40742.4
2025-09-03 01:45:00+00:00,41320.9,41035.7
2025-09-03 02:00:00+00:00,41459.7,41320.9
2025-09-03 02:15:00+00:00,41292.4,41459.7
2025-09-03 02:30:00+00:00,41735.1,41292.4
2025-09-03 02:45:00+00:00,42186.1,41735.1
2025-09-03 03:00:00+00:00,43713.5,42186.1
2025-09-03 03:15:00+00:00,44478.8,43713.5
2025-09-03 03:30:00+00:00,45644.9,44478.8
2025-09-03 03:45:00+00:00,47402.9,45644.9
2025-09-03 04:00:00+00:00,50598.6,47402.9
2025-09-03 04:15:00+00:00,52146.3,50598.6
2025-09-03 04:30:00+00:00,53157.3,52146.3
2025-09-03 04:45:00+00:00,54054.2,53157.3
2025-09-03 05:00:00+00:00,54997.8,54054.2
2025-09-03 05:15:00+00:00,56068.8,54997.8
2025-09-03 05:30:00+00:00,56644.2,56068.8
2025-09-03 05:45:00+00:00,57391.5,56644.2
2025-09-03 06:00:00+00:00,57778.1,57391.5
2025-09-03 06:15:00+00:00,58661.8,57778.1
2025-09-03 06:30:00+00:00,59280.1,58661.8
2025-09-03 06:45:00+00:00,59336.7,59280.1
2025-09-03 07:00:00+00:00,58121.5,59336.7
2025-09-03 07:15:00+00:00,58807.3,58121.5
2025-09-03 07:30:00+00:00,59767.7,58807.3
2025-09-03 07:45:00+00:00,59592.0,59767.7
2025-09-03 08:00:00+00:00,60025.9,59592.0
2025-09-03 08:15:00+00:00,59872.9,60025.9
2025-09-03 08:30:00+00:00,60117.5,59872.9
2025-09-03 08:45:00+00:00,60793.6,60117.5
2025-09-03 09:00:00+00:00,60892.6,60793.6
2025-09-03 09:15:00+00:00,60672.2,60892.6
2025-09-03 09:30:00+00:00,60368.1,60672.2
2025-09-03 09:45:00+00:00,60732.3,60368.1
2025-09-03 10:00:00+00:00,60297.4,60732.3
2025-09-03 10:15:00+00:00,59952.5,60297.4
2025-09-03 10:30:00+00:00,59952.8,59952.5
2025-09-03 10:45:00+00:00,59446.0,59952.8
2025-09-03 11:00:00+00:00,58832.1,59446.0
2025-09-03 11:15:00+00:00,58490.9,58832.1
2025-09-03 11:30:00+00:00,57983.2,58490.9
2025-09-03 11:45:00+00:00,57854.0,57983.2
2025-09-03 12:00:00+00:00,57854.7,57854.0
2025-09-03 12:15:00+00:00,57733.3,57854.7
2025-09-03 12:30:00+00:00,57661.2,57733.3
2025-09-03 12:45:00+00:00,57628.5,57661.2
2025-09-03 13:00:00+00:00,57982.4,57628.5
2025-09-03 13:15:00+00:00,58269.1,57982.4
2025-09-03 13:30:00+00:00,57684.6,58269.1
2025-09-03 13:45:00+00:00,57439.1,57684.6
2025-09-03 14:00:00+00:00,58226.3,57439.1
2025-09-03 14:15:00+00:00,57493.7,58226.3
2025-09-03 14:30:00+00:00,57435.5,57493.7
2025-09-03 14:45:00+00:00,57072.2,57435.5
2025-09-03 15:00:00+00:00,57229.1,57072.2
2025-09-03 15:15:00+00:00,57147.6,57229.1
2025-09-03 15:30:00+00:00,58162.3,57147.6
2025-09-03 15:45:00+00:00,58398.5,58162.3
2025-09-03 16:00:00+00:00,58761.5,58398.5
2025-09-03 16:15:00+00:00,58740.5,58761.5
2025-09-03 16:30:00+00:00,59058.8,58740.5
2025-09-03 16:45:00+00:00,59351.4,59058.8
2025-09-03 17:00:00+00:00,59033.6,59351.4
2025-09-03 17:15:00+00:00,58603.9,59033.6
2025-09-03 17:30:00+00:00,58601.8,58603.9
2025-09-03 17:45:00+00:00,58654.1,58601.8
2025-09-03 18:00:00+00:00,58636.2,58654.1
2025-09-03 18:15:00+00:00,58461.4,58636.2
2025-09-03 18:30:00+00:00,57800.0,58461.4
2025-09-03 18:45:00+00:00,57053.0,57800.0
2025-09-03 19:00:00+00:00,56478.6,57053.0
2025-09-03 19:15:00+00:00,55679.0,56478.6
2025-09-03 19:30:00+00:00,54597.8,55679.0
2025-09-03 19:45:00+00:00,53767.3,54597.8
2025-09-03 20:00:00+00:00,52345.1,53767.3
2025-09-03 20:15:00+00:00,51551.6,52345.1
2025-09-03 20:30:00+00:00,50375.2,51551.6
2025-09-03 20:45:00+00:00,50057.9,50375.2
2025-09-03 21:00:00+00:00,48717.9,50057.9
2025-09-03 21:15:00+00:00,47965.1,48717.9
2025-09-03 21:30:00+00:00,47213.7,47965.1
2025-09-03 21:45:00+00:00,46878.8,47213.7
2025-09-03 22:00:00+00:00,46423.7,46878.8
2025-09-03 22:15:00+00:00,45765.7,46423.7
2025-09-03 22:30:00+00:00,45483.3,45765.7
2025-09-03 22:45:00+00:00,45110.5,45483.3
2025-09-03 23:00:00+00:00,44541.7,45110.5
2025-09-03 23:15:00+00:00,44218.0,44541.7
2025-09-03 23:30:00+00:00,43946.9,44218.0
2025-09-03 23:45:00+00:00,43787.3,43946.9
2025-09-04 00:00:00+00:00,43462.5,43787.3
2025-09-04 00:15:00+00:00,43267.5,43462.5
2025-09-04 00:30:00+00:00,43089.0,43267.5
2025-09-04 00:45:00+00:00,43228.3,43089.0
2025-09-04 01:00:00+00:00,43026.6,43228.3
2025-09-04 01:15:00+00:00,43467.3,43026.6
2025-09-04 01:30:00+00:00,42718.8,43467.3
2025-09-04 01:45:00+00:00,42462.8,42718.8
2025-09-04 02:00:00+00:00,43186.8,42462.8
2025-09-04 02:15:00+00:00,43281.4,43186.8
2025-09-04 02:30:00+00:00,43877.2,43281.4
2025-09-04 02:45:00+00:00,44188.3,43877.2
2025-09-04 03:00:00+00:00,44994.1,44188.3
2025-09-04 03:15:00+00:00,45783.9,44994.1
2025-09-04 03:30:00+00:00,46930.5,45783.9
2025-09-04 03:45:00+00:00,48665.0,46930.5
2025-09-04 04:00:00+00:00,51879.6,48665.0
2025-09-04 04:15:00+00:00,53488.8,51879.6
2025-09-04 04:30:00+00:00,54739.2,53488.8
2025-09-04 04:45:00+00:00,55496.8,54739.2
2025-09-04 05:00:00+00:00,56758.9,55496.8
2025-09-04 05:15:00+00:00,57689.1,56758.9
2025-09-04 05:30:00+00:00,58176.7,57689.1
2025-09-04 05:45:00+00:00,59006.9,58176.7
2025-09-04 06:00:00+00:00,59255.1,59006.9
2025-09-04 06:15:00+00:00,59936.9,59255.1
2025-09-04 06:30:00+00:00,60647.5,59936.9
2025-09-04 06:45:00+00:00,60689.4,60647.5
2025-09-04 07:00:00+00:00,60323.1,60689.4
2025-09-04 07:15:00+00:00,60068.0,60323.1
2025-09-04 07:30:00+00:00,60602.5,60068.0
2025-09-04 07:45:00+00:00,60747.4,60602.5
2025-09-04 08:00:00+00:00,60494.1,60747.4
2025-09-04 08:15:00+00:00,59999.3,60494.1
2025-09-04 08:30:00+00:00,59709.6,59999.3
2025-09-04 08:45:00+00:00,59689.1,59709.6
2025-09-04 09:00:00+00:00,59268.8,59689.1
2025-09-04 09:15:00+00:00,59400.6,59268.8
2025-09-04 09:30:00+00:00,59158.5,59400.6
2025-09-04 09:45:00+00:00,59605.0,59158.5
2025-09-04 10:00:00+00:00,58806.0,59605.0
2025-09-04 10:15:00+00:00,58485.7,58806.0
2025-09-04 10:30:00+00:00,58687.4,58485.7
2025-09-04 10:45:00+00:00,58714.1,58687.4
2025-09-04 11:00:00+00:00,58999.9,58714.1
2025-09-04 11:15:00+00:00,58385.0,58999.9
2025-09-04 11:30:00+00:00,58003.5,58385.0
2025-09-04 11:45:00+00:00,56924.9,58003.5
2025-09-04 12:00:00+00:00,57279.0,56924.9
2025-09-04 12:15:00+00:00,57300.6,57279.0
2025-09-04 12:30:00+00:00,57003.0,57300.6
2025-09-04 12:45:00+00:00,56703.9,57003.0
2025-09-04 13:00:00+00:00,56430.2,56703.9
2025-09-04 13:15:00+00:00,56376.4,56430.2
2025-09-04 13:30:00+00:00,55936.5,56376.4
2025-09-04 13:45:00+00:00,55896.2,55936.5
2025-09-04 14:00:00+00:00,55803.4,55896.2
2025-09-04 14:15:00+00:00,55505.0,55803.4
2025-09-04 14:30:00+00:00,55541.5,55505.0
2025-09-04 14:45:00+00:00,55635.9,55541.5
2025-09-04 15:00:00+00:00,56503.2,55635.9
2025-09-04 15:15:00+00:00,56455.7,56503.2
2025-09-04 15:30:00+00:00,57015.0,56455.7
2025-09-04 15:45:00+00:00,57155.2,57015.0
2025-09-04 16:00:00+00:00,56914.8,57155.2
2025-09-04 16:15:00+00:00,56767.5,56914.8
2025-09-04 16:30:00+00:00,56712.3,56767.5
2025-09-04 16:45:00+00:00,56604.4,56712.3
2025-09-04 17:00:00+00:00,56659.3,56604.4
2025-09-04 17:15:00+00:00,56193.0,56659.3
2025-09-04 17:30:00+00:00,56217.9,56193.0
2025-09-04 17:45:00+00:00,56379.3,56217.9
2025-09-04 18:00:00+00:00,56289.3,56379.3
2025-09-04 18:15:00+00:00,56300.0,56289.3
2025-09-04 18:30:00+00:00,55677.4,56300.0
2025-09-04 18:45:00+00:00,54779.5,55677.4
2025-09-04 19:00:00+00:00,54093.1,54779.5
2025-09-04 19:15:00+00:00,53015.9,54093.1
2025-09-04 19:30:00+00:00,51748.0,53015.9
2025-09-04 19:45:00+00:00,50966.5,51748.0
2025-09-04 20:00:00+00:00,50078.0,50966.5
2025-09-04 20:15:00+00:00,49665.6,50078.0
2025-09-04 20:30:00+00:00,48727.5,49665.6
2025-09-04 20:45:00+00:00,48012.2,48727.5
2025-09-04 21:00:00+00:00,46792.2,48012.2
2025-09-04 21:15:00+00:00,45713.4,46792.2
2025-09-04 21:30:00+00:00,44812.1,45713.4
2025-09-04 21:45:00+00:00,43989.4,44812.1
2025-09-04 22:00:00+00:00,43951.8,43989.4
2025-09-04 22:15:00+00:00,43546.4,43951.8
2025-09-04 22:30:00+00:00,43753.2,43546.4
2025-09-04 22:45:00+00:00,43250.6,43753.2
2025-09-04 23:00:00+00:00,42752.7,43250.6
2025-09-04 23:15:00+00:00,42339.7,42752.7
2025-09-04 23:30:00+00:00,42240.4,42339.7
2025-09-04 23:45:00+00:00,41956.9,42240.4
2025-09-05 00:00:00+00:00,41569.2,41956.9
2025-09-05 00:15:00+00:00,41195.3,41569.2
2025-09-05 00:30:00+00:00,41361.9,41195.3
2025-09-05 00:45:00+00:00,41549.5,41361.9
2025-09-05 01:00:00+00:00,41661.0,41549.5
2025-09-05 01:15:00+00:00,41718.9,41661.0
2025-09-05 01:30:00+00:00,41966.1,41718.9
2025-09-05 01:45:00+00:00,42005.9,41966.1
2025-09-05 02:00:00+00:00,42051.8,42005.9
2025-09-05 02:15:00+00:00,42156.9,42051.8
2025-09-05 02:30:00+00:00,42389.7,42156.9
2025-09-05 02:45:00+00:00,42323.5,42389.7
2025-09-05 03:00:00+00:00,43274.1,42323.5
2025-09-05 03:15:00+00:00,44055.1,43274.1
2025-09-05 03:30:00+00:00,45478.7,44055.1
2025-09-05 03:45:00+00:00,46568.2,45478.7
2025-09-05 04:00:00+00:00,49421.9,46568.2
2025-09-05 04:15:00+00:00,51549.9,49421.9
2025-09-05 04:30:00+00:00,52570.6,51549.9
2025-09-05 04:45:00+00:00,53147.3,52570.6
2025-09-05 05:00:00+00:00,54573.7,53147.3
2025-09-05 05:15:00+00:00,55456.9,54573.7
2025-09-05 05:30:00+00:00,56436.4,55456.9
2025-09-05 05:45:00+00:00,57283.8,56436.4
2025-09-05 06:00:00+00:00,58230.6,57283.8
2025-09-05 06:15:00+00:00,59058.3,58230.6
2025-09-05 06:30:00+00:00,59963.3,59058.3
2025-09-05 06:45:00+00:00,59930.7,59963.3
2025-09-05 07:00:00+00:00,59627.0,59930.7
2025-09-05 07:15:00+00:00,59775.5,59627.0
2025-09-05 07:30:00+00:00,60222.8,59775.5
2025-09-05 07:45:00+00:00,60513.3,60222.8
2025-09-05 08:00:00+00:00,60960.2,60513.3
2025-09-05 08:15:00+00:00,61307.5,60960.2
2025-09-05 08:30:00+00:00,61095.6,61307.5
2025-09-05 08:45:00+00:00,60891.3,61095.6
2025-09-05 09:00:00+00:00,60177.7,60891.3
2025-09-05 09:15:00+00:00,59925.7,60177.7
2025-09-05 09:30:00+00:00,60324.3,59925.7
2025-09-05 09:45:00+00:00,60241.8,60324.3
2025-09-05 10:00:00+00:00,59474.4,60241.8
2025-09-05 10:15:00+00:00,59234.2,59474.4
2025-09-05 10:30:00+00:00,58687.4,59234.2
2025-09-05 10:45:00+00:00,58179.5,58687.4
2025-09-05 11:00:00+00:00,57480.6,58179.5
2025-09-05 11:15:00+00:00,57277.4,57480.6
2025-09-05 11:30:00+00:00,56826.6,57277.4
2025-09-05 11:45:00+00:00,56270.0,56826.6
2025-09-05 12:00:00+00:00,55846.5,56270.0
2025-09-05 12:15:00+00:00,55589.5,55846.5
2025-09-05 12:30:00+00:00,54687.6,55589.5
2025-09-05 12:45:00+00:00,53951.8,54687.6
2025-09-05 13:00:00+00:00,53982.7,53951.8
2025-09-05 13:15:00+00:00,53601.6,53982.7
2025-09-05 13:30:00+00:00,53351.1,53601.6
2025-09-05 13:45:00+00:00,53129.5,53351.1
2025-09-05 14:00:00+00:00,53831.6,53129.5
2025-09-05 14:15:00+00:00,53213.5,53831.6
2025-09-05 14:30:00+00:00,53045.3,53213.5
2025-09-05 14:45:00+00:00,53431.2,53045.3
2025-09-05 15:00:00+00:00,53928.1,53431.2
2025-09-05 15:15:00+00:00,53799.2,53928.1
2025-09-05 15:30:00+00:00,53688.4,53799.2
2025-09-05 15:45:00+00:00,54046.9,53688.4
2025-09-05 16:00:00+00:00,54175.2,54046.9
2025-09-05 16:15:00+00:00,54133.3,54175.2
2025-09-05 16:30:00+00:00,54171.4,54133.3
2025-09-05 16:45:00+00:00,54188.3,54171.4
2025-09-05 17:00:00+00:00,54071.4,54188.3
2025-09-05 17:15:00+00:00,53637.8,54071.4
2025-09-05 17:30:00+00:00,53366.9,53637.8
2025-09-05 17:45:00+00:00,53184.2,53366.9
2025-09-05 18:00:00+00:00,53429.5,53184.2
2025-09-05 18:15:00+00:00,53472.7,53429.5
2025-09-05 18:30:00+00:00,52821.9,53472.7
2025-09-05 18:45:00+00:00,51965.0,52821.9
2025-09-05 19:00:00+00:00,50884.4,51965.0
2025-09-05 19:15:00+00:00,50157.1,50884.4
2025-09-05 19:30:00+00:00,49136.0,50157.1
2025-09-05 19:45:00+00:00,48313.5,49136.0
2025-09-05 20:00:00+00:00,47337.8,48313.5
2025-09-05 20:15:00+00:00,46594.6,47337.8
2025-09-05 20:30:00+00:00,45907.7,46594.6
2025-09-05 20:45:00+00:00,45110.0,45907.7
2025-09-05 21:00:00+00:00,44139.8,45110.0
2025-09-05 21:15:00+00:00,43334.5,44139.8
2025-09-05 21:30:00+00:00,42580.4,43334.5
2025-09-05 21:45:00+00:00,42072.3,42580.4
2025-09-05 22:00:00+00:00,41005.1,42072.3
2025-09-05 22:15:00+00:00,40636.2,41005.1
2025-09-05 22:30:00+00:00,40298.5,40636.2
2025-09-05 22:45:00+00:00,39860.1,40298.5
2025-09-05 23:00:00+00:00,39338.7,39860.1
2025-09-05 23:15:00+00:00,38742.3,39338.7
2025-09-05 23:30:00+00:00,38536.3,38742.3
2025-09-05 23:45:00+00:00,38124.2,38536.3
2025-09-06 00:00:00+00:00,37892.0,38124.2
2025-09-06 00:15:00+00:00,37650.9,37892.0
2025-09-06 00:30:00+00:00,37357.0,37650.9
2025-09-06 00:45:00+00:00,37062.7,37357.0
2025-09-06 01:00:00+00:00,36988.7,37062.7
2025-09-06 01:15:00+00:00,36897.4,36988.7
2025-09-06 01:30:00+00:00,36775.2,36897.4
2025-09-06 01:45:00+00:00,36803.9,36775.2
2025-09-06 02:00:00+00:00,36834.9,36803.9
2025-09-06 02:15:00+00:00,36863.0,36834.9
2025-09-06 02:30:00+00:00,36849.0,36863.0
2025-09-06 02:45:00+00:00,37037.0,36849.0
2025-09-06 03:00:00+00:00,37552.3,37037.0
2025-09-06 03:15:00+00:00,37509.3,37552.3
2025-09-06 03:30:00+00:00,37875.9,37509.3
2025-09-06 03:45:00+00:00,38287.2,37875.9
2025-09-06 04:00:00+00:00,39450.9,38287.2
2025-09-06 04:15:00+00:00,39777.7,39450.9
2025-09-06 04:30:00+00:00,39962.0,39777.7
2025-09-06 04:45:00+00:00,40350.4,39962.0
2025-09-06 05:00:00+00:00,40926.9,40350.4
2025-09-06 05:15:00+00:00,41300.8,40926.9
2025-09-06 05:30:00+00:00,41897.9,41300.8
2025-09-06 05:45:00+00:00,42834.8,41897.9
2025-09-06 06:00:00+00:00,43664.0,42834.8
2025-09-06 06:15:00+00:00,44550.1,43664.0
2025-09-06 06:30:00+00:00,45230.3,44550.1
2025-09-06 06:45:00+00:00,46150.1,45230.3
2025-09-06 07:00:00+00:00,46391.6,46150.1
2025-09-06 07:15:00+00:00,46773.4,46391.6
2025-09-06 07:30:00+00:00,47212.4,46773.4
2025-09-06 07:45:00+00:00,47950.0,47212.4
2025-09-06 08:00:00+00:00,47852.8,47950.0
2025-09-06 08:15:00+00:00,47979.2,47852.8
2025-09-06 08:30:00+00:00,47605.9,47979.2
2025-09-06 08:45:00+00:00,47820.7,47605.9
2025-09-06 09:00:00+00:00,47176.4,47820.7
2025-09-06 09:15:00+00:00,47367.0,47176.4
2025-09-06 09:30:00+00:00,47186.2,47367.0
2025-09-06 09:45:00+00:00,46832.4,47186.2
2025-09-06 10:00:00+00:00,46015.1,46832.4
2025-09-06 10:15:00+00:00,45671.6,46015.1
2025-09-06 10:30:00+00:00,45221.7,45671.6
2025-09-06 10:45:00+00:00,44852.5,45221.7
2025-09-06 11:00:00+00:00,44309.4,44852.5
2025-09-06 11:15:00+00:00,43809.5,44309.4
2025-09-06 11:30:00+00:00,43340.3,43809.5
2025-09-06 11:45:00+00:00,43578.4,43340.3
2025-09-06 12:00:00+00:00,43260.8,43578.4
2025-09-06 12:15:00+00:00,42788.2,43260.8
2025-09-06 12:30:00+00:00,42383.1,42788.2
2025-09-06 12:45:00+00:00,42023.1,42383.1
2025-09-06 13:00:00+00:00,42249.3,42023.1
2025-09-06 13:15:00+00:00,42141.0,42249.3
2025-09-06 13:30:00+00:00,41728.9,42141.0
2025-09-06 13:45:00+00:00,42006.0,41728.9
2025-09-06 14:00:00+00:00,42650.2,42006.0
2025-09-06 14:15:00+00:00,42361.4,42650.2
2025-09-06 14:30:00+00:00,42416.3,42361.4
2025-09-06 14:45:00+00:00,42655.5,42416.3
2025-09-06 15:00:00+00:00,43496.5,42655.5
2025-09-06 15:15:00+00:00,44005.1,43496.5
2025-09-06 15:30:00+00:00,44192.4,44005.1
2025-09-06 15:45:00+00:00,44856.0,44192.4
2025-09-06 16:00:00+00:00,45730.9,44856.0
2025-09-06 16:15:00+00:00,45732.5,45730.9
2025-09-06 16:30:00+00:00,45814.6,45732.5
2025-09-06 16:45:00+00:00,45872.3,45814.6
2025-09-06 17:00:00+00:00,46341.5,45872.3
2025-09-06 17:15:00+00:00,46302.9,46341.5
2025-09-06 17:30:00+00:00,46358.8,46302.9
2025-09-06 17:45:00+00:00,46013.3,46358.8
2025-09-06 18:00:00+00:00,46177.3,46013.3
2025-09-06 18:15:00+00:00,46286.1,46177.3
2025-09-06 18:30:00+00:00,45826.3,46286.1
2025-09-06 18:45:00+00:00,44942.4,45826.3
2025-09-06 19:00:00+00:00,44081.8,44942.4
2025-09-06 19:15:00+00:00,43450.8,44081.8
2025-09-06 19:30:00+00:00,42421.5,43450.8
2025-09-06 19:45:00+00:00,42164.9,42421.5
2025-09-06 20:00:00+00:00,41739.4,42164.9
2025-09-06 20:15:00+00:00,40970.5,41739.4
2025-09-06 20:30:00+00:00,40130.4,40970.5
2025-09-06 20:45:00+00:00,39679.9,40130.4
2025-09-06 21:00:00+00:00,39113.4,39679.9
2025-09-06 21:15:00+00:00,37898.0,39113.4
2025-09-06 21:30:00+00:00,37607.2,37898.0
2025-09-06 21:45:00+00:00,37080.1,37607.2
2025-09-06 22:00:00+00:00,36261.2,37080.1
2025-09-06 22:15:00+00:00,35670.2,36261.2
2025-09-06 22:30:00+00:00,35538.5,35670.2
2025-09-06 22:45:00+00:00,35444.6,35538.5
2025-09-06 23:00:00+00:00,35026.0,35444.6
2025-09-06 23:15:00+00:00,34793.4,35026.0
2025-09-06 23:30:00+00:00,34602.5,34793.4
2025-09-06 23:45:00+00:00,34202.6,34602.5
2025-09-07 00:00:00+00:00,33794.6,34202.6
2025-09-07 00:15:00+00:00,33762.8,33794.6
2025-09-07 00:30:00+00:00,33431.8,33762.8
2025-09-07 00:45:00+00:00,33195.5,33431.8
2025-09-07 01:00:00+00:00,33372.0,33195.5
2025-09-07 01:15:00+00:00,33107.4,33372.0
2025-09-07 01:30:00+00:00,33294.9,33107.4
2025-09-07 01:45:00+00:00,33158.8,33294.9
2025-09-07 02:00:00+00:00,33278.9,33158.8
2025-09-07 02:15:00+00:00,33253.4,33278.9
2025-09-07 02:30:00+00:00,33189.8,33253.4
2025-09-07 02:45:00+00:00,33387.4,33189.8
2025-09-07 03:00:00+00:00,33902.4,33387.4
2025-09-07 03:15:00+00:00,33778.5,33902.4
2025-09-07 03:30:00+00:00,34016.2,33778.5
2025-09-07 03:45:00+00:00,33872.8,34016.2
2025-09-07 04:00:00+00:00,34553.1,33872.8
2025-09-07 04:15:00+00:00,34517.9,34553.1
2025-09-07 04:30:00+00:00,34613.0,34517.9
2025-09-07 04:45:00+00:00,34721.9,34613.0
2025-09-07 05:00:00+00:00,35276.7,34721.9
2025-09-07 05:15:00+00:00,35896.7,35276.7
2025-09-07 05:30:00+00:00,36703.8,35896.7
2025-09-07 05:45:00+00:00,37674.4,36703.8
2025-09-07 06:00:00+00:00,38085.9,37674.4
2025-09-07 06:15:00+00:00,39213.1,38085.9
2025-09-07 06:30:00+00:00,40290.0,39213.1
2025-09-07 06:45:00+00:00,40635.9,40290.0
2025-09-07 07:00:00+00:00,41798.0,40635.9
2025-09-07 07:15:00+00:00,42022.9,41798.0
2025-09-07 07:30:00+00:00,42693.6,42022.9
2025-09-07 07:45:00+00:00,42976.4,42693.6
2025-09-07 08:00:00+00:00,43201.1,42976.4
2025-09-07 08:15:00+00:00,43131.3,43201.1
2025-09-07 08:30:00+00:00,43547.1,43131.3
2025-09-07 08:45:00+00:00,43603.7,43547.1
2025-09-07 09:00:00+00:00,43474.0,43603.7
2025-09-07 09:15:00+00:00,43719.8,43474.0
2025-09-07 09:30:00+00:00,43683.7,43719.8
2025-09-07 09:45:00+00:00,43805.9,43683.7
2025-09-07 10:00:00+00:00,43248.4,43805.9
2025-09-07 10:15:00+00:00,43035.9,43248.4
2025-09-07 10:30:00+00:00,42513.8,43035.9
2025-09-07 10:45:00+00:00,42552.4,42513.8
2025-09-07 11:00:00+00:00,41276.0,42552.4
2025-09-07 11:15:00+00:00,40903.0,41276.0
2025-09-07 11:30:00+00:00,40786.0,40903.0
2025-09-07 11:45:00+00:00,40455.8,40786.0
2025-09-07 12:00:00+00:00,40013.5,40455.8
2025-09-07 12:15:00+00:00,39859.4,40013.5
2025-09-07 12:30:00+00:00,39652.1,39859.4
2025-09-07 12:45:00+00:00,39209.1,39652.1
2025-09-07 13:00:00+00:00,39796.8,39209.1
2025-09-07 13:15:00+00:00,39226.9,39796.8
2025-09-07 13:30:00+00:00,39003.0,39226.9
2025-09-07 13:45:00+00:00,38888.3,39003.0
2025-09-07 14:00:00+00:00,39475.0,38888.3
2025-09-07 14:15:00+00:00,39629.8,39475.0
2025-09-07 14:30:00+00:00,39670.2,39629.8
2025-09-07 14:45:00+00:00,39974.0,39670.2
2025-09-07 15:00:00+00:00,41633.5,39974.0
2025-09-07 15:15:00+00:00,41731.4,41633.5
2025-09-07 15:30:00+00:00,42082.2,41731.4
2025-09-07 15:45:00+00:00,42796.8,42082.2
2025-09-07 16:00:00+00:00,43911.4,42796.8
2025-09-07 16:15:00+00:00,44451.6,43911.4
2025-09-07 16:30:00+00:00,44981.6,44451.6
2025-09-07 16:45:00+00:00,45464.8,44981.6
2025-09-07 17:00:00+00:00,46173.0,45464.8
2025-09-07 17:15:00+00:00,46308.0,46173.0
2025-09-07 17:30:00+00:00,46383.2,46308.0
2025-09-07 17:45:00+00:00,46487.4,46383.2
2025-09-07 18:00:00+00:00,47091.8,46487.4
2025-09-07 18:15:00+00:00,47542.3,47091.8
2025-09-07 18:30:00+00:00,47507.4,47542.3
2025-09-07 18:45:00+00:00,47216.8,47507.4
2025-09-07 19:00:00+00:00,46533.4,47216.8
2025-09-07 19:15:00+00:00,45832.2,46533.4
2025-09-07 19:30:00+00:00,45412.6,45832.2
2025-09-07 19:45:00+00:00,45316.7,45412.6
2025-09-07 20:00:00+00:00,44885.3,45316.7
2025-09-07 20:15:00+00:00,44271.1,44885.3
2025-09-07 20:30:00+00:00,43527.3,44271.1
2025-09-07 20:45:00+00:00,42832.2,43527.3
2025-09-07 21:00:00+00:00,41482.1,42832.2
2025-09-07 21:15:00+00:00,41262.6,41482.1
2025-09-07 21:30:00+00:00,40760.7,41262.6
2025-09-07 21:45:00+00:00,40378.5,40760.7
2025-09-07 22:00:00+00:00,39843.9,40378.5
2025-09-07 22:15:00+00:00,39749.2,39843.9
2025-09-07 22:30:00+00:00,39323.5,39749.2
2025-09-07 22:45:00+00:00,38693.3,39323.5
2025-09-07 23:00:00+00:00,38445.9,38693.3
2025-09-07 23:15:00+00:00,38131.3,38445.9
2025-09-07 23:30:00+00:00,37798.7,38131.3
2025-09-07 23:45:00+00:00,37528.1,37798.7
2025-09-08 00:00:00+00:00,37372.9,37528.1
2025-09-08 00:15:00+00:00,37075.3,37372.9
2025-09-08 00:30:00+00:00,36997.8,37075.3
2025-09-08 00:45:00+00:00,36904.0,36997.8
2025-09-08 01:00:00+00:00,37262.8,36904.0
2025-09-08 01:15:00+00:00,37413.5,37262.8
2025-09-08 01:30:00+00:00,37222.0,37413.5
2025-09-08 01:45:00+00:00,37280.8,37222.0
2025-09-08 02:00:00+00:00,37798.7,37280.8
2025-09-08 02:15:00+00:00,38021.2,37798.7
2025-09-08 02:30:00+00:00,38671.5,38021.2
2025-09-08 02:45:00+00:00,39458.8,38671.5
2025-09-08 03:00:00+00:00,41063.0,39458.8
2025-09-08 03:15:00+00:00,41968.9,41063.0
2025-09-08 03:30:00+00:00,43485.2,41968.9
2025-09-08 03:45:00+00:00,45149.7,43485.2
2025-09-08 04:00:00+00:00,48978.8,45149.7
2025-09-08 04:15:00+00:00,50915.8,48978.8
2025-09-08 04:30:00+00:00,52000.9,50915.8
2025-09-08 04:45:00+00:00,52806.9,52000.9
2025-09-08 05:00:00+00:00,53783.4,52806.9
2025-09-08 05:15:00+00:00,54850.9,53783.4
2025-09-08 05:30:00+00:00,55651.1,54850.9
2025-09-08 05:45:00+00:00,56494.2,55651.1
2025-09-08 06:00:00+00:00,57216.2,56494.2
2025-09-08 06:15:00+00:00,58192.6,57216.2
2025-09-08 06:30:00+00:00,59206.2,58192.6
2025-09-08 06:45:00+00:00,59836.7,59206.2
2025-09-08 07:00:00+00:00,59390.1,59836.7
2025-09-08 07:15:00+00:00,59866.0,59390.1
2025-09-08 07:30:00+00:00,60551.0,59866.0
2025-09-08 07:45:00+00:00,60265.1,60551.0
2025-09-08 08:00:00+00:00,60667.1,60265.1
2025-09-08 08:15:00+00:00,60619.7,60667.1
2025-09-08 08:30:00+00:00,60896.4,60619.7
2025-09-08 08:45:00+00:00,60649.3,60896.4
2025-09-08 09:00:00+00:00,59757.1,60649.3
2025-09-08 09:15:00+00:00,60205.0,59757.1
2025-09-08 09:30:00+00:00,60126.0,60205.0
2025-09-08 09:45:00+00:00,60478.5,60126.0
2025-09-08 10:00:00+00:00,59821.2,60478.5
2025-09-08 10:15:00+00:00,59745.3,59821.2
2025-09-08 10:30:00+00:00,59186.6,59745.3
2025-09-08 10:45:00+00:00,58993.4,59186.6
2025-09-08 11:00:00+00:00,58891.9,58993.4
2025-09-08 11:15:00+00:00,58514.5,58891.9
2025-09-08 11:30:00+00:00,57913.1,58514.5
2025-09-08 11:45:00+00:00,57638.2,57913.1
2025-09-08 12:00:00+00:00,58013.3,57638.2
2025-09-08 12:15:00+00:00,57640.9,58013.3
2025-09-08 12:30:00+00:00,57332.6,57640.9
2025-09-08 12:45:00+00:00,57346.5,57332.6
2025-09-08 13:00:00+00:00,57730.1,57346.5
2025-09-08 13:15:00+00:00,56926.8,57730.1
2025-09-08 13:30:00+00:00,56743.5,56926.8
2025-09-08 13:45:00+00:00,56929.2,56743.5
2025-09-08 14:00:00+00:00,57448.7,56929.2
2025-09-08 14:15:00+00:00,56891.6,57448.7
2025-09-08 14:30:00+00:00,56400.4,56891.6
2025-09-08 14:45:00+00:00,56363.4,56400.4
2025-09-08 15:00:00+00:00,57012.6,56363.4
2025-09-08 15:15:00+00:00,56975.1,57012.6
2025-09-08 15:30:00+00:00,57133.6,56975.1
2025-09-08 15:45:00+00:00,57121.9,57133.6
2025-09-08 16:00:00+00:00,57224.8,57121.9
2025-09-08 16:15:00+00:00,56828.1,57224.8
2025-09-08 16:30:00+00:00,56819.1,56828.1
2025-09-08 16:45:00+00:00,56512.5,56819.1
2025-09-08 17:00:00+00:00,56881.2,56512.5
2025-09-08 17:15:00+00:00,56242.3,56881.2
2025-09-08 17:30:00+00:00,55897.9,56242.3
2025-09-08 17:45:00+00:00,55764.4,55897.9
2025-09-08 18:00:00+00:00,56097.2,55764.4
2025-09-08 18:15:00+00:00,55515.7,56097.2
2025-09-08 18:30:00+00:00,55208.8,55515.7
2025-09-08 18:45:00+00:00,54366.2,55208.8
2025-09-08 19:00:00+00:00,53782.4,54366.2
2025-09-08 19:15:00+00:00,52937.5,53782.4
2025-09-08 19:30:00+00:00,52010.8,52937.5
2025-09-08 19:45:00+00:00,51091.9,52010.8
2025-09-08 20:00:00+00:00,49693.0,51091.9
2025-09-08 20:15:00+00:00,48812.1,49693.0
2025-09-08 20:30:00+00:00,47704.4,48812.1
2025-09-08 20:45:00+00:00,47089.2,47704.4
2025-09-08 21:00:00+00:00,46205.9,47089.2
2025-09-08 21:15:00+00:00,45433.0,46205.9
2025-09-08 21:30:00+00:00,44700.4,45433.0
2025-09-08 21:45:00+00:00,44183.8,44700.4
2025-09-08 22:00:00+00:00,43676.6,44183.8
2025-09-08 22:15:00+00:00,43258.7,43676.6
2025-09-08 22:30:00+00:00,42463.1,43258.7
2025-09-08 22:45:00+00:00,42103.7,42463.1
2025-09-08 23:00:00+00:00,41431.1,42103.7
2025-09-08 23:15:00+00:00,41181.6,41431.1
2025-09-08 23:30:00+00:00,40841.7,41181.6
2025-09-08 23:45:00+00:00,40824.9,40841.7
2025-09-09 00:00:00+00:00,40336.9,40824.9
2025-09-09 00:15:00+00:00,40227.2,40336.9
2025-09-09 00:30:00+00:00,40019.7,40227.2
2025-09-09 00:45:00+00:00,40176.7,40019.7
2025-09-09 01:00:00+00:00,40309.3,40176.7
2025-09-09 01:15:00+00:00,40330.0,40309.3
2025-09-09 01:30:00+00:00,40329.0,40330.0
2025-09-09 01:45:00+00:00,40448.5,40329.0
2025-09-09 02:00:00+00:00,40836.5,40448.5
2025-09-09 02:15:00+00:00,40912.8,40836.5
2025-09-09 02:30:00+00:00,41610.2,40912.8
2025-09-09 02:45:00+00:00,41975.4,41610.2
2025-09-09 03:00:00+00:00,43062.7,41975.4
2025-09-09 03:15:00+00:00,43785.8,43062.7
2025-09-09 03:30:00+00:00,45173.4,43785.8
2025-09-09 03:45:00+00:00,46883.0,45173.4
2025-09-09 04:00:00+00:00,49831.0,46883.0
2025-09-09 04:15:00+00:00,51890.8,49831.0
2025-09-09 04:30:00+00:00,52955.0,51890.8
2025-09-09 04:45:00+00:00,54218.9,52955.0
2025-09-09 05:00:00+00:00,55102.7,54218.9
2025-09-09 05:15:00+00:00,56355.2,55102.7
2025-09-09 05:30:00+00:00,56881.8,56355.2
2025-09-09 05:45:00+00:00,57524.6,56881.8
2025-09-09 06:00:00+00:00,58607.2,57524.6
2025-09-09 06:15:00+00:00,59396.7,58607.2
2025-09-09 06:30:00+00:00,59969.2,59396.7
2025-09-09 06:45:00+00:00,60028.6,59969.2
2025-09-09 07:00:00+00:00,60457.8,60028.6
2025-09-09 07:15:00+00:00,60692.5,60457.8
2025-09-09 07:30:00+00:00,61561.7,60692.5
2025-09-09 07:45:00+00:00,62067.3,61561.7
2025-09-09 08:00:00+00:00,60612.8,62067.3
2025-09-09 08:15:00+00:00,61274.7,60612.8
2025-09-09 08:30:00+00:00,61257.5,61274.7
2025-09-09 08:45:00+00:00,62152.0,61257.5
2025-09-09 09:00:00+00:00,61872.2,62152.0
2025-09-09 09:15:00+00:00,62256.5,61872.2
2025-09-09 09:30:00+00:00,62416.2,62256.5
2025-09-09 09:45:00+00:00,62213.2,62416.2
2025-09-09 10:00:00+00:00,61788.4,62213.2
2025-09-09 10:15:00+00:00,61534.6,61788.4
2025-09-09 10:30:00+00:00,61386.6,61534.6
2025-09-09 10:45:00+00:00,61059.0,61386.6
2025-09-09 11:00:00+00:00,60758.9,61059.0
2025-09-09 11:15:00+00:00,60353.1,60758.9
2025-09-09 11:30:00+00:00,59791.2,60353.1
2025-09-09 11:45:00+00:00,59301.1,59791.2
2025-09-09 12:00:00+00:00,59023.4,59301.1
2025-09-09 12:15:00+00:00,59133.5,59023.4
2025-09-09 12:30:00+00:00,58970.2,59133.5
2025-09-09 12:45:00+00:00,58925.3,58970.2
2025-09-09 13:00:00+00:00,59411.7,58925.3
2025-09-09 13:15:00+00:00,59289.4,59411.7
2025-09-09 13:30:00+00:00,58719.3,59289.4
2025-09-09 13:45:00+00:00,58779.3,58719.3
2025-09-09 14:00:00+00:00,58965.0,58779.3
2025-09-09 14:15:00+00:00,58023.8,58965.0
2025-09-09 14:30:00+00:00,57844.5,58023.8
2025-09-09 14:45:00+00:00,57723.0,57844.5
2025-09-09 15:00:00+00:00,58166.0,57723.0
2025-09-09 15:15:00+00:00,57834.6,58166.0
2025-09-09 15:30:00+00:00,58413.7,57834.6
2025-09-09 15:45:00+00:00,58667.3,58413.7
2025-09-09 16:00:00+00:00,58371.3,58667.3
2025-09-09 16:15:00+00:00,58083.9,58371.3
2025-09-09 16:30:00+00:00,58053.7,58083.9
2025-09-09 16:45:00+00:00,58158.7,58053.7
2025-09-09 17:00:00+00:00,57999.6,58158.7
2025-09-09 17:15:00+00:00,57754.8,57999.6
2025-09-09 17:30:00+00:00,57763.9,57754.8
2025-09-09 17:45:00+00:00,57693.3,57763.9
2025-09-09 18:00:00+00:00,58032.1,57693.3
2025-09-09 18:15:00+00:00,57723.0,58032.1
2025-09-09 18:30:00+00:00,57018.1,57723.0
2025-09-09 18:45:00+00:00,56516.8,57018.1
2025-09-09 19:00:00+00:00,55481.0,56516.8
2025-09-09 19:15:00+00:00,54365.6,55481.0
2025-09-09 19:30:00+00:00,53132.6,54365.6
2025-09-09 19:45:00+00:00,52064.0,53132.6
2025-09-09 20:00:00+00:00,50733.4,52064.0
2025-09-09 20:15:00+00:00,49826.2,50733.4
2025-09-09 20:30:00+00:00,48817.8,49826.2
2025-09-09 20:45:00+00:00,48128.7,48817.8
2025-09-09 21:00:00+00:00,46978.0,48128.7
2025-09-09 21:15:00+00:00,46512.7,46978.0
2025-09-09 21:30:00+00:00,45880.9,46512.7
2025-09-09 21:45:00+00:00,45320.9,45880.9
2025-09-09 22:00:00+00:00,44553.8,45320.9
2025-09-09 22:15:00+00:00,44239.8,44553.8
2025-09-09 22:30:00+00:00,43628.2,44239.8
2025-09-09 22:45:00+00:00,43307.6,43628.2
2025-09-09 23:00:00+00:00,43004.0,43307.6
2025-09-09 23:15:00+00:00,42750.5,43004.0
2025-09-09 23:30:00+00:00,42257.5,42750.5
2025-09-09 23:45:00+00:00,41940.4,42257.5
2025-09-10 00:00:00+00:00,41671.8,41940.4
2025-09-10 00:15:00+00:00,41381.8,41671.8
2025-09-10 00:30:00+00:00,41200.4,41381.8
2025-09-10 00:45:00+00:00,41184.5,41200.4
2025-09-10 01:00:00+00:00,40938.4,41184.5
2025-09-10 01:15:00+00:00,40724.4,40938.4
2025-09-10 01:30:00+00:00,40994.7,40724.4
2025-09-10 01:45:00+00:00,41282.8,40994.7
2025-09-10 02:00:00+00:00,41771.0,41282.8
2025-09-10 02:15:00+00:00,41898.4,41771.0
2025-09-10 02:30:00+00:00,41930.4,41898.4
2025-09-10 02:45:00+00:00,42561.4,41930.4
2025-09-10 03:00:00+00:00,43782.8,42561.4
2025-09-10 03:15:00+00:00,44481.1,43782.8
2025-09-10 03:30:00+00:00,45803.8,44481.1
2025-09-10 03:45:00+00:00,47369.2,45803.8
2025-09-10 04:00:00+00:00,50057.4,47369.2
2025-09-10 04:15:00+00:00,52160.4,50057.4
2025-09-10 04:30:00+00:00,53727.7,52160.4
2025-09-10 04:45:00+00:00,54690.8,53727.7
2025-09-10 05:00:00+00:00,55645.8,54690.8
2025-09-10 05:15:00+00:00,56585.8,55645.8
2025-09-10 05:30:00+00:00,57589.6,56585.8
2025-09-10 05:45:00+00:00,58308.7,57589.6
2025-09-10 06:00:00+00:00,58891.7,58308.7
2025-09-10 06:15:00+00:00,59852.5,58891.7
2025-09-10 06:30:00+00:00,60217.6,59852.5
2025-09-10 06:45:00+00:00,60637.4,60217.6
2025-09-10 07:00:00+00:00,60119.8,60637.4
2025-09-10 07:15:00+00:00,60542.6,60119.8
2025-09-10 07:30:00+00:00,60946.1,60542.6
2025-09-10 07:45:00+00:00,61265.8,60946.1
2025-09-10 08:00:00+00:00,61454.5,61265.8
2025-09-10 08:15:00+00:00,61830.6,61454.5
2025-09-10 08:30:00+00:00,61992.1,61830.6
2025-09-10 08:45:00+00:00,62288.6,61992.1
2025-09-10 09:00:00+00:00,62437.6,62288.6
2025-09-10 09:15:00+00:00,62504.5,62437.6
2025-09-10 09:30:00+00:00,62509.3,62504.5
2025-09-10 09:45:00+00:00,62144.5,62509.3
2025-09-10 10:00:00+00:00,61950.4,62144.5
2025-09-10 10:15:00+00:00,61628.9,61950.4
2025-09-10 10:30:00+00:00,61970.5,61628.9
2025-09-10 10:45:00+00:00,61990.2,61970.5
2025-09-10 11:00:00+00:00,61626.2,61990.2
2025-09-10 11:15:00+00:00,60638.2,61626.2
2025-09-10 11:30:00+00:00,60014.3,60638.2
2025-09-10 11:45:00+00:00,59339.8,60014.3
2025-09-10 12:00:00+00:00,59121.8,59339.8
2025-09-10 12:15:00+00:00,59191.5,59121.8
2025-09-10 12:30:00+00:00,58758.5,59191.5
2025-09-10 12:45:00+00:00,58508.4,58758.5
2025-09-10 13:00:00+00:00,58344.4,58508.4
2025-09-10 13:15:00+00:00,58078.0,58344.4
2025-09-10 13:30:00+00:00,57705.3,58078.0
2025-09-10 13:45:00+00:00,57069.4,57705.3
2025-09-10 14:00:00+00:00,57225.5,57069.4
2025-09-10 14:15:00+00:00,56568.0,57225.5
2025-09-10 14:30:00+00:00,56491.6,56568.0
2025-09-10 14:45:00+00:00,56410.8,56491.6
2025-09-10 15:00:00+00:00,57153.8,56410.8
2025-09-10 15:15:00+00:00,56965.0,57153.8
2025-09-10 15:30:00+00:00,57535.6,56965.0
2025-09-10 15:45:00+00:00,57819.4,57535.6
2025-09-10 16:00:00+00:00,57966.4,57819.4
2025-09-10 16:15:00+00:00,57763.7,57966.4
2025-09-10 16:30:00+00:00,57908.0,57763.7
2025-09-10 16:45:00+00:00,58041.2,57908.0
2025-09-10 17:00:00+00:00,57908.2,58041.2
2025-09-10 17:15:00+00:00,57731.9,57908.2
2025-09-10 17:30:00+00:00,57403.9,57731.9
2025-09-10 17:45:00+00:00,57518.7,57403.9
2025-09-10 18:00:00+00:00,57941.6,57518.7
2025-09-10 18:15:00+00:00,57535.7,57941.6
2025-09-10 18:30:00+00:00,56852.9,57535.7
2025-09-10 18:45:00+00:00,55752.8,56852.9
2025-09-10 19:00:00+00:00,54625.7,55752.8
2025-09-10 19:15:00+00:00,53410.7,54625.7
2025-09-10 19:30:00+00:00,52334.4,53410.7
2025-09-10 19:45:00+00:00,51218.7,52334.4
2025-09-10 20:00:00+00:00,49974.4,51218.7
2025-09-10 20:15:00+00:00,49429.2,49974.4
2025-09-10 20:30:00+00:00,48939.7,49429.2
2025-09-10 20:45:00+00:00,48027.5,48939.7
2025-09-10 21:00:00+00:00,46062.1,48027.5
2025-09-10 21:15:00+00:00,44962.2,46062.1
2025-09-10 21:30:00+00:00,44295.4,44962.2
2025-09-10 21:45:00+00:00,43300.0,44295.4
2025-09-10 22:00:00+00:00,42927.1,43300.0
2025-09-10 22:15:00+00:00,42318.5,42927.1
2025-09-10 22:30:00+00:00,42203.3,42318.5
2025-09-10 22:45:00+00:00,42046.6,42203.3
2025-09-10 23:00:00+00:00,41716.1,42046.6
2025-09-10 23:15:00+00:00,41071.3,41716.1
2025-09-10 23:30:00+00:00,40898.1,41071.3
2025-09-10 23:45:00+00:00,40572.8,40898.1
2025-09-11 00:00:00+00:00,40212.9,40572.8
2025-09-11 00:15:00+00:00,40089.9,40212.9
2025-09-11 00:30:00+00:00,39942.0,40089.9
2025-09-11 00:45:00+00:00,39906.9,39942.0
2025-09-11 01:00:00+00:00,39760.9,39906.9
2025-09-11 01:15:00+00:00,39909.1,39760.9
2025-09-11 01:30:00+00:00,40228.6,39909.1
2025-09-11 01:45:00+00:00,40528.1,40228.6
2025-09-11 02:00:00+00:00,40694.0,40528.1
2025-09-11 02:15:00+00:00,41220.1,40694.0
2025-09-11 02:30:00+00:00,41510.6,41220.1
2025-09-11 02:45:00+00:00,42300.2,41510.6
2025-09-11 03:00:00+00:00,43909.8,42300.2
2025-09-11 03:15:00+00:00,44649.8,43909.8
2025-09-11 03:30:00+00:00,46079.8,44649.8
2025-09-11 03:45:00+00:00,47688.9,46079.8
2025-09-11 04:00:00+00:00,50801.3,47688.9
2025-09-11 04:15:00+00:00,52874.4,50801.3
2025-09-11 04:30:00+00:00,54459.1,52874.4
2025-09-11 04:45:00+00:00,55251.6,54459.1
2025-09-11 05:00:00+00:00,56556.1,55251.6
2025-09-11 05:15:00+00:00,57303.8,56556.1
2025-09-11 05:30:00+00:00,57824.8,57303.8
2025-09-11 05:45:00+00:00,58331.1,57824.8
2025-09-11 06:00:00+00:00,58832.1,58331.1
2025-09-11 06:15:00+00:00,59921.4,58832.1
2025-09-11 06:30:00+00:00,60247.7,59921.4
2025-09-11 06:45:00+00:00,60160.0,60247.7
2025-09-11 07:00:00+00:00,59775.4,60160.0
2025-09-11 07:15:00+00:00,60742.1,59775.4
2025-09-11 07:30:00+00:00,61293.3,60742.1
2025-09-11 07:45:00+00:00,60754.7,61293.3
2025-09-11 08:00:00+00:00,60136.4,60754.7
2025-09-11 08:15:00+00:00,61074.2,60136.4
2025-09-11 08:30:00+00:00,61093.8,61074.2
2025-09-11 08:45:00+00:00,61258.2,61093.8
2025-09-11 09:00:00+00:00,61309.4,61258.2
2025-09-11 09:15:00+00:00,61268.7,61309.4
2025-09-11 09:30:00+00:00,60995.8,61268.7
2025-09-11 09:45:00+00:00,61191.0,60995.8
2025-09-11 10:00:00+00:00,60270.9,61191.0
2025-09-11 10:15:00+00:00,60495.2,60270.9
2025-09-11 10:30:00+00:00,60105.0,60495.2
2025-09-11 10:45:00+00:00,59728.5,60105.0
2025-09-11 11:00:00+00:00,59397.9,59728.5
2025-09-11 11:15:00+00:00,58703.7,59397.9
2025-09-11 11:30:00+00:00,58681.5,58703.7
2025-09-11 11:45:00+00:00,58092.9,58681.5
2025-09-11 12:00:00+00:00,57956.0,58092.9
2025-09-11 12:15:00+00:00,57298.2,57956.0
2025-09-11 12:30:00+00:00,56847.4,57298.2
2025-09-11 12:45:00+00:00,56576.4,56847.4
2025-09-11 13:00:00+00:00,55952.9,56576.4
2025-09-11 13:15:00+00:00,55689.5,55952.9
2025-09-11 13:30:00+00:00,55326.5,55689.5
2025-09-11 13:45:00+00:00,55173.2,55326.5
2025-09-11 14:00:00+00:00,55333.8,55173.2
2025-09-11 14:15:00+00:00,55360.3,55333.8
2025-09-11 14:30:00+00:00,54879.3,55360.3
2025-09-11 14:45:00+00:00,55111.7,54879.3
2025-09-11 15:00:00+00:00,56702.3,55111.7
2025-09-11 15:15:00+00:00,56801.8,56702.3
2025-09-11 15:30:00+00:00,56660.2,56801.8
2025-09-11 15:45:00+00:00,56115.0,56660.2
2025-09-11 16:00:00+00:00,56974.6,56115.0
2025-09-11 16:15:00+00:00,56388.9,56974.6
2025-09-11 16:30:00+00:00,57038.9,56388.9
2025-09-11 16:45:00+00:00,57067.4,57038.9
2025-09-11 17:00:00+00:00,57201.2,57067.4
2025-09-11 17:15:00+00:00,57242.5,57201.2
2025-09-11 17:30:00+00:00,57530.7,57242.5
2025-09-11 17:45:00+00:00,58031.3,57530.7
2025-09-11 18:00:00+00:00,57279.4,58031.3
2025-09-11 18:15:00+00:00,57119.9,57279.4
2025-09-11 18:30:00+00:00,56563.9,57119.9
2025-09-11 18:45:00+00:00,55766.3,56563.9
2025-09-11 19:00:00+00:00,54387.6,55766.3
2025-09-11 19:15:00+00:00,53330.0,54387.6
2025-09-11 19:30:00+00:00,52315.5,53330.0
2025-09-11 19:45:00+00:00,51791.3,52315.5
2025-09-11 20:00:00+00:00,50230.2,51791.3
2025-09-11 20:15:00+00:00,48948.9,50230.2
2025-09-11 20:30:00+00:00,48480.0,48948.9
2025-09-11 20:45:00+00:00,47978.3,48480.0
2025-09-11 21:00:00+00:00,47586.9,47978.3
2025-09-11 21:15:00+00:00,46977.8,47586.9
2025-09-11 21:30:00+00:00,46595.2,46977.8
2025-09-11 21:45:00+00:00,46037.6,46595.2
2025-09-11 22:00:00+00:00,44721.2,46037.6
2025-09-11 22:15:00+00:00,44595.8,44721.2
2025-09-11 22:30:00+00:00,44235.8,44595.8
2025-09-11 22:45:00+00:00,43389.4,44235.8
2025-09-11 23:00:00+00:00,42903.0,43389.4
2025-09-11 23:15:00+00:00,42471.4,42903.0
2025-09-11 23:30:00+00:00,42128.2,42471.4
2025-09-11 23:45:00+00:00,41220.8,42128.2
2025-09-12 00:00:00+00:00,40999.7,41220.8
2025-09-12 00:15:00+00:00,41042.9,40999.7
2025-09-12 00:30:00+00:00,41240.0,41042.9
2025-09-12 00:45:00+00:00,41510.9,41240.0
2025-09-12 01:00:00+00:00,41638.7,41510.9
2025-09-12 01:15:00+00:00,41920.4,41638.7
2025-09-12 01:30:00+00:00,41970.7,41920.4
2025-09-12 01:45:00+00:00,41940.8,41970.7
2025-09-12 02:00:00+00:00,42287.7,41940.8
2025-09-12 02:15:00+00:00,42389.6,42287.7
2025-09-12 02:30:00+00:00,42666.8,42389.6
2025-09-12 02:45:00+00:00,42791.0,42666.8
2025-09-12 03:00:00+00:00,44418.5,42791.0
2025-09-12 03:15:00+00:00,45153.4,44418.5
2025-09-12 03:30:00+00:00,46030.4,45153.4
2025-09-12 03:45:00+00:00,47752.8,46030.4
2025-09-12 04:00:00+00:00,50745.5,47752.8
2025-09-12 04:15:00+00:00,52478.0,50745.5
2025-09-12 04:30:00+00:00,54154.1,52478.0
2025-09-12 04:45:00+00:00,54816.8,54154.1
2025-09-12 05:00:00+00:00,55835.8,54816.8
2025-09-12 05:15:00+00:00,56599.8,55835.8
2025-09-12 05:30:00+00:00,57658.3,56599.8
2025-09-12 05:45:00+00:00,58489.3,57658.3
2025-09-12 06:00:00+00:00,59070.0,58489.3
2025-09-12 06:15:00+00:00,59858.0,59070.0
2025-09-12 06:30:00+00:00,60093.0,59858.0
2025-09-12 06:45:00+00:00,60442.3,60093.0
2025-09-12 07:00:00+00:00,59667.2,60442.3
2025-09-12 07:15:00+00:00,60538.8,59667.2
2025-09-12 07:30:00+00:00,60790.2,60538.8
2025-09-12 07:45:00+00:00,60662.4,60790.2
2025-09-12 08:00:00+00:00,60690.7,60662.4
2025-09-12 08:15:00+00:00,60904.0,60690.7
2025-09-12 08:30:00+00:00,60975.9,60904.0
2025-09-12 08:45:00+00:00,61063.1,60975.9
2025-09-12 09:00:00+00:00,60818.7,61063.1
2025-09-12 09:15:00+00:00,61308.7,60818.7
2025-09-12 09:30:00+00:00,61658.9,61308.7
2025-09-12 09:45:00+00:00,61079.6,61658.9
2025-09-12 10:00:00+00:00,60507.0,61079.6
2025-09-12 10:15:00+00:00,59908.3,60507.0
2025-09-12 10:30:00+00:00,59315.8,59908.3
2025-09-12 10:45:00+00:00,58792.8,59315.8
2025-09-12 11:00:00+00:00,57435.4,58792.8
2025-09-12 11:15:00+00:00,56795.9,57435.4
2025-09-12 11:30:00+00:00,56411.2,56795.9
2025-09-12 11:45:00+00:00,55612.8,56411.2
2025-09-12 12:00:00+00:00,55267.9,55612.8
2025-09-12 12:15:00+00:00,54823.7,55267.9
2025-09-12 12:30:00+00:00,55402.6,54823.7
2025-09-12 12:45:00+00:00,54830.9,55402.6
2025-09-12 13:00:00+00:00,54449.6,54830.9
2025-09-12 13:15:00+00:00,54178.9,54449.6
2025-09-12 13:30:00+00:00,53241.6,54178.9
2025-09-12 13:45:00+00:00,52484.8,53241.6
2025-09-12 14:00:00+00:00,52966.0,52484.8
2025-09-12 14:15:00+00:00,53026.5,52966.0
2025-09-12 14:30:00+00:00,52968.1,53026.5
2025-09-12 14:45:00+00:00,53180.8,52968.1
2025-09-12 15:00:00+00:00,54046.6,53180.8
2025-09-12 15:15:00+00:00,54595.5,54046.6
2025-09-12 15:30:00+00:00,54622.4,54595.5
2025-09-12 15:45:00+00:00,54887.2,54622.4
2025-09-12 16:00:00+00:00,55053.3,54887.2
2025-09-12 16:15:00+00:00,55370.9,55053.3
2025-09-12 16:30:00+00:00,55318.7,55370.9
2025-09-12 16:45:00+00:00,55788.6,55318.7
2025-09-12 17:00:00+00:00,55399.1,55788.6
2025-09-12 17:15:00+00:00,55290.4,55399.1
2025-09-12 17:30:00+00:00,55334.0,55290.4
2025-09-12 17:45:00+00:00,55690.6,55334.0
2025-09-12 18:00:00+00:00,55303.7,55690.6
2025-09-12 18:15:00+00:00,54586.2,55303.7
2025-09-12 18:30:00+00:00,54173.7,54586.2
2025-09-12 18:45:00+00:00,52820.1,54173.7
2025-09-12 19:00:00+00:00,51649.1,52820.1
2025-09-12 19:15:00+00:00,50729.2,51649.1
2025-09-12 19:30:00+00:00,49876.4,50729.2
2025-09-12 19:45:00+00:00,49255.0,49876.4
2025-09-12 20:00:00+00:00,48255.1,49255.0
2025-09-12 20:15:00+00:00,47748.3,48255.1
2025-09-12 20:30:00+00:00,46647.8,47748.3
2025-09-12 20:45:00+00:00,46179.5,46647.8
2025-09-12 21:00:00+00:00,45695.0,46179.5
2025-09-12 21:15:00+00:00,44860.7,45695.0
2025-09-12 21:30:00+00:00,43926.6,44860.7
2025-09-12 21:45:00+00:00,42899.1,43926.6
2025-09-12 22:00:00+00:00,41532.1,42899.1
2025-09-12 22:15:00+00:00,41094.2,41532.1
2025-09-12 22:30:00+00:00,40642.8,41094.2
2025-09-12 22:45:00+00:00,39997.3,40642.8
2025-09-12 23:00:00+00:00,39449.6,39997.3
2025-09-12 23:15:00+00:00,39146.8,39449.6
2025-09-12 23:30:00+00:00,38675.1,39146.8
2025-09-12 23:45:00+00:00,38499.9,38675.1
2025-09-13 00:00:00+00:00,38349.5,38499.9
2025-09-13 00:15:00+00:00,38546.9,38349.5
2025-09-13 00:30:00+00:00,38379.4,38546.9
2025-09-13 00:45:00+00:00,38476.7,38379.4
2025-09-13 01:00:00+00:00,38534.6,38476.7
2025-09-13 01:15:00+00:00,38347.0,38534.6
2025-09-13 01:30:00+00:00,38052.4,38347.0
2025-09-13 01:45:00+00:00,38048.8,38052.4
2025-09-13 02:00:00+00:00,37932.4,38048.8
2025-09-13 02:15:00+00:00,37820.5,37932.4
2025-09-13 02:30:00+00:00,37450.1,37820.5
2025-09-13 02:45:00+00:00,37888.7,37450.1
2025-09-13 03:00:00+00:00,38216.9,37888.7
2025-09-13 03:15:00+00:00,38354.2,38216.9
2025-09-13 03:30:00+00:00,38623.4,38354.2
2025-09-13 03:45:00+00:00,38828.7,38623.4
2025-09-13 04:00:00+00:00,40013.5,38828.7
2025-09-13 04:15:00+00:00,40559.6,40013.5
2025-09-13 04:30:00+00:00,40839.5,40559.6
2025-09-13 04:45:00+00:00,41126.0,40839.5
2025-09-13 05:00:00+00:00,41535.9,41126.0
2025-09-13 05:15:00+00:00,42276.3,41535.9
2025-09-13 05:30:00+00:00,43016.2,42276.3
2025-09-13 05:45:00+00:00,43723.0,43016.2
2025-09-13 06:00:00+00:00,44775.9,43723.0
2025-09-13 06:15:00+00:00,45565.5,44775.9
2025-09-13 06:30:00+00:00,46109.1,45565.5
2025-09-13 06:45:00+00:00,46679.3,46109.1
2025-09-13 07:00:00+00:00,47384.1,46679.3
2025-09-13 07:15:00+00:00,48259.9,47384.1
2025-09-13 07:30:00+00:00,49559.4,48259.9
2025-09-13 07:45:00+00:00,50045.0,49559.4
2025-09-13 08:00:00+00:00,49484.4,50045.0
2025-09-13 08:15:00+00:00,49736.8,49484.4
2025-09-13 08:30:00+00:00,50975.0,49736.8
2025-09-13 08:45:00+00:00,51482.2,50975.0
2025-09-13 09:00:00+00:00,51127.9,51482.2
2025-09-13 09:15:00+00:00,50811.7,51127.9
2025-09-13 09:30:00+00:00,50767.8,50811.7
2025-09-13 09:45:00+00:00,50645.6,50767.8
2025-09-13 10:00:00+00:00,50133.4,50645.6
2025-09-13 10:15:00+00:00,49673.1,50133.4
2025-09-13 10:30:00+00:00,49727.0,49673.1
2025-09-13 10:45:00+00:00,48911.4,49727.0
2025-09-13 11:00:00+00:00,48074.5,48911.4
2025-09-13 11:15:00+00:00,47862.5,48074.5
2025-09-13 11:30:00+00:00,47445.8,47862.5
2025-09-13 11:45:00+00:00,46848.1,47445.8
2025-09-13 12:00:00+00:00,46792.6,46848.1
2025-09-13 12:15:00+00:00,45657.4,46792.6
2025-09-13 12:30:00+00:00,45902.6,45657.4
2025-09-13 12:45:00+00:00,45469.8,45902.6
2025-09-13 13:00:00+00:00,45752.4,45469.8
2025-09-13 13:15:00+00:00,45647.8,45752.4
2025-09-13 13:30:00+00:00,45399.3,45647.8
2025-09-13 13:45:00+00:00,45040.8,45399.3
2025-09-13 14:00:00+00:00,45580.1,45040.8
2025-09-13 14:15:00+00:00,45621.2,45580.1
2025-09-13 14:30:00+00:00,45763.5,45621.2
2025-09-13 14:45:00+00:00,45597.2,45763.5
2025-09-13 15:00:00+00:00,46279.4,45597.2
2025-09-13 15:15:00+00:00,46531.6,46279.4
2025-09-13 15:30:00+00:00,46886.5,46531.6
2025-09-13 15:45:00+00:00,47961.5,46886.5
2025-09-13 16:00:00+00:00,48919.5,47961.5
2025-09-13 16:15:00+00:00,48632.2,48919.5
2025-09-13 16:30:00+00:00,48952.3,48632.2
2025-09-13 16:45:00+00:00,48204.1,48952.3
2025-09-13 17:00:00+00:00,47940.4,48204.1
2025-09-13 17:15:00+00:00,47235.3,47940.4
2025-09-13 17:30:00+00:00,47914.1,47235.3
2025-09-13 17:45:00+00:00,48494.3,47914.1
2025-09-13 18:00:00+00:00,48170.9,48494.3
2025-09-13 18:15:00+00:00,47958.2,48170.9
2025-09-13 18:30:00+00:00,47072.3,47958.2
2025-09-13 18:45:00+00:00,46441.4,47072.3
2025-09-13 19:00:00+00:00,45704.5,46441.4
2025-09-13 19:15:00+00:00,44680.4,45704.5
2025-09-13 19:30:00+00:00,44262.9,44680.4
2025-09-13 19:45:00+00:00,43120.8,44262.9
2025-09-13 20:00:00+00:00,42619.3,43120.8
2025-09-13 20:15:00+00:00,42767.8,42619.3
2025-09-13 20:30:00+00:00,42152.4,42767.8
2025-09-13 20:45:00+00:00,41209.1,42152.4
2025-09-13 21:00:00+00:00,40882.9,41209.1
2025-09-13 21:15:00+00:00,40170.6,40882.9
2025-09-13 21:30:00+00:00,39797.7,40170.6
2025-09-13 21:45:00+00:00,39314.5,39797.7
2025-09-13 22:00:00+00:00,38338.9,39314.5
2025-09-13 22:15:00+00:00,37719.5,38338.9
2025-09-13 22:30:00+00:00,37159.5,37719.5
2025-09-13 22:45:00+00:00,36617.1,37159.5
2025-09-13 23:00:00+00:00,36297.9,36617.1
2025-09-13 23:15:00+00:00,35795.7,36297.9
2025-09-13 23:30:00+00:00,35580.4,35795.7
2025-09-13 23:45:00+00:00,35246.2,35580.4
2025-09-14 00:00:00+00:00,34998.2,35246.2
2025-09-14 00:15:00+00:00,35054.3,34998.2
2025-09-14 00:30:00+00:00,34781.2,35054.3
2025-09-14 00:45:00+00:00,34573.9,34781.2
2025-09-14 01:00:00+00:00,34587.4,34573.9
2025-09-14 01:15:00+00:00,34754.2,34587.4
2025-09-14 01:30:00+00:00,34223.8,34754.2
2025-09-14 01:45:00+00:00,34080.7,34223.8
2025-09-14 02:00:00+00:00,34232.8,34080.7
2025-09-14 02:15:00+00:00,33937.2,34232.8
2025-09-14 02:30:00+00:00,33985.0,33937.2
2025-09-14 02:45:00+00:00,34187.8,33985.0
2025-09-14 03:00:00+00:00,34772.6,34187.8
2025-09-14 03:15:00+00:00,34906.3,34772.6
2025-09-14 03:30:00+00:00,34899.5,34906.3
2025-09-14 03:45:00+00:00,35042.4,34899.5
2025-09-14 04:00:00+00:00,35562.0,35042.4
2025-09-14 04:15:00+00:00,35565.3,35562.0
2025-09-14 04:30:00+00:00,36109.8,35565.3
2025-09-14 04:45:00+00:00,36122.1,36109.8
2025-09-14 05:00:00+00:00,36785.4,36122.1
2025-09-14 05:15:00+00:00,37505.7,36785.4
2025-09-14 05:30:00+00:00,38014.4,37505.7
2025-09-14 05:45:00+00:00,38544.3,38014.4
2025-09-14 06:00:00+00:00,39333.1,38544.3
2025-09-14 06:15:00+00:00,40436.4,39333.1
2025-09-14 06:30:00+00:00,41297.8,40436.4
2025-09-14 06:45:00+00:00,41626.9,41297.8
2025-09-14 07:00:00+00:00,42158.6,41626.9
2025-09-14 07:15:00+00:00,43045.0,42158.6
2025-09-14 07:30:00+00:00,43580.2,43045.0
2025-09-14 07:45:00+00:00,44189.1,43580.2
2025-09-14 08:00:00+00:00,44560.4,44189.1
2025-09-14 08:15:00+00:00,45281.9,44560.4
2025-09-14 08:30:00+00:00,45343.5,45281.9
2025-09-14 08:45:00+00:00,45840.0,45343.5
2025-09-14 09:00:00+00:00,46296.8,45840.0
2025-09-14 09:15:00+00:00,46364.5,46296.8
2025-09-14 09:30:00+00:00,46482.2,46364.5
2025-09-14 09:45:00+00:00,46454.6,46482.2
2025-09-14 10:00:00+00:00,46204.2,46454.6
2025-09-14 10:15:00+00:00,45727.9,46204.2
2025-09-14 10:30:00+00:00,45148.1,45727.9
2025-09-14 10:45:00+00:00,44780.9,45148.1
2025-09-14 11:00:00+00:00,44320.3,44780.9
2025-09-14 11:15:00+00:00,43596.5,44320.3
2025-09-14 11:30:00+00:00,42865.0,43596.5
2025-09-14 11:45:00+00:00,42533.1,42865.0
2025-09-14 12:00:00+00:00,42272.4,42533.1
2025-09-14 12:15:00+00:00,41571.1,42272.4
2025-09-14 12:30:00+00:00,41488.7,41571.1
2025-09-14 12:45:00+00:00,41240.8,41488.7
2025-09-14 13:00:00+00:00,41208.9,41240.8
2025-09-14 13:15:00+00:00,40798.1,41208.9
2025-09-14 13:30:00+00:00,40769.5,40798.1
2025-09-14 13:45:00+00:00,40575.8,40769.5
2025-09-14 14:00:00+00:00,41339.7,40575.8
2025-09-14 14:15:00+00:00,41119.1,41339.7
2025-09-14 14:30:00+00:00,41081.4,41119.1
2025-09-14 14:45:00+00:00,41496.5,41081.4
2025-09-14 15:00:00+00:00,42449.7,41496.5
2025-09-14 15:15:00+00:00,42876.5,42449.7
2025-09-14 15:30:00+00:00,44073.2,42876.5
2025-09-14 15:45:00+00:00,44684.0,44073.2
2025-09-14 16:00:00+00:00,45618.5,44684.0
2025-09-14 16:15:00+00:00,45518.1,45618.5
2025-09-14 16:30:00+00:00,46086.4,45518.1
2025-09-14 16:45:00+00:00,46220.6,46086.4
2025-09-14 17:00:00+00:00,46861.2,46220.6
2025-09-14 17:15:00+00:00,47087.3,46861.2
2025-09-14 17:30:00+00:00,47005.2,47087.3
2025-09-14 17:45:00+00:00,47595.7,47005.2
2025-09-14 18:00:00+00:00,47735.2,47595.7
2025-09-14 18:15:00+00:00,47149.4,47735.2
2025-09-14 18:30:00+00:00,46622.4,47149.4
2025-09-14 18:45:00+00:00,45877.0,46622.4
2025-09-14 19:00:00+00:00,45508.9,45877.0
2025-09-14 19:15:00+00:00,44903.9,45508.9
2025-09-14 19:30:00+00:00,44611.3,44903.9
2025-09-14 19:45:00+00:00,43942.3,44611.3
2025-09-14 20:00:00+00:00,43510.8,43942.3
2025-09-14 20:15:00+00:00,42984.9,43510.8
2025-09-14 20:30:00+00:00,42465.0,42984.9
2025-09-14 20:45:00+00:00,41834.2,42465.0
2025-09-14 21:00:00+00:00,41857.6,41834.2
2025-09-14 21:15:00+00:00,40798.7,41857.6
2025-09-14 21:30:00+00:00,40331.1,40798.7
2025-09-14 21:45:00+00:00,40385.2,40331.1
2025-09-14 22:00:00+00:00,39885.8,40385.2
2025-09-14 22:15:00+00:00,39589.5,39885.8
2025-09-14 22:30:00+00:00,39417.8,39589.5
2025-09-14 22:45:00+00:00,39138.5,39417.8
2025-09-14 23:00:00+00:00,38869.0,39138.5
2025-09-14 23:15:00+00:00,38226.6,38869.0
2025-09-14 23:30:00+00:00,38249.3,38226.6
2025-09-14 23:45:00+00:00,38225.8,38249.3
2025-09-15 00:00:00+00:00,38361.3,38225.8
2025-09-15 00:15:00+00:00,37892.4,38361.3
2025-09-15 00:30:00+00:00,37940.2,37892.4
2025-09-15 00:45:00+00:00,38266.4,37940.2
2025-09-15 01:00:00+00:00,38010.8,38266.4
2025-09-15 01:15:00+00:00,38087.3,38010.8
2025-09-15 01:30:00+00:00,38028.8,38087.3
2025-09-15 01:45:00+00:00,38433.2,38028.8
2025-09-15 02:00:00+00:00,38607.4,38433.2
2025-09-15 02:15:00+00:00,38992.4,38607.4
2025-09-15 02:30:00+00:00,39854.6,38992.4
2025-09-15 02:45:00+00:00,40558.7,39854.6
2025-09-15 03:00:00+00:00,42621.6,40558.7
2025-09-15 03:15:00+00:00,42947.0,42621.6
2025-09-15 03:30:00+00:00,44809.2,42947.0
2025-09-15 03:45:00+00:00,46619.1,44809.2
2025-09-15 04:00:00+00:00,50453.6,46619.1
2025-09-15 04:15:00+00:00,52893.9,50453.6
2025-09-15 04:30:00+00:00,55016.8,52893.9
2025-09-15 04:45:00+00:00,56166.0,55016.8
2025-09-15 05:00:00+00:00,57414.5,56166.0
2025-09-15 05:15:00+00:00,58293.7,57414.5
2025-09-15 05:30:00+00:00,59058.8,58293.7
2025-09-15 05:45:00+00:00,60162.8,59058.8
2025-09-15 06:00:00+00:00,60673.2,60162.8
2025-09-15 06:15:00+00:00,61488.4,60673.2
2025-09-15 06:30:00+00:00,62085.5,61488.4
2025-09-15 06:45:00+00:00,62364.8,62085.5
2025-09-15 07:00:00+00:00,61260.3,62364.8
2025-09-15 07:15:00+00:00,61429.8,61260.3
2025-09-15 07:30:00+00:00,62107.2,61429.8
2025-09-15 07:45:00+00:00,62552.4,62107.2
2025-09-15 08:00:00+00:00,61756.5,62552.4
2025-09-15 08:15:00+00:00,61834.4,61756.5
2025-09-15 08:30:00+00:00,61985.6,61834.4
2025-09-15 08:45:00+00:00,61945.7,61985.6
2025-09-15 09:00:00+00:00,61387.9,61945.7
2025-09-15 09:15:00+00:00,61323.2,61387.9
2025-09-15 09:30:00+00:00,61988.2,61323.2
2025-09-15 09:45:00+00:00,61244.2,61988.2
2025-09-15 10:00:00+00:00,60736.6,61244.2
2025-09-15 10:15:00+00:00,60205.8,60736.6
2025-09-15 10:30:00+00:00,59913.6,60205.8
2025-09-15 10:45:00+00:00,59310.3,59913.6
2025-09-15 11:00:00+00:00,58775.9,59310.3
2025-09-15 11:15:00+00:00,58417.1,58775.9
2025-09-15 11:30:00+00:00,57882.2,58417.1
2025-09-15 11:45:00+00:00,57152.1,57882.2
2025-09-15 12:00:00+00:00,56429.6,57152.1
2025-09-15 12:15:00+00:00,56350.3,56429.6
2025-09-15 12:30:00+00:00,55773.3,56350.3
2025-09-15 12:45:00+00:00,55583.5,55773.3
2025-09-15 13:00:00+00:00,55519.7,55583.5
2025-09-15 13:15:00+00:00,55026.1,55519.7
2025-09-15 13:30:00+00:00,55472.3,55026.1
2025-09-15 13:45:00+00:00,54965.3,55472.3
2025-09-15 14:00:00+00:00,55130.7,54965.3
2025-09-15 14:15:00+00:00,55501.7,55130.7
2025-09-15 14:30:00+00:00,55135.9,55501.7
2025-09-15 14:45:00+00:00,55031.8,55135.9
2025-09-15 15:00:00+00:00,56602.8,55031.8
2025-09-15 15:15:00+00:00,57006.9,56602.8
2025-09-15 15:30:00+00:00,57197.2,57006.9
2025-09-15 15:45:00+00:00,57567.9,57197.2
2025-09-15 16:00:00+00:00,58641.0,57567.9
2025-09-15 16:15:00+00:00,58599.7,58641.0
2025-09-15 16:30:00+00:00,58955.4,58599.7
2025-09-15 16:45:00+00:00,59206.7,58955.4
2025-09-15 17:00:00+00:00,58918.2,59206.7
2025-09-15 17:15:00+00:00,59081.4,58918.2
2025-09-15 17:30:00+00:00,59316.6,59081.4
2025-09-15 17:45:00+00:00,59744.0,59316.6
2025-09-15 18:00:00+00:00,59701.5,59744.0
2025-09-15 18:15:00+00:00,58862.3,59701.5
2025-09-15 18:30:00+00:00,58231.9,58862.3
2025-09-15 18:45:00+00:00,57634.7,58231.9
2025-09-15 19:00:00+00:00,56414.5,57634.7
2025-09-15 19:15:00+00:00,55266.3,56414.5
2025-09-15 19:30:00+00:00,54357.5,55266.3
2025-09-15 19:45:00+00:00,53540.1,54357.5
2025-09-15 20:00:00+00:00,52004.8,53540.1
2025-09-15 20:15:00+00:00,51678.1,52004.8
2025-09-15 20:30:00+00:00,51066.4,51678.1
2025-09-15 20:45:00+00:00,50098.1,51066.4
2025-09-15 21:00:00+00:00,49189.9,50098.1
2025-09-15 21:15:00+00:00,48116.0,49189.9
2025-09-15 21:30:00+00:00,47065.4,48116.0
2025-09-15 21:45:00+00:00,46824.5,47065.4
2025-09-15 22:00:00+00:00,46163.1,46824.5
2025-09-15 22:15:00+00:00,45498.6,46163.1
2025-09-15 22:30:00+00:00,44795.5,45498.6
2025-09-15 22:45:00+00:00,44808.2,44795.5
2025-09-15 23:00:00+00:00,43962.1,44808.2
2025-09-15 23:15:00+00:00,43231.3,43962.1
2025-09-15 23:30:00+00:00,42832.4,43231.3
2025-09-15 23:45:00+00:00,42767.5,42832.4
2025-09-16 00:00:00+00:00,42086.1,42767.5
2025-09-16 00:15:00+00:00,41942.9,42086.1
2025-09-16 00:30:00+00:00,41975.3,41942.9
2025-09-16 00:45:00+00:00,42224.2,41975.3
2025-09-16 01:00:00+00:00,42277.6,42224.2
2025-09-16 01:15:00+00:00,42441.6,42277.6
2025-09-16 01:30:00+00:00,42569.6,42441.6
2025-09-16 01:45:00+00:00,42643.4,42569.6
2025-09-16 02:00:00+00:00,43195.8,42643.4
2025-09-16 02:15:00+00:00,43302.7,43195.8
2025-09-16 02:30:00+00:00,43893.1,43302.7
2025-09-16 02:45:00+00:00,44601.9,43893.1
2025-09-16 03:00:00+00:00,46768.9,44601.9
2025-09-16 03:15:00+00:00,47728.4,46768.9
2025-09-16 03:30:00+00:00,48613.8,47728.4
2025-09-16 03:45:00+00:00,50433.2,48613.8
2025-09-16 04:00:00+00:00,54376.2,50433.2
2025-09-16 04:15:00+00:00,55833.2,54376.2
2025-09-16 04:30:00+00:00,57040.3,55833.2
2025-09-16 04:45:00+00:00,58258.1,57040.3
2025-09-16 05:00:00+00:00,59391.8,58258.1
2025-09-16 05:15:00+00:00,59955.2,59391.8
2025-09-16 05:30:00+00:00,60670.7,59955.2
2025-09-16 05:45:00+00:00,61193.9,60670.7
2025-09-16 06:00:00+00:00,62354.5,61193.9
2025-09-16 06:15:00+00:00,63074.7,62354.5
2025-09-16 06:30:00+00:00,63431.5,63074.7
2025-09-16 06:45:00+00:00,63665.1,63431.5
2025-09-16 07:00:00+00:00,62904.7,63665.1
2025-09-16 07:15:00+00:00,63846.1,62904.7
2025-09-16 07:30:00+00:00,63912.2,63846.1
2025-09-16 07:45:00+00:00,63806.0,63912.2
2025-09-16 08:00:00+00:00,63827.0,63806.0
2025-09-16 08:15:00+00:00,63255.5,63827.0
2025-09-16 08:30:00+00:00,63685.7,63255.5
2025-09-16 08:45:00+00:00,63998.7,63685.7
2025-09-16 09:00:00+00:00,62876.3,63998.7
2025-09-16 09:15:00+00:00,62872.5,62876.3
2025-09-16 09:30:00+00:00,62613.9,62872.5
2025-09-16 09:45:00+00:00,62286.5,62613.9
2025-09-16 10:00:00+00:00,60648.3,62286.5
2025-09-16 10:15:00+00:00,60719.7,60648.3
2025-09-16 10:30:00+00:00,60549.9,60719.7
2025-09-16 10:45:00+00:00,59989.0,60549.9
2025-09-16 11:00:00+00:00,59715.1,59989.0
2025-09-16 11:15:00+00:00,59668.4,59715.1
2025-09-16 11:30:00+00:00,59231.2,59668.4
2025-09-16 11:45:00+00:00,58690.8,59231.2
2025-09-16 12:00:00+00:00,58583.7,58690.8
2025-09-16 12:15:00+00:00,57429.4,58583.7
2025-09-16 12:30:00+00:00,57383.0,57429.4
2025-09-16 12:45:00+00:00,56689.1,57383.0
2025-09-16 13:00:00+00:00,56607.2,56689.1
2025-09-16 13:15:00+00:00,56888.3,56607.2
2025-09-16 13:30:00+00:00,56204.8,56888.3
2025-09-16 13:45:00+00:00,55873.8,56204.8
2025-09-16 14:00:00+00:00,56779.7,55873.8
2025-09-16 14:15:00+00:00,56895.1,56779.7
2025-09-16 14:30:00+00:00,56843.8,56895.1
2025-09-16 14:45:00+00:00,57925.4,56843.8
2025-09-16 15:00:00+00:00,59889.4,57925.4
2025-09-16 15:15:00+00:00,59853.6,59889.4
2025-09-16 15:30:00+00:00,59310.5,59853.6
2025-09-16 15:45:00+00:00,58826.1,59310.5
2025-09-16 16:00:00+00:00,59346.8,58826.1
2025-09-16 16:15:00+00:00,59411.2,59346.8
2025-09-16 16:30:00+00:00,59857.0,59411.2
2025-09-16 16:45:00+00:00,59585.2,59857.0
2025-09-16 17:00:00+00:00,60707.1,59585.2
2025-09-16 17:15:00+00:00,60518.7,60707.1
2025-09-16 17:30:00+00:00,60649.2,60518.7
2025-09-16 17:45:00+00:00,60725.4,60649.2
2025-09-16 18:00:00+00:00,59840.5,60725.4
2025-09-16 18:15:00+00:00,58966.8,59840.5
2025-09-16 18:30:00+00:00,58276.8,58966.8
2025-09-16 18:45:00+00:00,54091.7,58276.8
2025-09-16 19:00:00+00:00,52554.6,54091.7
2025-09-16 19:15:00+00:00,51512.9,52554.6
2025-09-16 19:30:00+00:00,50320.2,51512.9
2025-09-16 19:45:00+00:00,49277.1,50320.2
2025-09-16 20:00:00+00:00,48218.2,49277.1
2025-09-16 20:15:00+00:00,47322.9,48218.2
2025-09-16 20:30:00+00:00,46811.6,47322.9
2025-09-16 20:45:00+00:00,45762.5,46811.6
2025-09-16 21:00:00+00:00,45162.3,45762.5
2025-09-16 21:15:00+00:00,44026.2,45162.3
2025-09-16 21:30:00+00:00,43608.2,44026.2
2025-09-16 21:45:00+00:00,42990.0,43608.2
2025-09-16 22:00:00+00:00,42290.4,42990.0
2025-09-16 22:15:00+00:00,41999.0,42290.4
2025-09-16 22:30:00+00:00,41711.3,41999.0
2025-09-16 22:45:00+00:00,44086.3,41711.3
2025-09-16 23:00:00+00:00,43041.3,44086.3
2025-09-16 23:15:00+00:00,42940.6,43041.3
2025-09-16 23:30:00+00:00,42655.2,42940.6
2025-09-16 23:45:00+00:00,42421.8,42655.2
2025-09-17 00:00:00+00:00,42363.0,42421.8
2025-09-17 00:15:00+00:00,42218.2,42363.0
2025-09-17 00:30:00+00:00,42441.3,42218.2
2025-09-17 00:45:00+00:00,42406.9,42441.3
2025-09-17 01:00:00+00:00,42378.8,42406.9
2025-09-17 01:15:00+00:00,42267.9,42378.8
2025-09-17 01:30:00+00:00,42118.3,42267.9
2025-09-17 01:45:00+00:00,42349.6,42118.3
2025-09-17 02:00:00+00:00,42707.1,42349.6
2025-09-17 02:15:00+00:00,43045.3,42707.1
2025-09-17 02:30:00+00:00,43567.2,43045.3
2025-09-17 02:45:00+00:00,43574.9,43567.2
2025-09-17 03:00:00+00:00,44977.2,43574.9
2025-09-17 03:15:00+00:00,45653.2,44977.2
2025-09-17 03:30:00+00:00,47065.9,45653.2
2025-09-17 03:45:00+00:00,48721.3,47065.9
2025-09-17 04:00:00+00:00,52694.7,48721.3
2025-09-17 04:15:00+00:00,54371.3,52694.7
2025-09-17 04:30:00+00:00,55856.6,54371.3
2025-09-17 04:45:00+00:00,57266.4,55856.6
2025-09-17 05:00:00+00:00,58436.2,57266.4
2025-09-17 05:15:00+00:00,59181.6,58436.2
2025-09-17 05:30:00+00:00,59957.7,59181.6
2025-09-17 05:45:00+00:00,60651.1,59957.7
2025-09-17 06:00:00+00:00,60344.0,60651.1
2025-09-17 06:15:00+00:00,61118.6,60344.0
2025-09-17 06:30:00+00:00,61697.7,61118.6
2025-09-17 06:45:00+00:00,61874.7,61697.7
2025-09-17 07:00:00+00:00,61212.7,61874.7
2025-09-17 07:15:00+00:00,61953.4,61212.7
2025-09-17 07:30:00+00:00,63737.5,61953.4
2025-09-17 07:45:00+00:00,62440.4,63737.5
2025-09-17 08:00:00+00:00,61432.0,62440.4
2025-09-17 08:15:00+00:00,62073.5,61432.0
2025-09-17 08:30:00+00:00,61737.0,62073.5
2025-09-17 08:45:00+00:00,62254.9,61737.0
2025-09-17 09:00:00+00:00,61726.4,62254.9
2025-09-17 09:15:00+00:00,61640.2,61726.4
2025-09-17 09:30:00+00:00,61303.4,61640.2
2025-09-17 09:45:00+00:00,61184.3,61303.4
2025-09-17 10:00:00+00:00,60274.3,61184.3
2025-09-17 10:15:00+00:00,59919.8,60274.3
2025-09-17 10:30:00+00:00,59836.7,59919.8
2025-09-17 10:45:00+00:00,59017.4,59836.7
2025-09-17 11:00:00+00:00,59448.0,59017.4
2025-09-17 11:15:00+00:00,58463.6,59448.0
2025-09-17 11:30:00+00:00,58019.5,58463.6
2025-09-17 11:45:00+00:00,58045.4,58019.5
2025-09-17 12:00:00+00:00,57603.6,58045.4
2025-09-17 12:15:00+00:00,56905.0,57603.6
2025-09-17 12:30:00+00:00,56510.1,56905.0
2025-09-17 12:45:00+00:00,56882.3,56510.1
2025-09-17 13:00:00+00:00,57068.9,56882.3
2025-09-17 13:15:00+00:00,56748.5,57068.9
2025-09-17 13:30:00+00:00,56573.4,56748.5
2025-09-17 13:45:00+00:00,56424.5,56573.4
2025-09-17 14:00:00+00:00,57189.2,56424.5
2025-09-17 14:15:00+00:00,57570.6,57189.2
2025-09-17 14:30:00+00:00,56960.2,57570.6
2025-09-17 14:45:00+00:00,57119.6,56960.2
2025-09-17 15:00:00+00:00,58577.4,57119.6
2025-09-17 15:15:00+00:00,59094.7,58577.4
2025-09-17 15:30:00+00:00,59510.4,59094.7
2025-09-17 15:45:00+00:00,59873.5,59510.4
2025-09-17 16:00:00+00:00,59840.5,59873.5
2025-09-17 16:15:00+00:00,59901.2,59840.5
2025-09-17 16:30:00+00:00,60045.5,59901.2
2025-09-17 16:45:00+00:00,59921.7,60045.5
2025-09-17 17:00:00+00:00,59448.9,59921.7
2025-09-17 17:15:00+00:00,59212.6,59448.9
2025-09-17 17:30:00+00:00,59521.9,59212.6
2025-09-17 17:45:00+00:00,60237.6,59521.9
2025-09-17 18:00:00+00:00,60346.5,60237.6
2025-09-17 18:15:00+00:00,59824.2,60346.5
2025-09-17 18:30:00+00:00,58964.7,59824.2
2025-09-17 18:45:00+00:00,57941.3,58964.7
2025-09-17 19:00:00+00:00,56568.1,57941.3
2025-09-17 19:15:00+00:00,55582.3,56568.1
2025-09-17 19:30:00+00:00,54341.6,55582.3
2025-09-17 19:45:00+00:00,53743.8,54341.6
2025-09-17 20:00:00+00:00,51963.7,53743.8
2025-09-17 20:15:00+00:00,51005.2,51963.7
2025-09-17 20:30:00+00:00,50088.6,51005.2
2025-09-17 20:45:00+00:00,49081.1,50088.6
2025-09-17 21:00:00+00:00,47786.5,49081.1
2025-09-17 21:15:00+00:00,47204.2,47786.5
2025-09-17 21:30:00+00:00,46869.1,47204.2
2025-09-17 21:45:00+00:00,46176.5,46869.1
2025-09-17 22:00:00+00:00,44945.7,46176.5
2025-09-17 22:15:00+00:00,44250.2,44945.7
2025-09-17 22:30:00+00:00,43694.6,44250.2
2025-09-17 22:45:00+00:00,43534.8,43694.6
2025-09-17 23:00:00+00:00,42843.1,43534.8
2025-09-17 23:15:00+00:00,42660.7,42843.1
2025-09-17 23:30:00+00:00,42363.8,42660.7
2025-09-17 23:45:00+00:00,41880.1,42363.8
2025-09-18 00:00:00+00:00,41340.9,41880.1
2025-09-18 00:15:00+00:00,41175.7,41340.9
2025-09-18 00:30:00+00:00,41464.3,41175.7
2025-09-18 00:45:00+00:00,41356.9,41464.3
2025-09-18 01:00:00+00:00,41621.1,41356.9
2025-09-18 01:15:00+00:00,41638.6,41621.1
2025-09-18 01:30:00+00:00,41495.0,41638.6
2025-09-18 01:45:00+00:00,41846.9,41495.0
2025-09-18 02:00:00+00:00,42377.7,41846.9
2025-09-18 02:15:00+00:00,42716.6,42377.7
2025-09-18 02:30:00+00:00,43169.4,42716.6
2025-09-18 02:45:00+00:00,44060.2,43169.4
2025-09-18 03:00:00+00:00,45674.3,44060.2
2025-09-18 03:15:00+00:00,46590.3,45674.3
2025-09-18 03:30:00+00:00,47756.5,46590.3
2025-09-18 03:45:00+00:00,49321.5,47756.5
2025-09-18 04:00:00+00:00,52856.2,49321.5
2025-09-18 04:15:00+00:00,54619.2,52856.2
2025-09-18 04:30:00+00:00,56052.6,54619.2
2025-09-18 04:45:00+00:00,57214.4,56052.6
2025-09-18 05:00:00+00:00,58579.6,57214.4
2025-09-18 05:15:00+00:00,59267.9,58579.6
2025-09-18 05:30:00+00:00,59863.5,59267.9
2025-09-18 05:45:00+00:00,60486.5,59863.5
2025-09-18 06:00:00+00:00,60970.6,60486.5
2025-09-18 06:15:00+00:00,61479.0,60970.6
2025-09-18 06:30:00+00:00,62228.5,61479.0
2025-09-18 06:45:00+00:00,62158.6,62228.5
2025-09-18 07:00:00+00:00,61294.8,62158.6
2025-09-18 07:15:00+00:00,61838.2,61294.8
2025-09-18 07:30:00+00:00,62381.6,61838.2
2025-09-18 07:45:00+00:00,62131.2,62381.6
2025-09-18 08:00:00+00:00,61596.0,62131.2
2025-09-18 08:15:00+00:00,61987.9,61596.0
2025-09-18 08:30:00+00:00,62101.2,61987.9
2025-09-18 08:45:00+00:00,61940.2,62101.2
2025-09-18 09:00:00+00:00,61480.9,61940.2
2025-09-18 09:15:00+00:00,61208.2,61480.9
2025-09-18 09:30:00+00:00,61318.3,61208.2
2025-09-18 09:45:00+00:00,61679.4,61318.3
2025-09-18 10:00:00+00:00,61103.4,61679.4
2025-09-18 10:15:00+00:00,61006.8,61103.4
2025-09-18 10:30:00+00:00,60370.4,61006.8
2025-09-18 10:45:00+00:00,60279.8,60370.4
2025-09-18 11:00:00+00:00,59235.9,60279.8
2025-09-18 11:15:00+00:00,59225.5,59235.9
2025-09-18 11:30:00+00:00,58771.8,59225.5
2025-09-18 11:45:00+00:00,58241.6,58771.8
2025-09-18 12:00:00+00:00,58162.8,58241.6
2025-09-18 12:15:00+00:00,57762.6,58162.8
2025-09-18 12:30:00+00:00,57333.7,57762.6
2025-09-18 12:45:00+00:00,56817.6,57333.7
2025-09-18 13:00:00+00:00,56834.9,56817.6
2025-09-18 13:15:00+00:00,56410.0,56834.9
2025-09-18 13:30:00+00:00,56181.1,56410.0
2025-09-18 13:45:00+00:00,56192.6,56181.1
2025-09-18 14:00:00+00:00,56722.7,56192.6
2025-09-18 14:15:00+00:00,56534.7,56722.7
2025-09-18 14:30:00+00:00,56894.1,56534.7
2025-09-18 14:45:00+00:00,56523.4,56894.1
2025-09-18 15:00:00+00:00,57668.5,56523.4
2025-09-18 15:15:00+00:00,57797.3,57668.5
2025-09-18 15:30:00+00:00,58403.8,57797.3
2025-09-18 15:45:00+00:00,58741.3,58403.8
2025-09-18 16:00:00+00:00,58825.8,58741.3
2025-09-18 16:15:00+00:00,58900.7,58825.8
2025-09-18 16:30:00+00:00,59596.1,58900.7
2025-09-18 16:45:00+00:00,59487.5,59596.1
2025-09-18 17:00:00+00:00,59786.8,59487.5
2025-09-18 17:15:00+00:00,59795.8,59786.8
2025-09-18 17:30:00+00:00,60441.8,59795.8
2025-09-18 17:45:00+00:00,61007.4,60441.8
2025-09-18 18:00:00+00:00,60295.9,61007.4
2025-09-18 18:15:00+00:00,58920.2,60295.9
2025-09-18 18:30:00+00:00,58591.8,58920.2
2025-09-18 18:45:00+00:00,57609.4,58591.8
2025-09-18 19:00:00+00:00,56582.3,57609.4
2025-09-18 19:15:00+00:00,55885.0,56582.3
2025-09-18 19:30:00+00:00,54700.3,55885.0
2025-09-18 19:45:00+00:00,53960.1,54700.3
2025-09-18 20:00:00+00:00,52537.1,53960.1
2025-09-18 20:15:00+00:00,51547.2,52537.1
2025-09-18 20:30:00+00:00,50503.6,51547.2
2025-09-18 20:45:00+00:00,49534.9,50503.6
2025-09-18 21:00:00+00:00,48958.7,49534.9
2025-09-18 21:15:00+00:00,47875.2,48958.7
2025-09-18 21:30:00+00:00,47378.5,47875.2
2025-09-18 21:45:00+00:00,47034.6,47378.5
2025-09-18 22:00:00+00:00,45687.6,47034.6
2025-09-18 22:15:00+00:00,44954.1,45687.6
2025-09-18 22:30:00+00:00,44818.9,44954.1
2025-09-18 22:45:00+00:00,44231.1,44818.9
2025-09-18 23:00:00+00:00,43563.3,44231.1
2025-09-18 23:15:00+00:00,43498.0,43563.3
2025-09-18 23:30:00+00:00,43171.9,43498.0
2025-09-18 23:45:00+00:00,42784.5,43171.9
2025-09-19 00:00:00+00:00,42342.4,42784.5
2025-09-19 00:15:00+00:00,42310.2,42342.4
2025-09-19 00:30:00+00:00,42151.6,42310.2
2025-09-19 00:45:00+00:00,42087.1,42151.6
2025-09-19 01:00:00+00:00,42172.0,42087.1
2025-09-19 01:15:00+00:00,42058.8,42172.0
2025-09-19 01:30:00+00:00,42227.3,42058.8
2025-09-19 01:45:00+00:00,42058.5,42227.3
2025-09-19 02:00:00+00:00,42751.7,42058.5
2025-09-19 02:15:00+00:00,42823.4,42751.7
2025-09-19 02:30:00+00:00,43151.7,42823.4
2025-09-19 02:45:00+00:00,43779.7,43151.7
2025-09-19 03:00:00+00:00,45423.6,43779.7
2025-09-19 03:15:00+00:00,46141.0,45423.6
2025-09-19 03:30:00+00:00,47827.6,46141.0
2025-09-19 03:45:00+00:00,49391.9,47827.6
2025-09-19 04:00:00+00:00,52620.3,49391.9
2025-09-19 04:15:00+00:00,54350.2,52620.3
2025-09-19 04:30:00+00:00,56005.5,54350.2
2025-09-19 04:45:00+00:00,57185.5,56005.5
2025-09-19 05:00:00+00:00,58366.7,57185.5
2025-09-19 05:15:00+00:00,58834.2,58366.7
2025-09-19 05:30:00+00:00,59385.5,58834.2
2025-09-19 05:45:00+00:00,60344.8,59385.5
2025-09-19 06:00:00+00:00,60936.6,60344.8
2025-09-19 06:15:00+00:00,61716.3,60936.6
2025-09-19 06:30:00+00:00,62226.7,61716.3
2025-09-19 06:45:00+00:00,62278.2,62226.7
2025-09-19 07:00:00+00:00,62092.2,62278.2
2025-09-19 07:15:00+00:00,62195.3,62092.2
2025-09-19 07:30:00+00:00,62170.8,62195.3
2025-09-19 07:45:00+00:00,62099.8,62170.8
2025-09-19 08:00:00+00:00,61643.0,62099.8
2025-09-19 08:15:00+00:00,61566.9,61643.0
2025-09-19 08:30:00+00:00,61465.3,61566.9
2025-09-19 08:45:00+00:00,61685.4,61465.3
2025-09-19 09:00:00+00:00,60909.9,61685.4
2025-09-19 09:15:00+00:00,60582.3,60909.9
2025-09-19 09:30:00+00:00,60259.1,60582.3
2025-09-19 09:45:00+00:00,60109.3,60259.1
2025-09-19 10:00:00+00:00,59591.3,60109.3
2025-09-19 10:15:00+00:00,59101.9,59591.3
2025-09-19 10:30:00+00:00,58615.0,59101.9
2025-09-19 10:45:00+00:00,58371.1,58615.0
2025-09-19 11:00:00+00:00,57624.5,58371.1
2025-09-19 11:15:00+00:00,57023.0,57624.5
2025-09-19 11:30:00+00:00,56288.6,57023.0
2025-09-19 11:45:00+00:00,55957.3,56288.6
2025-09-19 12:00:00+00:00,55586.7,55957.3
2025-09-19 12:15:00+00:00,55209.7,55586.7
2025-09-19 12:30:00+00:00,54886.8,55209.7
2025-09-19 12:45:00+00:00,54847.0,54886.8
2025-09-19 13:00:00+00:00,54433.8,54847.0
2025-09-19 13:15:00+00:00,54273.4,54433.8
2025-09-19 13:30:00+00:00,54048.2,54273.4
2025-09-19 13:45:00+00:00,53630.3,54048.2
2025-09-19 14:00:00+00:00,54199.5,53630.3
2025-09-19 14:15:00+00:00,53500.6,54199.5
2025-09-19 14:30:00+00:00,53379.4,53500.6
2025-09-19 14:45:00+00:00,53745.7,53379.4
2025-09-19 15:00:00+00:00,54629.1,53745.7
2025-09-19 15:15:00+00:00,54670.3,54629.1
2025-09-19 15:30:00+00:00,54921.8,54670.3
2025-09-19 15:45:00+00:00,54739.7,54921.8
2025-09-19 16:00:00+00:00,55411.1,54739.7
2025-09-19 16:15:00+00:00,55341.8,55411.1
2025-09-19 16:30:00+00:00,55430.5,55341.8
2025-09-19 16:45:00+00:00,55278.5,55430.5
2025-09-19 17:00:00+00:00,55598.2,55278.5
2025-09-19 17:15:00+00:00,55031.4,55598.2
2025-09-19 17:30:00+00:00,55656.6,55031.4
2025-09-19 17:45:00+00:00,56065.9,55656.6
2025-09-19 18:00:00+00:00,55397.0,56065.9
2025-09-19 18:15:00+00:00,54426.9,55397.0
2025-09-19 18:30:00+00:00,53471.7,54426.9
2025-09-19 18:45:00+00:00,52436.4,53471.7
2025-09-19 19:00:00+00:00,51691.0,52436.4
2025-09-19 19:15:00+00:00,50982.6,51691.0
2025-09-19 19:30:00+00:00,49967.4,50982.6
2025-09-19 19:45:00+00:00,49500.7,49967.4
2025-09-19 20:00:00+00:00,48254.1,49500.7
2025-09-19 20:15:00+00:00,47156.0,48254.1
2025-09-19 20:30:00+00:00,46314.3,47156.0
2025-09-19 20:45:00+00:00,45996.3,46314.3
2025-09-19 21:00:00+00:00,45059.6,45996.3
2025-09-19 21:15:00+00:00,44290.8,45059.6
2025-09-19 21:30:00+00:00,43590.8,44290.8
2025-09-19 21:45:00+00:00,43186.8,43590.8
2025-09-19 22:00:00+00:00,41699.6,43186.8
2025-09-19 22:15:00+00:00,41135.2,41699.6
2025-09-19 22:30:00+00:00,41056.9,41135.2
2025-09-19 22:45:00+00:00,40783.2,41056.9
2025-09-19 23:00:00+00:00,40317.4,40783.2
2025-09-19 23:15:00+00:00,39720.7,40317.4
2025-09-19 23:30:00+00:00,39609.7,39720.7
2025-09-19 23:45:00+00:00,39422.1,39609.7
2025-09-20 00:00:00+00:00,39399.7,39422.1
2025-09-20 00:15:00+00:00,38768.9,39399.7
2025-09-20 00:30:00+00:00,38672.5,38768.9
2025-09-20 00:45:00+00:00,38385.6,38672.5
2025-09-20 01:00:00+00:00,38141.1,38385.6
2025-09-20 01:15:00+00:00,37857.0,38141.1
2025-09-20 01:30:00+00:00,37645.5,37857.0
2025-09-20 01:45:00+00:00,37407.7,37645.5
2025-09-20 02:00:00+00:00,37582.7,37407.7
2025-09-20 02:15:00+00:00,37262.2,37582.7
2025-09-20 02:30:00+00:00,37407.4,37262.2
2025-09-20 02:45:00+00:00,37438.8,37407.4
2025-09-20 03:00:00+00:00,37809.1,37438.8
2025-09-20 03:15:00+00:00,37882.4,37809.1
2025-09-20 03:30:00+00:00,38004.0,37882.4
2025-09-20 03:45:00+00:00,38488.8,38004.0
2025-09-20 04:00:00+00:00,39495.7,38488.8
2025-09-20 04:15:00+00:00,39919.4,39495.7
2025-09-20 04:30:00+00:00,40220.1,39919.4
2025-09-20 04:45:00+00:00,40378.7,40220.1
2025-09-20 05:00:00+00:00,40794.2,40378.7
2025-09-20 05:15:00+00:00,41514.4,40794.2
2025-09-20 05:30:00+00:00,42484.4,41514.4
2025-09-20 05:45:00+00:00,43688.1,42484.4
2025-09-20 06:00:00+00:00,44536.5,43688.1
2025-09-20 06:15:00+00:00,45479.9,44536.5
2025-09-20 06:30:00+00:00,46553.3,45479.9
2025-09-20 06:45:00+00:00,47658.2,46553.3
2025-09-20 07:00:00+00:00,48029.6,47658.2
2025-09-20 07:15:00+00:00,48798.5,48029.6
2025-09-20 07:30:00+00:00,49265.9,48798.5
2025-09-20 07:45:00+00:00,49906.5,49265.9
2025-09-20 08:00:00+00:00,49670.0,49906.5
2025-09-20 08:15:00+00:00,50026.4,49670.0
2025-09-20 08:30:00+00:00,50259.3,50026.4
2025-09-20 08:45:00+00:00,49932.4,50259.3
2025-09-20 09:00:00+00:00,49544.1,49932.4
2025-09-20 09:15:00+00:00,49366.8,49544.1
2025-09-20 09:30:00+00:00,49392.0,49366.8
2025-09-20 09:45:00+00:00,49195.7,49392.0
2025-09-20 10:00:00+00:00,48331.4,49195.7
2025-09-20 10:15:00+00:00,47780.5,48331.4
2025-09-20 10:30:00+00:00,47425.9,47780.5
2025-09-20 10:45:00+00:00,47120.2,47425.9
2025-09-20 11:00:00+00:00,46285.6,47120.2
2025-09-20 11:15:00+00:00,46103.4,46285.6
2025-09-20 11:30:00+00:00,45530.8,46103.4
2025-09-20 11:45:00+00:00,45102.0,45530.8
2025-09-20 12:00:00+00:00,44964.7,45102.0
2025-09-20 12:15:00+00:00,44416.6,44964.7
2025-09-20 12:30:00+00:00,44576.0,44416.6
2025-09-20 12:45:00+00:00,43838.1,44576.0
2025-09-20 13:00:00+00:00,44926.1,43838.1
2025-09-20 13:15:00+00:00,44487.0,44926.1
2025-09-20 13:30:00+00:00,44423.7,44487.0
2025-09-20 13:45:00+00:00,44743.2,44423.7
2025-09-20 14:00:00+00:00,45457.1,44743.2
2025-09-20 14:15:00+00:00,45367.8,45457.1
2025-09-20 14:30:00+00:00,46075.6,45367.8
2025-09-20 14:45:00+00:00,46316.0,46075.6
2025-09-20 15:00:00+00:00,47382.6,46316.0
2025-09-20 15:15:00+00:00,47278.0,47382.6
2025-09-20 15:30:00+00:00,47834.4,47278.0
2025-09-20 15:45:00+00:00,48414.7,47834.4
2025-09-20 16:00:00+00:00,49143.7,48414.7
2025-09-20 16:15:00+00:00,49166.3,49143.7
2025-09-20 16:30:00+00:00,49234.3,49166.3
2025-09-20 16:45:00+00:00,48965.1,49234.3
2025-09-20 17:00:00+00:00,49580.7,48965.1
2025-09-20 17:15:00+00:00,49843.8,49580.7
2025-09-20 17:30:00+00:00,50239.9,49843.8
2025-09-20 17:45:00+00:00,50192.1,50239.9
2025-09-20 18:00:00+00:00,49526.7,50192.1
2025-09-20 18:15:00+00:00,48367.9,49526.7
2025-09-20 18:30:00+00:00,47638.5,48367.9
2025-09-20 18:45:00+00:00,46798.1,47638.5
2025-09-20 19:00:00+00:00,45847.8,46798.1
2025-09-20 19:15:00+00:00,45295.7,45847.8
2025-09-20 19:30:00+00:00,44410.2,45295.7
2025-09-20 19:45:00+00:00,44253.1,44410.2
2025-09-20 20:00:00+00:00,43764.4,44253.1
2025-09-20 20:15:00+00:00,43216.7,43764.4
2025-09-20 20:30:00+00:00,42513.7,43216.7
2025-09-20 20:45:00+00:00,41774.5,42513.7
2025-09-20 21:00:00+00:00,40730.3,41774.5
2025-09-20 21:15:00+00:00,40229.3,40730.3
2025-09-20 21:30:00+00:00,39527.7,40229.3
2025-09-20 21:45:00+00:00,38728.9,39527.7
2025-09-20 22:00:00+00:00,37869.7,38728.9
2025-09-20 22:15:00+00:00,37481.5,37869.7
2025-09-20 22:30:00+00:00,37257.4,37481.5
2025-09-20 22:45:00+00:00,36874.2,37257.4
2025-09-20 23:00:00+00:00,36688.3,36874.2
2025-09-20 23:15:00+00:00,36026.0,36688.3
2025-09-20 23:30:00+00:00,35878.0,36026.0
2025-09-20 23:45:00+00:00,35811.9,35878.0
2025-09-21 00:00:00+00:00,35850.7,35811.9
2025-09-21 00:15:00+00:00,35208.4,35850.7
2025-09-21 00:30:00+00:00,35439.4,35208.4
2025-09-21 00:45:00+00:00,35319.4,35439.4
2025-09-21 01:00:00+00:00,35506.4,35319.4
2025-09-21 01:15:00+00:00,34901.9,35506.4
2025-09-21 01:30:00+00:00,34778.0,34901.9
2025-09-21 01:45:00+00:00,34899.2,34778.0
2025-09-21 02:00:00+00:00,34963.6,34899.2
2025-09-21 02:15:00+00:00,34819.0,34963.6
2025-09-21 02:30:00+00:00,35127.0,34819.0
2025-09-21 02:45:00+00:00,35532.1,35127.0
2025-09-21 03:00:00+00:00,35650.8,35532.1
2025-09-21 03:15:00+00:00,35735.7,35650.8
2025-09-21 03:30:00+00:00,35809.4,35735.7
2025-09-21 03:45:00+00:00,36071.1,35809.4
2025-09-21 04:00:00+00:00,36729.8,36071.1
2025-09-21 04:15:00+00:00,37510.0,36729.8
2025-09-21 04:30:00+00:00,38094.3,37510.0
2025-09-21 04:45:00+00:00,38545.2,38094.3
2025-09-21 05:00:00+00:00,38657.5,38545.2
2025-09-21 05:15:00+00:00,38931.8,38657.5
2025-09-21 05:30:00+00:00,40033.4,38931.8
2025-09-21 05:45:00+00:00,40988.5,40033.4
2025-09-21 06:00:00+00:00,41369.7,40988.5
2025-09-21 06:15:00+00:00,41775.7,41369.7
2025-09-21 06:30:00+00:00,42632.1,41775.7
2025-09-21 06:45:00+00:00,44352.0,42632.1
2025-09-21 07:00:00+00:00,44761.8,44352.0
2025-09-21 07:15:00+00:00,45242.9,44761.8
2025-09-21 07:30:00+00:00,46238.2,45242.9
2025-09-21 07:45:00+00:00,46642.1,46238.2
2025-09-21 08:00:00+00:00,46883.3,46642.1
2025-09-21 08:15:00+00:00,47263.4,46883.3
2025-09-21 08:30:00+00:00,47363.5,47263.4
2025-09-21 08:45:00+00:00,48159.3,47363.5
2025-09-21 09:00:00+00:00,48054.0,48159.3
2025-09-21 09:15:00+00:00,48571.0,48054.0
2025-09-21 09:30:00+00:00,48757.9,48571.0
2025-09-21 09:45:00+00:00,48358.3,48757.9
2025-09-21 10:00:00+00:00,47626.4,48358.3
2025-09-21 10:15:00+00:00,47344.7,47626.4
2025-09-21 10:30:00+00:00,47348.2,47344.7
2025-09-21 10:45:00+00:00,47172.3,47348.2
2025-09-21 11:00:00+00:00,47372.1,47172.3
2025-09-21 11:15:00+00:00,46962.0,47372.1
2025-09-21 11:30:00+00:00,46341.7,46962.0
2025-09-21 11:45:00+00:00,45817.3,46341.7
2025-09-21 12:00:00+00:00,46289.9,45817.3
2025-09-21 12:15:00+00:00,45773.8,46289.9
2025-09-21 12:30:00+00:00,45338.8,45773.8
2025-09-21 12:45:00+00:00,45149.3,45338.8
2025-09-21 13:00:00+00:00,45931.2,45149.3
2025-09-21 13:15:00+00:00,45396.8,45931.2
2025-09-21 13:30:00+00:00,45281.8,45396.8
2025-09-21 13:45:00+00:00,45255.2,45281.8
2025-09-21 14:00:00+00:00,45651.3,45255.2
2025-09-21 14:15:00+00:00,46358.5,45651.3
2025-09-21 14:30:00+00:00,46368.9,46358.5
2025-09-21 14:45:00+00:00,46630.8,46368.9
2025-09-21 15:00:00+00:00,48284.2,46630.8
2025-09-21 15:15:00+00:00,48011.5,48284.2
2025-09-21 15:30:00+00:00,47901.9,48011.5
2025-09-21 15:45:00+00:00,49142.8,47901.9
2025-09-21 16:00:00+00:00,50503.4,49142.8
2025-09-21 16:15:00+00:00,50128.1,50503.4
2025-09-21 16:30:00+00:00,50405.4,50128.1
2025-09-21 16:45:00+00:00,50350.2,50405.4
2025-09-21 17:00:00+00:00,50570.9,50350.2
2025-09-21 17:15:00+00:00,50672.5,50570.9
2025-09-21 17:30:00+00:00,51161.0,50672.5
2025-09-21 17:45:00+00:00,50923.8,51161.0
2025-09-21 18:00:00+00:00,50846.6,50923.8
2025-09-21 18:15:00+00:00,50191.6,50846.6
2025-09-21 18:30:00+00:00,49801.6,50191.6
2025-09-21 18:45:00+00:00,48984.3,49801.6
2025-09-21 19:00:00+00:00,48183.7,48984.3
2025-09-21 19:15:00+00:00,47485.5,48183.7
2025-09-21 19:30:00+00:00,46944.0,47485.5
2025-09-21 19:45:00+00:00,46299.5,46944.0
2025-09-21 20:00:00+00:00,45627.2,46299.5
2025-09-21 20:15:00+00:00,45160.3,45627.2
2025-09-21 20:30:00+00:00,44624.0,45160.3
2025-09-21 20:45:00+00:00,43693.9,44624.0
2025-09-21 21:00:00+00:00,42185.6,43693.9
2025-09-21 21:15:00+00:00,41890.2,42185.6
2025-09-21 21:30:00+00:00,41576.7,41890.2
2025-09-21 21:45:00+00:00,40816.3,41576.7
2025-09-21 22:00:00+00:00,40215.4,40816.3
2025-09-21 22:15:00+00:00,39716.3,40215.4
2025-09-21 22:30:00+00:00,39396.9,39716.3
2025-09-21 22:45:00+00:00,39233.3,39396.9
2025-09-21 23:00:00+00:00,39049.5,39233.3
2025-09-21 23:15:00+00:00,38766.2,39049.5
2025-09-21 23:30:00+00:00,38379.7,38766.2
2025-09-21 23:45:00+00:00,38005.1,38379.7
2025-09-22 00:00:00+00:00,37578.8,38005.1
2025-09-22 00:15:00+00:00,37393.4,37578.8
2025-09-22 00:30:00+00:00,37481.4,37393.4
2025-09-22 00:45:00+00:00,37930.3,37481.4
2025-09-22 01:00:00+00:00,37434.8,37930.3
2025-09-22 01:15:00+00:00,37824.2,37434.8
2025-09-22 01:30:00+00:00,38444.8,37824.2
2025-09-22 01:45:00+00:00,38453.4,38444.8
2025-09-22 02:00:00+00:00,39311.0,38453.4
2025-09-22 02:15:00+00:00,39600.4,39311.0
2025-09-22 02:30:00+00:00,39937.1,39600.4
2025-09-22 02:45:00+00:00,40294.7,39937.1
2025-09-22 03:00:00+00:00,41678.0,40294.7
2025-09-22 03:15:00+00:00,42859.9,41678.0
2025-09-22 03:30:00+00:00,44109.3,42859.9
2025-09-22 03:45:00+00:00,46311.0,44109.3
2025-09-22 04:00:00+00:00,49580.4,46311.0
2025-09-22 04:15:00+00:00,51334.7,49580.4
2025-09-22 04:30:00+00:00,52984.8,51334.7
2025-09-22 04:45:00+00:00,54424.4,52984.8
2025-09-22 05:00:00+00:00,55920.8,54424.4
2025-09-22 05:15:00+00:00,56987.9,55920.8
2025-09-22 05:30:00+00:00,57837.1,56987.9
2025-09-22 05:45:00+00:00,58378.1,57837.1
2025-09-22 06:00:00+00:00,59490.3,58378.1
2025-09-22 06:15:00+00:00,60252.9,59490.3
2025-09-22 06:30:00+00:00,60821.6,60252.9
2025-09-22 06:45:00+00:00,61181.6,60821.6
2025-09-22 07:00:00+00:00,61265.2,61181.6
2025-09-22 07:15:00+00:00,61644.1,61265.2
2025-09-22 07:30:00+00:00,61838.2,61644.1
2025-09-22 07:45:00+00:00,61818.1,61838.2
2025-09-22 08:00:00+00:00,61793.9,61818.1
2025-09-22 08:15:00+00:00,62601.2,61793.9
2025-09-22 08:30:00+00:00,62878.7,62601.2
2025-09-22 08:45:00+00:00,63256.1,62878.7
2025-09-22 09:00:00+00:00,62891.0,63256.1
2025-09-22 09:15:00+00:00,63070.5,62891.0
2025-09-22 09:30:00+00:00,63519.9,63070.5
2025-09-22 09:45:00+00:00,63415.4,63519.9
2025-09-22 10:00:00+00:00,63205.6,63415.4
2025-09-22 10:15:00+00:00,62928.1,63205.6
2025-09-22 10:30:00+00:00,63120.3,62928.1
2025-09-22 10:45:00+00:00,62491.7,63120.3
2025-09-22 11:00:00+00:00,61967.8,62491.7
2025-09-22 11:15:00+00:00,61611.4,61967.8
2025-09-22 11:30:00+00:00,60886.0,61611.4
2025-09-22 11:45:00+00:00,60307.5,60886.0
2025-09-22 12:00:00+00:00,59842.3,60307.5
2025-09-22 12:15:00+00:00,59491.6,59842.3
2025-09-22 12:30:00+00:00,58940.7,59491.6
2025-09-22 12:45:00+00:00,58767.0,58940.7
2025-09-22 13:00:00+00:00,59031.9,58767.0
2025-09-22 13:15:00+00:00,58845.6,59031.9
2025-09-22 13:30:00+00:00,58614.3,58845.6
2025-09-22 13:45:00+00:00,58738.3,58614.3
2025-09-22 14:00:00+00:00,58471.5,58738.3
2025-09-22 14:15:00+00:00,58352.7,58471.5
2025-09-22 14:30:00+00:00,57675.5,58352.7
2025-09-22 14:45:00+00:00,57543.0,57675.5
2025-09-22 15:00:00+00:00,58158.4,57543.0
2025-09-22 15:15:00+00:00,58744.3,58158.4
2025-09-22 15:30:00+00:00,59508.3,58744.3
2025-09-22 15:45:00+00:00,59547.1,59508.3
2025-09-22 16:00:00+00:00,59018.6,59547.1
2025-09-22 16:15:00+00:00,58958.8,59018.6
2025-09-22 16:30:00+00:00,59150.0,58958.8
2025-09-22 16:45:00+00:00,58920.2,59150.0
2025-09-22 17:00:00+00:00,58696.0,58920.2
2025-09-22 17:15:00+00:00,58767.4,58696.0
2025-09-22 17:30:00+00:00,59143.2,58767.4
2025-09-22 17:45:00+00:00,59164.3,59143.2
2025-09-22 18:00:00+00:00,58415.0,59164.3
2025-09-22 18:15:00+00:00,57703.0,58415.0
2025-09-22 18:30:00+00:00,56736.3,57703.0
2025-09-22 18:45:00+00:00,56168.8,56736.3
2025-09-22 19:00:00+00:00,54783.8,56168.8
2025-09-22 19:15:00+00:00,53839.0,54783.8
2025-09-22 19:30:00+00:00,52916.1,53839.0
2025-09-22 19:45:00+00:00,51795.0,52916.1
2025-09-22 20:00:00+00:00,50869.0,51795.0
2025-09-22 20:15:00+00:00,49893.8,50869.0
2025-09-22 20:30:00+00:00,48970.5,49893.8
2025-09-22 20:45:00+00:00,48278.8,48970.5
2025-09-22 21:00:00+00:00,46924.2,48278.8
2025-09-22 21:15:00+00:00,45875.6,46924.2
2025-09-22 21:30:00+00:00,45010.8,45875.6
2025-09-22 21:45:00+00:00,44771.4,45010.8
2025-09-22 22:00:00+00:00,44089.7,44771.4
2025-09-22 22:15:00+00:00,43333.9,44089.7
2025-09-22 22:30:00+00:00,42849.0,43333.9
2025-09-22 22:45:00+00:00,42630.9,42849.0
2025-09-22 23:00:00+00:00,41793.5,42630.9
2025-09-22 23:15:00+00:00,41670.5,41793.5
2025-09-22 23:30:00+00:00,41256.3,41670.5
2025-09-22 23:45:00+00:00,40793.9,41256.3
2025-09-23 00:00:00+00:00,40414.8,40793.9
2025-09-23 00:15:00+00:00,40481.6,40414.8
2025-09-23 00:30:00+00:00,40434.4,40481.6
2025-09-23 00:45:00+00:00,40477.2,40434.4
2025-09-23 01:00:00+00:00,40676.0,40477.2
2025-09-23 01:15:00+00:00,40718.0,40676.0
2025-09-23 01:30:00+00:00,40453.1,40718.0
2025-09-23 01:45:00+00:00,40540.6,40453.1
2025-09-23 02:00:00+00:00,41000.8,40540.6
2025-09-23 02:15:00+00:00,41093.4,41000.8
2025-09-23 02:30:00+00:00,41651.6,41093.4
2025-09-23 02:45:00+00:00,42315.7,41651.6
2025-09-23 03:00:00+00:00,43614.1,42315.7
2025-09-23 03:15:00+00:00,44374.7,43614.1
2025-09-23 03:30:00+00:00,45740.8,44374.7
2025-09-23 03:45:00+00:00,47335.1,45740.8
2025-09-23 04:00:00+00:00,50556.0,47335.1
2025-09-23 04:15:00+00:00,52553.8,50556.0
2025-09-23 04:30:00+00:00,54047.0,52553.8
2025-09-23 04:45:00+00:00,55329.3,54047.0
2025-09-23 05:00:00+00:00,56666.1,55329.3
2025-09-23 05:15:00+00:00,57629.1,56666.1
2025-09-23 05:30:00+00:00,57988.4,57629.1
2025-09-23 05:45:00+00:00,59167.0,57988.4
2025-09-23 06:00:00+00:00,59891.7,59167.0
2025-09-23 06:15:00+00:00,60591.7,59891.7
2025-09-23 06:30:00+00:00,61046.9,60591.7
2025-09-23 06:45:00+00:00,61419.3,61046.9
2025-09-23 07:00:00+00:00,60579.9,61419.3
2025-09-23 07:15:00+00:00,61207.0,60579.9
2025-09-23 07:30:00+00:00,61472.6,61207.0
2025-09-23 07:45:00+00:00,61511.7,61472.6
2025-09-23 08:00:00+00:00,61086.4,61511.7
2025-09-23 08:15:00+00:00,61409.2,61086.4
2025-09-23 08:30:00+00:00,61331.9,61409.2
2025-09-23 08:45:00+00:00,61253.4,61331.9
2025-09-23 09:00:00+00:00,61239.0,61253.4
2025-09-23 09:15:00+00:00,61469.9,61239.0
2025-09-23 09:30:00+00:00,61274.0,61469.9
2025-09-23 09:45:00+00:00,60834.8,61274.0
2025-09-23 10:00:00+00:00,59663.3,60834.8
2025-09-23 10:15:00+00:00,59584.4,59663.3
2025-09-23 10:30:00+00:00,59336.3,59584.4
2025-09-23 10:45:00+00:00,58946.9,59336.3
2025-09-23 11:00:00+00:00,59002.6,58946.9
2025-09-23 11:15:00+00:00,58876.7,59002.6
2025-09-23 11:30:00+00:00,58174.6,58876.7
2025-09-23 11:45:00+00:00,58141.0,58174.6
2025-09-23 12:00:00+00:00,57777.5,58141.0
2025-09-23 12:15:00+00:00,57095.1,57777.5
2025-09-23 12:30:00+00:00,56587.5,57095.1
2025-09-23 12:45:00+00:00,56716.1,56587.5
2025-09-23 13:00:00+00:00,56675.1,56716.1
2025-09-23 13:15:00+00:00,56036.2,56675.1
2025-09-23 13:30:00+00:00,55940.0,56036.2
2025-09-23 13:45:00+00:00,56322.1,55940.0
2025-09-23 14:00:00+00:00,56923.2,56322.1
2025-09-23 14:15:00+00:00,56663.7,56923.2
2025-09-23 14:30:00+00:00,56539.3,56663.7
2025-09-23 14:45:00+00:00,56470.0,56539.3
2025-09-23 15:00:00+00:00,56930.9,56470.0
2025-09-23 15:15:00+00:00,57477.6,56930.9
2025-09-23 15:30:00+00:00,58016.4,57477.6
2025-09-23 15:45:00+00:00,58507.8,58016.4
2025-09-23 16:00:00+00:00,58591.8,58507.8
2025-09-23 16:15:00+00:00,58568.0,58591.8
2025-09-23 16:30:00+00:00,58780.6,58568.0
2025-09-23 16:45:00+00:00,59028.8,58780.6
2025-09-23 17:00:00+00:00,59085.5,59028.8
2025-09-23 17:15:00+00:00,59177.3,59085.5
2025-09-23 17:30:00+00:00,59925.6,59177.3
2025-09-23 17:45:00+00:00,59841.7,59925.6
2025-09-23 18:00:00+00:00,58635.3,59841.7
2025-09-23 18:15:00+00:00,57780.2,58635.3
2025-09-23 18:30:00+00:00,57263.4,57780.2
2025-09-23 18:45:00+00:00,56258.2,57263.4
2025-09-23 19:00:00+00:00,54940.9,56258.2
2025-09-23 19:15:00+00:00,53941.0,54940.9
2025-09-23 19:30:00+00:00,53167.5,53941.0
2025-09-23 19:45:00+00:00,51983.6,53167.5
2025-09-23 20:00:00+00:00,50964.6,51983.6
2025-09-23 20:15:00+00:00,49792.9,50964.6
2025-09-23 20:30:00+00:00,48660.4,49792.9
2025-09-23 20:45:00+00:00,47929.2,48660.4
2025-09-23 21:00:00+00:00,47034.2,47929.2
2025-09-23 21:15:00+00:00,45650.4,47034.2
2025-09-23 21:30:00+00:00,45228.4,45650.4
2025-09-23 21:45:00+00:00,44776.3,45228.4
2025-09-23 22:00:00+00:00,43181.7,44776.3
2025-09-23 22:15:00+00:00,42872.6,43181.7
2025-09-23 22:30:00+00:00,42442.4,42872.6
2025-09-23 22:45:00+00:00,42139.4,42442.4
2025-09-23 23:00:00+00:00,41540.6,42139.4
2025-09-23 23:15:00+00:00,41324.5,41540.6
2025-09-23 23:30:00+00:00,41076.6,41324.5
2025-09-23 23:45:00+00:00,40861.0,41076.6
2025-09-24 00:00:00+00:00,40108.6,40861.0
2025-09-24 00:15:00+00:00,39895.3,40108.6
2025-09-24 00:30:00+00:00,39918.6,39895.3
2025-09-24 00:45:00+00:00,40022.8,39918.6
2025-09-24 01:00:00+00:00,40074.5,40022.8
2025-09-24 01:15:00+00:00,39990.4,40074.5
2025-09-24 01:30:00+00:00,40046.0,39990.4
2025-09-24 01:45:00+00:00,40210.4,40046.0
2025-09-24 02:00:00+00:00,41049.0,40210.4
2025-09-24 02:15:00+00:00,41282.7,41049.0
2025-09-24 02:30:00+00:00,41569.1,41282.7
2025-09-24 02:45:00+00:00,42192.7,41569.1
2025-09-24 03:00:00+00:00,43738.6,42192.7
2025-09-24 03:15:00+00:00,44524.2,43738.6
2025-09-24 03:30:00+00:00,46203.3,44524.2
2025-09-24 03:45:00+00:00,47727.2,46203.3
2025-09-24 04:00:00+00:00,50491.0,47727.2
2025-09-24 04:15:00+00:00,52667.4,50491.0
2025-09-24 04:30:00+00:00,54305.0,52667.4
2025-09-24 04:45:00+00:00,55787.4,54305.0
2025-09-24 05:00:00+00:00,57392.4,55787.4
2025-09-24 05:15:00+00:00,58276.1,57392.4
2025-09-24 05:30:00+00:00,59227.7,58276.1
2025-09-24 05:45:00+00:00,60214.3,59227.7
2025-09-24 06:00:00+00:00,60660.6,60214.3
2025-09-24 06:15:00+00:00,61539.3,60660.6
2025-09-24 06:30:00+00:00,61988.0,61539.3
2025-09-24 06:45:00+00:00,62265.4,61988.0
2025-09-24 07:00:00+00:00,62016.5,62265.4
2025-09-24 07:15:00+00:00,62077.6,62016.5
2025-09-24 07:30:00+00:00,62522.1,62077.6
2025-09-24 07:45:00+00:00,62442.2,62522.1
2025-09-24 08:00:00+00:00,62314.7,62442.2
2025-09-24 08:15:00+00:00,62201.4,62314.7
2025-09-24 08:30:00+00:00,62730.7,62201.4
2025-09-24 08:45:00+00:00,62637.0,62730.7
2025-09-24 09:00:00+00:00,61788.0,62637.0
2025-09-24 09:15:00+00:00,62333.7,61788.0
2025-09-24 09:30:00+00:00,62436.4,62333.7
2025-09-24 09:45:00+00:00,62557.6,62436.4
2025-09-24 10:00:00+00:00,62205.2,62557.6
2025-09-24 10:15:00+00:00,61799.5,62205.2
2025-09-24 10:30:00+00:00,61559.6,61799.5
2025-09-24 10:45:00+00:00,61490.1,61559.6
2025-09-24 11:00:00+00:00,60820.2,61490.1
2025-09-24 11:15:00+00:00,60296.8,60820.2
2025-09-24 11:30:00+00:00,60129.3,60296.8
2025-09-24 11:45:00+00:00,59618.3,60129.3
2025-09-24 12:00:00+00:00,59323.4,59618.3
2025-09-24 12:15:00+00:00,59591.5,59323.4
2025-09-24 12:30:00+00:00,59321.7,59591.5
2025-09-24 12:45:00+00:00,59207.2,59321.7
2025-09-24 13:00:00+00:00,59339.8,59207.2
2025-09-24 13:15:00+00:00,59442.9,59339.8
2025-09-24 13:30:00+00:00,59422.5,59442.9
2025-09-24 13:45:00+00:00,59429.9,59422.5
2025-09-24 14:00:00+00:00,59384.1,59429.9
2025-09-24 14:15:00+00:00,58773.0,59384.1
2025-09-24 14:30:00+00:00,58782.2,58773.0
2025-09-24 14:45:00+00:00,59121.5,58782.2
2025-09-24 15:00:00+00:00,59831.0,59121.5
2025-09-24 15:15:00+00:00,59985.9,59831.0
2025-09-24 15:30:00+00:00,60105.1,59985.9
2025-09-24 15:45:00+00:00,60659.7,60105.1
2025-09-24 16:00:00+00:00,61459.6,60659.7
2025-09-24 16:15:00+00:00,61307.6,61459.6
2025-09-24 16:30:00+00:00,61212.8,61307.6
2025-09-24 16:45:00+00:00,61366.5,61212.8
2025-09-24 17:00:00+00:00,61802.7,61366.5
2025-09-24 17:15:00+00:00,62077.8,61802.7
2025-09-24 17:30:00+00:00,62039.0,62077.8
2025-09-24 17:45:00+00:00,61895.3,62039.0
2025-09-24 18:00:00+00:00,61185.1,61895.3
2025-09-24 18:15:00+00:00,60418.9,61185.1
2025-09-24 18:30:00+00:00,59593.1,60418.9
2025-09-24 18:45:00+00:00,59056.0,59593.1
2025-09-24 19:00:00+00:00,57919.7,59056.0
2025-09-24 19:15:00+00:00,56725.5,57919.7
2025-09-24 19:30:00+00:00,55662.9,56725.5
2025-09-24 19:45:00+00:00,54706.5,55662.9
2025-09-24 20:00:00+00:00,53511.3,54706.5
2025-09-24 20:15:00+00:00,52371.6,53511.3
2025-09-24 20:30:00+00:00,51179.3,52371.6
2025-09-24 20:45:00+00:00,50486.1,51179.3
2025-09-24 21:00:00+00:00,49049.5,50486.1
2025-09-24 21:15:00+00:00,48563.0,49049.5
2025-09-24 21:30:00+00:00,47775.8,48563.0
2025-09-24 21:45:00+00:00,47009.9,47775.8
2025-09-24 22:00:00+00:00,46588.0,47009.9
2025-09-24 22:15:00+00:00,46029.2,46588.0
2025-09-24 22:30:00+00:00,45201.1,46029.2
2025-09-24 22:45:00+00:00,44825.5,45201.1
2025-09-24 23:00:00+00:00,44114.8,44825.5
2025-09-24 23:15:00+00:00,44090.1,44114.8
2025-09-24 23:30:00+00:00,43755.6,44090.1
2025-09-24 23:45:00+00:00,43565.0,43755.6
2025-09-25 00:00:00+00:00,43085.5,43565.0
2025-09-25 00:15:00+00:00,42901.9,43085.5
2025-09-25 00:30:00+00:00,42877.8,42901.9
2025-09-25 00:45:00+00:00,42919.8,42877.8
2025-09-25 01:00:00+00:00,42867.8,42919.8
2025-09-25 01:15:00+00:00,42766.6,42867.8
2025-09-25 01:30:00+00:00,43002.1,42766.6
2025-09-25 01:45:00+00:00,43259.0,43002.1
2025-09-25 02:00:00+00:00,44166.2,43259.0
2025-09-25 02:15:00+00:00,44685.2,44166.2
2025-09-25 02:30:00+00:00,44769.9,44685.2
2025-09-25 02:45:00+00:00,45483.4,44769.9
2025-09-25 03:00:00+00:00,46770.6,45483.4
2025-09-25 03:15:00+00:00,47485.3,46770.6
2025-09-25 03:30:00+00:00,48775.7,47485.3
2025-09-25 03:45:00+00:00,50053.6,48775.7
2025-09-25 04:00:00+00:00,53450.5,50053.6
2025-09-25 04:15:00+00:00,55760.9,53450.5
2025-09-25 04:30:00+00:00,57414.9,55760.9
2025-09-25 04:45:00+00:00,58805.6,57414.9
2025-09-25 05:00:00+00:00,60828.3,58805.6
2025-09-25 05:15:00+00:00,61459.6,60828.3
2025-09-25 05:30:00+00:00,62328.1,61459.6
2025-09-25 05:45:00+00:00,62604.2,62328.1
2025-09-25 06:00:00+00:00,63479.7,62604.2
2025-09-25 06:15:00+00:00,64371.6,63479.7
2025-09-25 06:30:00+00:00,64599.8,64371.6
2025-09-25 06:45:00+00:00,64467.6,64599.8
2025-09-25 07:00:00+00:00,63888.5,64467.6
2025-09-25 07:15:00+00:00,64419.0,63888.5
2025-09-25 07:30:00+00:00,64806.5,64419.0
2025-09-25 07:45:00+00:00,64929.3,64806.5
2025-09-25 08:00:00+00:00,64529.1,64929.3
2025-09-25 08:15:00+00:00,64958.8,64529.1
2025-09-25 08:30:00+00:00,65349.2,64958.8
2025-09-25 08:45:00+00:00,65226.7,65349.2
2025-09-25 09:00:00+00:00,64527.8,65226.7
2025-09-25 09:15:00+00:00,64655.3,64527.8
2025-09-25 09:30:00+00:00,64870.9,64655.3
2025-09-25 09:45:00+00:00,64890.4,64870.9
2025-09-25 10:00:00+00:00,64481.6,64890.4
2025-09-25 10:15:00+00:00,64071.4,64481.6
2025-09-25 10:30:00+00:00,63862.3,64071.4
2025-09-25 10:45:00+00:00,64429.2,63862.3
2025-09-25 11:00:00+00:00,64503.2,64429.2
2025-09-25 11:15:00+00:00,63882.3,64503.2
2025-09-25 11:30:00+00:00,63399.4,63882.3
2025-09-25 11:45:00+00:00,62953.1,63399.4
2025-09-25 12:00:00+00:00,62673.7,62953.1
2025-09-25 12:15:00+00:00,62489.2,62673.7
2025-09-25 12:30:00+00:00,62255.8,62489.2
2025-09-25 12:45:00+00:00,61496.2,62255.8
2025-09-25 13:00:00+00:00,61460.5,61496.2
2025-09-25 13:15:00+00:00,61552.0,61460.5
2025-09-25 13:30:00+00:00,61268.0,61552.0
2025-09-25 13:45:00+00:00,61124.0,61268.0
2025-09-25 14:00:00+00:00,61663.3,61124.0
2025-09-25 14:15:00+00:00,61432.8,61663.3
2025-09-25 14:30:00+00:00,61798.4,61432.8
2025-09-25 14:45:00+00:00,61798.7,61798.4
2025-09-25 15:00:00+00:00,62274.2,61798.7
2025-09-25 15:15:00+00:00,62309.6,62274.2
2025-09-25 15:30:00+00:00,62436.2,62309.6
2025-09-25 15:45:00+00:00,62322.0,62436.2
2025-09-25 16:00:00+00:00,62394.6,62322.0
2025-09-25 16:15:00+00:00,62492.2,62394.6
2025-09-25 16:30:00+00:00,62544.0,62492.2
2025-09-25 16:45:00+00:00,62750.9,62544.0
2025-09-25 17:00:00+00:00,63172.3,62750.9
2025-09-25 17:15:00+00:00,63728.5,63172.3
2025-09-25 17:30:00+00:00,63784.1,63728.5
2025-09-25 17:45:00+00:00,63418.2,63784.1
2025-09-25 18:00:00+00:00,62113.1,63418.2
2025-09-25 18:15:00+00:00,61210.0,62113.1
2025-09-25 18:30:00+00:00,60299.7,61210.0
2025-09-25 18:45:00+00:00,59344.3,60299.7
2025-09-25 19:00:00+00:00,58665.4,59344.3
2025-09-25 19:15:00+00:00,57686.1,58665.4
2025-09-25 19:30:00+00:00,56783.5,57686.1
2025-09-25 19:45:00+00:00,55946.7,56783.5
2025-09-25 20:00:00+00:00,54769.6,55946.7
2025-09-25 20:15:00+00:00,53861.6,54769.6
2025-09-25 20:30:00+00:00,53003.9,53861.6
2025-09-25 20:45:00+00:00,52039.1,53003.9
2025-09-25 21:00:00+00:00,51084.8,52039.1
2025-09-25 21:15:00+00:00,49906.5,51084.8
2025-09-25 21:30:00+00:00,49116.9,49906.5
2025-09-25 21:45:00+00:00,48328.5,49116.9
2025-09-25 22:00:00+00:00,47045.4,48328.5
2025-09-25 22:15:00+00:00,46526.2,47045.4
2025-09-25 22:30:00+00:00,46069.5,46526.2
2025-09-25 22:45:00+00:00,45430.9,46069.5
2025-09-25 23:00:00+00:00,44693.3,45430.9
2025-09-25 23:15:00+00:00,44312.8,44693.3
2025-09-25 23:30:00+00:00,43974.8,44312.8
2025-09-25 23:45:00+00:00,43793.9,43974.8
2025-09-26 00:00:00+00:00,43312.7,43793.9
2025-09-26 00:15:00+00:00,43179.7,43312.7
2025-09-26 00:30:00+00:00,43191.2,43179.7
2025-09-26 00:45:00+00:00,43148.2,43191.2
2025-09-26 01:00:00+00:00,43197.5,43148.2
2025-09-26 01:15:00+00:00,43252.4,43197.5
2025-09-26 01:30:00+00:00,43199.5,43252.4
2025-09-26 01:45:00+00:00,43430.6,43199.5
2025-09-26 02:00:00+00:00,43844.9,43430.6
2025-09-26 02:15:00+00:00,43972.2,43844.9
2025-09-26 02:30:00+00:00,44252.3,43972.2
2025-09-26 02:45:00+00:00,45243.8,44252.3
2025-09-26 03:00:00+00:00,46503.0,45243.8
2025-09-26 03:15:00+00:00,47544.9,46503.0
2025-09-26 03:30:00+00:00,48626.0,47544.9
2025-09-26 03:45:00+00:00,50347.3,48626.0
2025-09-26 04:00:00+00:00,54154.8,50347.3
2025-09-26 04:15:00+00:00,55769.3,54154.8
2025-09-26 04:30:00+00:00,57248.3,55769.3
2025-09-26 04:45:00+00:00,58843.6,57248.3
2025-09-26 05:00:00+00:00,60332.5,58843.6
2025-09-26 05:15:00+00:00,60816.8,60332.5
2025-09-26 05:30:00+00:00,61189.0,60816.8
2025-09-26 05:45:00+00:00,62628.4,61189.0
2025-09-26 06:00:00+00:00,62799.2,62628.4
2025-09-26 06:15:00+00:00,63682.8,62799.2
2025-09-26 06:30:00+00:00,64109.4,63682.8
2025-09-26 06:45:00+00:00,65012.2,64109.4
2025-09-26 07:00:00+00:00,64046.9,65012.2
2025-09-26 07:15:00+00:00,64836.8,64046.9
2025-09-26 07:30:00+00:00,65185.4,64836.8
2025-09-26 07:45:00+00:00,65748.3,65185.4
2025-09-26 08:00:00+00:00,65595.7,65748.3
2025-09-26 08:15:00+00:00,65726.4,65595.7
2025-09-26 08:30:00+00:00,66169.3,65726.4
2025-09-26 08:45:00+00:00,66183.6,66169.3
2025-09-26 09:00:00+00:00,65614.8,66183.6
2025-09-26 09:15:00+00:00,65995.2,65614.8
2025-09-26 09:30:00+00:00,66045.2,65995.2
2025-09-26 09:45:00+00:00,66232.9,66045.2
2025-09-26 10:00:00+00:00,65064.3,66232.9
2025-09-26 10:15:00+00:00,64275.8,65064.3
2025-09-26 10:30:00+00:00,64263.7,64275.8
2025-09-26 10:45:00+00:00,64264.4,64263.7
2025-09-26 11:00:00+00:00,64002.5,64264.4
2025-09-26 11:15:00+00:00,63508.2,64002.5
2025-09-26 11:30:00+00:00,63170.7,63508.2
2025-09-26 11:45:00+00:00,62198.9,63170.7
2025-09-26 12:00:00+00:00,60962.8,62198.9
2025-09-26 12:15:00+00:00,60879.5,60962.8
2025-09-26 12:30:00+00:00,60294.6,60879.5
2025-09-26 12:45:00+00:00,59847.2,60294.6
2025-09-26 13:00:00+00:00,60633.0,59847.2
2025-09-26 13:15:00+00:00,60964.6,60633.0
2025-09-26 13:30:00+00:00,60739.9,60964.6
2025-09-26 13:45:00+00:00,60310.1,60739.9
2025-09-26 14:00:00+00:00,60200.1,60310.1
2025-09-26 14:15:00+00:00,60031.0,60200.1
2025-09-26 14:30:00+00:00,59925.4,60031.0
2025-09-26 14:45:00+00:00,59649.4,59925.4
2025-09-26 15:00:00+00:00,59570.9,59649.4
2025-09-26 15:15:00+00:00,59769.9,59570.9
2025-09-26 15:30:00+00:00,60035.7,59769.9
2025-09-26 15:45:00+00:00,59927.4,60035.7
2025-09-26 16:00:00+00:00,59771.3,59927.4
2025-09-26 16:15:00+00:00,60085.7,59771.3
2025-09-26 16:30:00+00:00,60594.1,60085.7
2025-09-26 16:45:00+00:00,60718.2,60594.1
2025-09-26 17:00:00+00:00,61077.8,60718.2
2025-09-26 17:15:00+00:00,61331.5,61077.8
2025-09-26 17:30:00+00:00,61530.0,61331.5
2025-09-26 17:45:00+00:00,60979.0,61530.0
2025-09-26 18:00:00+00:00,59952.0,60979.0
2025-09-26 18:15:00+00:00,58947.8,59952.0
2025-09-26 18:30:00+00:00,58204.3,58947.8
2025-09-26 18:45:00+00:00,57069.8,58204.3
2025-09-26 19:00:00+00:00,56282.5,57069.8
2025-09-26 19:15:00+00:00,55547.2,56282.5
2025-09-26 19:30:00+00:00,54416.6,55547.2
2025-09-26 19:45:00+00:00,53428.2,54416.6
2025-09-26 20:00:00+00:00,52153.7,53428.2
2025-09-26 20:15:00+00:00,51345.1,52153.7
2025-09-26 20:30:00+00:00,50488.5,51345.1
2025-09-26 20:45:00+00:00,49587.8,50488.5
2025-09-26 21:00:00+00:00,48374.3,49587.8
2025-09-26 21:15:00+00:00,47273.3,48374.3
2025-09-26 21:30:00+00:00,46251.9,47273.3
2025-09-26 21:45:00+00:00,45707.8,46251.9
2025-09-26 22:00:00+00:00,44757.6,45707.8
2025-09-26 22:15:00+00:00,43832.8,44757.6
2025-09-26 22:30:00+00:00,43141.6,43832.8
2025-09-26 22:45:00+00:00,42677.9,43141.6
2025-09-26 23:00:00+00:00,42428.8,42677.9
2025-09-26 23:15:00+00:00,41716.0,42428.8
2025-09-26 23:30:00+00:00,41334.1,41716.0
2025-09-26 23:45:00+00:00,40889.9,41334.1
2025-09-27 00:00:00+00:00,40552.5,40889.9
2025-09-27 00:15:00+00:00,39980.6,40552.5
2025-09-27 00:30:00+00:00,40043.9,39980.6
2025-09-27 00:45:00+00:00,39979.3,40043.9
2025-09-27 01:00:00+00:00,40129.3,39979.3
2025-09-27 01:15:00+00:00,39956.7,40129.3
2025-09-27 01:30:00+00:00,39940.6,39956.7
2025-09-27 01:45:00+00:00,40077.2,39940.6
2025-09-27 02:00:00+00:00,39647.3,40077.2
2025-09-27 02:15:00+00:00,39724.1,39647.3
2025-09-27 02:30:00+00:00,39851.0,39724.1
2025-09-27 02:45:00+00:00,39896.8,39851.0
2025-09-27 03:00:00+00:00,40117.9,39896.8
2025-09-27 03:15:00+00:00,40243.1,40117.9
2025-09-27 03:30:00+00:00,40460.7,40243.1
2025-09-27 03:45:00+00:00,40782.1,40460.7
2025-09-27 04:00:00+00:00,42056.6,40782.1
2025-09-27 04:15:00+00:00,42502.3,42056.6
2025-09-27 04:30:00+00:00,43060.6,42502.3
2025-09-27 04:45:00+00:00,43716.9,43060.6
2025-09-27 05:00:00+00:00,44412.0,43716.9
2025-09-27 05:15:00+00:00,44629.7,44412.0
2025-09-27 05:30:00+00:00,45407.5,44629.7
2025-09-27 05:45:00+00:00,46254.2,45407.5
2025-09-27 06:00:00+00:00,47384.5,46254.2
2025-09-27 06:15:00+00:00,47963.7,47384.5
2025-09-27 06:30:00+00:00,48828.6,47963.7
2025-09-27 06:45:00+00:00,49608.7,48828.6
2025-09-27 07:00:00+00:00,49335.2,49608.7
2025-09-27 07:15:00+00:00,49302.7,49335.2
2025-09-27 07:30:00+00:00,49868.3,49302.7
2025-09-27 07:45:00+00:00,50264.0,49868.3
2025-09-27 08:00:00+00:00,50673.4,50264.0
2025-09-27 08:15:00+00:00,51004.3,50673.4
2025-09-27 08:30:00+00:00,51478.8,51004.3
2025-09-27 08:45:00+00:00,52027.2,51478.8
2025-09-27 09:00:00+00:00,51784.2,52027.2
2025-09-27 09:15:00+00:00,51818.3,51784.2
2025-09-27 09:30:00+00:00,52122.9,51818.3
2025-09-27 09:45:00+00:00,51993.9,52122.9
2025-09-27 10:00:00+00:00,51263.1,51993.9
2025-09-27 10:15:00+00:00,51228.5,51263.1
2025-09-27 10:30:00+00:00,50781.0,51228.5
2025-09-27 10:45:00+00:00,50293.5,50781.0
2025-09-27 11:00:00+00:00,49784.2,50293.5
2025-09-27 11:15:00+00:00,49505.5,49784.2
2025-09-27 11:30:00+00:00,48876.4,49505.5
2025-09-27 11:45:00+00:00,48047.8,48876.4
2025-09-27 12:00:00+00:00,48170.1,48047.8
2025-09-27 12:15:00+00:00,47859.0,48170.1
2025-09-27 12:30:00+00:00,47837.3,47859.0
2025-09-27 12:45:00+00:00,47080.7,47837.3
2025-09-27 13:00:00+00:00,48308.8,47080.7
2025-09-27 13:15:00+00:00,48235.0,48308.8
2025-09-27 13:30:00+00:00,48320.8,48235.0
2025-09-27 13:45:00+00:00,47916.9,48320.8
2025-09-27 14:00:00+00:00,48512.6,47916.9
2025-09-27 14:15:00+00:00,48539.8,48512.6
2025-09-27 14:30:00+00:00,48758.3,48539.8
2025-09-27 14:45:00+00:00,48888.3,48758.3
2025-09-27 15:00:00+00:00,49762.3,48888.3
2025-09-27 15:15:00+00:00,49846.5,49762.3
2025-09-27 15:30:00+00:00,50183.2,49846.5
2025-09-27 15:45:00+00:00,50582.7,50183.2
2025-09-27 16:00:00+00:00,51394.1,50582.7
2025-09-27 16:15:00+00:00,51390.7,51394.1
2025-09-27 16:30:00+00:00,51327.3,51390.7
2025-09-27 16:45:00+00:00,52068.6,51327.3
2025-09-27 17:00:00+00:00,52486.3,52068.6
2025-09-27 17:15:00+00:00,53042.1,52486.3
2025-09-27 17:30:00+00:00,53211.0,53042.1
2025-09-27 17:45:00+00:00,52704.6,53211.0
2025-09-27 18:00:00+00:00,51887.6,52704.6
2025-09-27 18:15:00+00:00,50535.3,51887.6
2025-09-27 18:30:00+00:00,49838.7,50535.3
2025-09-27 18:45:00+00:00,49366.5,49838.7
2025-09-27 19:00:00+00:00,48225.3,49366.5
2025-09-27 19:15:00+00:00,47517.9,48225.3
2025-09-27 19:30:00+00:00,46817.5,47517.9
2025-09-27 19:45:00+00:00,46419.3,46817.5
2025-09-27 20:00:00+00:00,45810.6,46419.3
2025-09-27 20:15:00+00:00,45113.3,45810.6
2025-09-27 20:30:00+00:00,44386.3,45113.3
2025-09-27 20:45:00+00:00,43913.8,44386.3
2025-09-27 21:00:00+00:00,43013.0,43913.8
2025-09-27 21:15:00+00:00,42091.7,43013.0
2025-09-27 21:30:00+00:00,41597.6,42091.7
2025-09-27 21:45:00+00:00,41189.7,41597.6
2025-09-27 22:00:00+00:00,40206.0,41189.7
2025-09-27 22:15:00+00:00,39726.3,40206.0
2025-09-27 22:30:00+00:00,39050.7,39726.3
2025-09-27 22:45:00+00:00,38412.4,39050.7
2025-09-27 23:00:00+00:00,37826.9,38412.4
2025-09-27 23:15:00+00:00,37270.5,37826.9
2025-09-27 23:30:00+00:00,37141.1,37270.5
2025-09-27 23:45:00+00:00,36752.8,37141.1
2025-09-28 00:00:00+00:00,36248.7,36752.8
2025-09-28 00:15:00+00:00,35913.5,36248.7
2025-09-28 00:30:00+00:00,35630.6,35913.5
2025-09-28 00:45:00+00:00,35268.5,35630.6
2025-09-28 01:00:00+00:00,35437.8,35268.5
2025-09-28 01:15:00+00:00,35157.0,35437.8
2025-09-28 01:30:00+00:00,35168.0,35157.0
2025-09-28 01:45:00+00:00,34977.2,35168.0
2025-09-28 02:00:00+00:00,35517.1,34977.2
2025-09-28 02:15:00+00:00,35340.4,35517.1
2025-09-28 02:30:00+00:00,35378.4,35340.4
2025-09-28 02:45:00+00:00,35472.9,35378.4
2025-09-28 03:00:00+00:00,35877.9,35472.9
2025-09-28 03:15:00+00:00,35930.8,35877.9
2025-09-28 03:30:00+00:00,36054.6,35930.8
2025-09-28 03:45:00+00:00,36213.3,36054.6
2025-09-28 04:00:00+00:00,36997.4,36213.3
2025-09-28 04:15:00+00:00,36858.2,36997.4
2025-09-28 04:30:00+00:00,37381.6,36858.2
2025-09-28 04:45:00+00:00,37988.5,37381.6
2025-09-28 05:00:00+00:00,38328.3,37988.5
2025-09-28 05:15:00+00:00,38626.5,38328.3
2025-09-28 05:30:00+00:00,39311.2,38626.5
2025-09-28 05:45:00+00:00,40277.0,39311.2
2025-09-28 06:00:00+00:00,40962.1,40277.0
2025-09-28 06:15:00+00:00,41810.2,40962.1
2025-09-28 06:30:00+00:00,43058.3,41810.2
2025-09-28 06:45:00+00:00,43816.0,43058.3
2025-09-28 07:00:00+00:00,44177.4,43816.0
2025-09-28 07:15:00+00:00,45124.9,44177.4
2025-09-28 07:30:00+00:00,45795.6,45124.9
2025-09-28 07:45:00+00:00,46006.9,45795.6
2025-09-28 08:00:00+00:00,46075.4,46006.9
2025-09-28 08:15:00+00:00,46383.6,46075.4
2025-09-28 08:30:00+00:00,46911.5,46383.6
2025-09-28 08:45:00+00:00,47574.9,46911.5
2025-09-28 09:00:00+00:00,48247.7,47574.9
2025-09-28 09:15:00+00:00,48457.0,48247.7
2025-09-28 09:30:00+00:00,48736.8,48457.0
2025-09-28 09:45:00+00:00,48828.6,48736.8
2025-09-28 10:00:00+00:00,48526.3,48828.6
2025-09-28 10:15:00+00:00,48100.6,48526.3
2025-09-28 10:30:00+00:00,47608.8,48100.6
2025-09-28 10:45:00+00:00,47085.1,47608.8
2025-09-28 11:00:00+00:00,46228.5,47085.1
2025-09-28 11:15:00+00:00,45659.7,46228.5
2025-09-28 11:30:00+00:00,45048.5,45659.7
2025-09-28 11:45:00+00:00,44533.3,45048.5
2025-09-28 12:00:00+00:00,44414.6,44533.3
2025-09-28 12:15:00+00:00,43882.5,44414.6
2025-09-28 12:30:00+00:00,43491.0,43882.5
2025-09-28 12:45:00+00:00,44032.0,43491.0
2025-09-28 13:00:00+00:00,43430.0,44032.0
2025-09-28 13:15:00+00:00,43163.7,43430.0
2025-09-28 13:30:00+00:00,43252.4,43163.7
2025-09-28 13:45:00+00:00,43188.7,43252.4
2025-09-28 14:00:00+00:00,43315.0,43188.7
2025-09-28 14:15:00+00:00,43032.7,43315.0
2025-09-28 14:30:00+00:00,43206.0,43032.7
2025-09-28 14:45:00+00:00,43903.2,43206.0
2025-09-28 15:00:00+00:00,44719.5,43903.2
2025-09-28 15:15:00+00:00,45383.5,44719.5
2025-09-28 15:30:00+00:00,46031.0,45383.5
2025-09-28 15:45:00+00:00,46892.1,46031.0
2025-09-28 16:00:00+00:00,47947.0,46892.1
2025-09-28 16:15:00+00:00,48341.3,47947.0
2025-09-28 16:30:00+00:00,48805.6,48341.3
2025-09-28 16:45:00+00:00,49334.5,48805.6
2025-09-28 17:00:00+00:00,50011.5,49334.5
2025-09-28 17:15:00+00:00,50620.4,50011.5
2025-09-28 17:30:00+00:00,50993.8,50620.4
2025-09-28 17:45:00+00:00,50752.1,50993.8
2025-09-28 18:00:00+00:00,50620.4,50752.1
2025-09-28 18:15:00+00:00,50167.1,50620.4
2025-09-28 18:30:00+00:00,49768.5,50167.1
2025-09-28 18:45:00+00:00,49135.8,49768.5
2025-09-28 19:00:00+00:00,48451.5,49135.8
2025-09-28 19:15:00+00:00,47625.5,48451.5
2025-09-28 19:30:00+00:00,47135.6,47625.5
2025-09-28 19:45:00+00:00,46795.6,47135.6
2025-09-28 20:00:00+00:00,46191.3,46795.6
2025-09-28 20:15:00+00:00,45884.3,46191.3
2025-09-28 20:30:00+00:00,45554.2,45884.3
2025-09-28 20:45:00+00:00,44797.2,45554.2
2025-09-28 21:00:00+00:00,43681.3,44797.2
2025-09-28 21:15:00+00:00,43213.5,43681.3
2025-09-28 21:30:00+00:00,42377.4,43213.5
2025-09-28 21:45:00+00:00,41909.2,42377.4
2025-09-28 22:00:00+00:00,41127.3,41909.2
2025-09-28 22:15:00+00:00,40419.6,41127.3
2025-09-28 22:30:00+00:00,40053.5,40419.6
2025-09-28 22:45:00+00:00,39665.7,40053.5
2025-09-28 23:00:00+00:00,39487.1,39665.7
2025-09-28 23:15:00+00:00,39140.2,39487.1
2025-09-28 23:30:00+00:00,38891.7,39140.2
2025-09-28 23:45:00+00:00,38809.0,38891.7
2025-09-29 00:00:00+00:00,38683.2,38809.0
2025-09-29 00:15:00+00:00,38389.8,38683.2
2025-09-29 00:30:00+00:00,38282.3,38389.8
2025-09-29 00:45:00+00:00,38261.1,38282.3
2025-09-29 01:00:00+00:00,38459.9,38261.1
2025-09-29 01:15:00+00:00,38624.4,38459.9
2025-09-29 01:30:00+00:00,38615.1,38624.4
2025-09-29 01:45:00+00:00,38860.7,38615.1
2025-09-29 02:00:00+00:00,39713.3,38860.7
2025-09-29 02:15:00+00:00,39634.2,39713.3
2025-09-29 02:30:00+00:00,40364.0,39634.2
2025-09-29 02:45:00+00:00,40775.6,40364.0
2025-09-29 03:00:00+00:00,42602.5,40775.6
2025-09-29 03:15:00+00:00,43470.4,42602.5
2025-09-29 03:30:00+00:00,44874.7,43470.4
2025-09-29 03:45:00+00:00,46526.6,44874.7
2025-09-29 04:00:00+00:00,49808.8,46526.6
2025-09-29 04:15:00+00:00,52321.1,49808.8
2025-09-29 04:30:00+00:00,53968.5,52321.1
2025-09-29 04:45:00+00:00,55524.0,53968.5
2025-09-29 05:00:00+00:00,56807.9,55524.0
2025-09-29 05:15:00+00:00,57693.6,56807.9
2025-09-29 05:30:00+00:00,58406.4,57693.6
2025-09-29 05:45:00+00:00,59260.8,58406.4
2025-09-29 06:00:00+00:00,60291.8,59260.8
2025-09-29 06:15:00+00:00,61117.5,60291.8
2025-09-29 06:30:00+00:00,61659.8,61117.5
2025-09-29 06:45:00+00:00,61999.4,61659.8
2025-09-29 07:00:00+00:00,61500.7,61999.4
2025-09-29 07:15:00+00:00,61992.2,61500.7
2025-09-29 07:30:00+00:00,62257.7,61992.2
2025-09-29 07:45:00+00:00,62514.0,62257.7
2025-09-29 08:00:00+00:00,62119.9,62514.0
2025-09-29 08:15:00+00:00,62308.9,62119.9
2025-09-29 08:30:00+00:00,62426.0,62308.9
2025-09-29 08:45:00+00:00,62958.5,62426.0
2025-09-29 09:00:00+00:00,61933.9,62958.5
2025-09-29 09:15:00+00:00,61861.9,61933.9
2025-09-29 09:30:00+00:00,62014.7,61861.9
2025-09-29 09:45:00+00:00,62821.9,62014.7
2025-09-29 10:00:00+00:00,61433.8,62821.9
2025-09-29 10:15:00+00:00,61656.3,61433.8
2025-09-29 10:30:00+00:00,61221.0,61656.3
2025-09-29 10:45:00+00:00,60883.6,61221.0
2025-09-29 11:00:00+00:00,59793.6,60883.6
2025-09-29 11:15:00+00:00,58924.2,59793.6
2025-09-29 11:30:00+00:00,58337.7,58924.2
2025-09-29 11:45:00+00:00,57655.5,58337.7
2025-09-29 12:00:00+00:00,57355.0,57655.5
2025-09-29 12:15:00+00:00,57006.4,57355.0
2025-09-29 12:30:00+00:00,56714.0,57006.4
2025-09-29 12:45:00+00:00,56571.8,56714.0
2025-09-29 13:00:00+00:00,57136.4,56571.8
2025-09-29 13:15:00+00:00,56632.5,57136.4
2025-09-29 13:30:00+00:00,56346.7,56632.5
2025-09-29 13:45:00+00:00,56171.3,56346.7
2025-09-29 14:00:00+00:00,56810.1,56171.3
2025-09-29 14:15:00+00:00,56078.6,56810.1
2025-09-29 14:30:00+00:00,56131.8,56078.6
2025-09-29 14:45:00+00:00,56333.9,56131.8
2025-09-29 15:00:00+00:00,57434.4,56333.9
2025-09-29 15:15:00+00:00,57586.4,57434.4
2025-09-29 15:30:00+00:00,58224.7,57586.4
2025-09-29 15:45:00+00:00,58616.6,58224.7
2025-09-29 16:00:00+00:00,59009.4,58616.6
2025-09-29 16:15:00+00:00,59177.0,59009.4
2025-09-29 16:30:00+00:00,59700.1,59177.0
2025-09-29 16:45:00+00:00,60135.7,59700.1
2025-09-29 17:00:00+00:00,60607.5,60135.7
2025-09-29 17:15:00+00:00,61019.4,60607.5
2025-09-29 17:30:00+00:00,61048.8,61019.4
2025-09-29 17:45:00+00:00,60434.3,61048.8
2025-09-29 18:00:00+00:00,59774.6,60434.3
2025-09-29 18:15:00+00:00,58462.0,59774.6
2025-09-29 18:30:00+00:00,57820.9,58462.0
2025-09-29 18:45:00+00:00,56616.3,57820.9
2025-09-29 19:00:00+00:00,55454.9,56616.3
2025-09-29 19:15:00+00:00,54652.1,55454.9
2025-09-29 19:30:00+00:00,53613.7,54652.1
2025-09-29 19:45:00+00:00,52827.1,53613.7
2025-09-29 20:00:00+00:00,51024.7,52827.1
2025-09-29 20:15:00+00:00,50454.5,51024.7
2025-09-29 20:30:00+00:00,49781.2,50454.5
2025-09-29 20:45:00+00:00,48677.0,49781.2
2025-09-29 21:00:00+00:00,47753.5,48677.0
2025-09-29 21:15:00+00:00,47072.5,47753.5
2025-09-29 21:30:00+00:00,46617.8,47072.5
2025-09-29 21:45:00+00:00,46157.7,46617.8
2025-09-29 22:00:00+00:00,44783.3,46157.7
2025-09-29 22:15:00+00:00,44564.3,44783.3
2025-09-29 22:30:00+00:00,43659.2,44564.3
2025-09-29 22:45:00+00:00,43111.1,43659.2
2025-09-29 23:00:00+00:00,42585.8,43111.1
2025-09-29 23:15:00+00:00,42287.5,42585.8
2025-09-29 23:30:00+00:00,41994.1,42287.5
2025-09-29 23:45:00+00:00,42305.7,41994.1
2025-09-30 00:00:00+00:00,41285.8,42305.7
2025-09-30 00:15:00+00:00,41313.1,41285.8
2025-09-30 00:30:00+00:00,41395.3,41313.1
2025-09-30 00:45:00+00:00,41124.0,41395.3
2025-09-30 01:00:00+00:00,41189.8,41124.0
2025-09-30 01:15:00+00:00,41426.7,41189.8
2025-09-30 01:30:00+00:00,41559.4,41426.7
2025-09-30 01:45:00+00:00,41641.9,41559.4
2025-09-30 02:00:00+00:00,42090.9,41641.9
2025-09-30 02:15:00+00:00,42545.2,42090.9
2025-09-30 02:30:00+00:00,43206.8,42545.2
2025-09-30 02:45:00+00:00,44076.9,43206.8
2025-09-30 03:00:00+00:00,45090.1,44076.9
2025-09-30 03:15:00+00:00,45870.3,45090.1
2025-09-30 03:30:00+00:00,46995.1,45870.3
2025-09-30 03:45:00+00:00,48714.7,46995.1
2025-09-30 04:00:00+00:00,52109.8,48714.7
2025-09-30 04:15:00+00:00,53949.8,52109.8
2025-09-30 04:30:00+00:00,55631.3,53949.8
2025-09-30 04:45:00+00:00,56895.1,55631.3
2025-09-30 05:00:00+00:00,58432.2,56895.1
2025-09-30 05:15:00+00:00,59101.8,58432.2
2025-09-30 05:30:00+00:00,59515.8,59101.8
2025-09-30 05:45:00+00:00,60143.1,59515.8
2025-09-30 06:00:00+00:00,60806.6,60143.1
2025-09-30 06:15:00+00:00,61208.7,60806.6
2025-09-30 06:30:00+00:00,62017.2,61208.7
2025-09-30 06:45:00+00:00,62369.6,62017.2
2025-09-30 07:00:00+00:00,61939.7,62369.6
2025-09-30 07:15:00+00:00,62194.8,61939.7
2025-09-30 07:30:00+00:00,62424.6,62194.8
2025-09-30 07:45:00+00:00,62721.7,62424.6
2025-09-30 08:00:00+00:00,62716.8,62721.7
2025-09-30 08:15:00+00:00,62988.3,62716.8
2025-09-30 08:30:00+00:00,63257.2,62988.3
2025-09-30 08:45:00+00:00,63612.6,63257.2
2025-09-30 09:00:00+00:00,63069.8,63612.6
2025-09-30 09:15:00+00:00,63101.2,63069.8
2025-09-30 09:30:00+00:00,63127.5,63101.2
2025-09-30 09:45:00+00:00,62971.2,63127.5
2025-09-30 10:00:00+00:00,62383.9,62971.2
2025-09-30 10:15:00+00:00,61941.8,62383.9
2025-09-30 10:30:00+00:00,61741.7,61941.8
2025-09-30 10:45:00+00:00,61284.2,61741.7
2025-09-30 11:00:00+00:00,60647.6,61284.2
2025-09-30 11:15:00+00:00,60106.8,60647.6
2025-09-30 11:30:00+00:00,59385.8,60106.8
2025-09-30 11:45:00+00:00,58637.2,59385.8
2025-09-30 12:00:00+00:00,58876.6,58637.2
2025-09-30 12:15:00+00:00,58777.8,58876.6
2025-09-30 12:30:00+00:00,58119.0,58777.8
2025-09-30 12:45:00+00:00,57843.2,58119.0
2025-09-30 13:00:00+00:00,57295.8,57843.2
2025-09-30 13:15:00+00:00,56738.9,57295.8
2025-09-30 13:30:00+00:00,56398.3,56738.9
2025-09-30 13:45:00+00:00,56571.6,56398.3
2025-09-30 14:00:00+00:00,56874.6,56571.6
2025-09-30 14:15:00+00:00,56705.1,56874.6
2025-09-30 14:30:00+00:00,56591.9,56705.1
2025-09-30 14:45:00+00:00,56607.9,56591.9
2025-09-30 15:00:00+00:00,57585.9,56607.9
2025-09-30 15:15:00+00:00,57756.1,57585.9
2025-09-30 15:30:00+00:00,58170.3,57756.1
2025-09-30 15:45:00+00:00,58245.2,58170.3
2025-09-30 16:00:00+00:00,58484.1,58245.2
2025-09-30 16:15:00+00:00,58637.2,58484.1
2025-09-30 16:30:00+00:00,58894.0,58637.2
2025-09-30 16:45:00+00:00,59345.4,58894.0
2025-09-30 17:00:00+00:00,59840.6,59345.4
2025-09-30 17:15:00+00:00,60274.3,59840.6
2025-09-30 17:30:00+00:00,60269.2,60274.3
2025-09-30 17:45:00+00:00,59664.0,60269.2
2025-09-30 18:00:00+00:00,59108.9,59664.0
2025-09-30 18:15:00+00:00,58247.3,59108.9
2025-09-30 18:30:00+00:00,57580.5,58247.3
2025-09-30 18:45:00+00:00,56921.0,57580.5
2025-09-30 19:00:00+00:00,56021.4,56921.0
2025-09-30 19:15:00+00:00,54995.0,56021.4
2025-09-30 19:30:00+00:00,54209.8,54995.0
2025-09-30 19:45:00+00:00,53074.1,54209.8
2025-09-30 20:00:00+00:00,51765.0,53074.1
2025-09-30 20:15:00+00:00,50859.0,51765.0
2025-09-30 20:30:00+00:00,49692.2,50859.0
2025-09-30 20:45:00+00:00,48705.0,49692.2
2025-09-30 21:00:00+00:00,47508.8,48705.0
2025-09-30 21:15:00+00:00,46997.6,47508.8
2025-09-30 21:30:00+00:00,46338.7,46997.6
2025-09-30 21:45:00+00:00,46009.0,46338.7
2025-09-30 22:00:00+00:00,45199.3,46009.0
2025-09-30 22:15:00+00:00,44293.0,45199.3
2025-09-30 22:30:00+00:00,43696.7,44293.0
2025-09-30 22:45:00+00:00,43218.7,43696.7
2025-09-30 23:00:00+00:00,42580.2,43218.7
2025-09-30 23:15:00+00:00,41900.5,42580.2
2025-09-30 23:30:00+00:00,41813.6,41900.5
2025-09-30 23:45:00+00:00,41535.6,41813.6
2025-10-01 00:00:00+00:00,40912.1,41535.6
2025-10-01 00:15:00+00:00,40880.3,40912.1
2025-10-01 00:30:00+00:00,40976.8,40880.3
2025-10-01 00:45:00+00:00,41041.0,40976.8
2025-10-01 01:00:00+00:00,41412.6,41041.0
2025-10-01 01:15:00+00:00,41511.0,41412.6
2025-10-01 01:30:00+00:00,40794.6,41511.0
2025-10-01 01:45:00+00:00,41213.7,40794.6
2025-10-01 02:00:00+00:00,42057.6,41213.7
2025-10-01 02:15:00+00:00,42286.3,42057.6
2025-10-01 02:30:00+00:00,42937.6,42286.3
2025-10-01 02:45:00+00:00,43444.1,42937.6
2025-10-01 03:00:00+00:00,44986.8,43444.1
2025-10-01 03:15:00+00:00,46006.8,44986.8
2025-10-01 03:30:00+00:00,47897.0,46006.8
2025-10-01 03:45:00+00:00,49303.1,47897.0
2025-10-01 04:00:00+00:00,52032.8,49303.1
2025-10-01 04:15:00+00:00,54282.0,52032.8
2025-10-01 04:30:00+00:00,56139.5,54282.0
2025-10-01 04:45:00+00:00,57689.9,56139.5
2025-10-01 05:00:00+00:00,58721.0,57689.9
2025-10-01 05:15:00+00:00,59351.2,58721.0
2025-10-01 05:30:00+00:00,59937.3,59351.2
2025-10-01 05:45:00+00:00,60669.0,59937.3
2025-10-01 06:00:00+00:00,61076.2,60669.0
2025-10-01 06:15:00+00:00,61717.4,61076.2
2025-10-01 06:30:00+00:00,62050.0,61717.4
2025-10-01 06:45:00+00:00,62121.2,62050.0
2025-10-01 07:00:00+00:00,62046.6,62121.2
2025-10-01 07:15:00+00:00,62210.8,62046.6
2025-10-01 07:30:00+00:00,62504.5,62210.8
2025-10-01 07:45:00+00:00,62958.5,62504.5
2025-10-01 08:00:00+00:00,62565.6,62958.5
2025-10-01 08:15:00+00:00,61837.9,62565.6
2025-10-01 08:30:00+00:00,61134.3,61837.9
2025-10-01 08:45:00+00:00,60878.1,61134.3
2025-10-01 09:00:00+00:00,60251.6,60878.1
2025-10-01 09:15:00+00:00,60594.5,60251.6
2025-10-01 09:30:00+00:00,60273.0,60594.5
2025-10-01 09:45:00+00:00,59974.3,60273.0
2025-10-01 10:00:00+00:00,59259.6,59974.3
2025-10-01 10:15:00+00:00,59100.2,59259.6
2025-10-01 10:30:00+00:00,58632.3,59100.2
2025-10-01 10:45:00+00:00,58502.2,58632.3
2025-10-01 11:00:00+00:00,58145.2,58502.2
2025-10-01 11:15:00+00:00,57308.5,58145.2
2025-10-01 11:30:00+00:00,56644.3,57308.5
2025-10-01 11:45:00+00:00,56002.1,56644.3
2025-10-01 12:00:00+00:00,55333.6,56002.1
2025-10-01 12:15:00+00:00,55297.0,55333.6
2025-10-01 12:30:00+00:00,54787.7,55297.0
2025-10-01 12:45:00+00:00,54616.9,54787.7
2025-10-01 13:00:00+00:00,54868.6,54616.9
2025-10-01 13:15:00+00:00,54914.6,54868.6
2025-10-01 13:30:00+00:00,55048.2,54914.6
2025-10-01 13:45:00+00:00,54918.3,55048.2
2025-10-01 14:00:00+00:00,55835.0,54918.3
2025-10-01 14:15:00+00:00,56034.4,55835.0
2025-10-01 14:30:00+00:00,55967.4,56034.4
2025-10-01 14:45:00+00:00,56357.4,55967.4
2025-10-01 15:00:00+00:00,56396.2,56357.4
2025-10-01 15:15:00+00:00,56804.9,56396.2
2025-10-01 15:30:00+00:00,57239.4,56804.9
2025-10-01 15:45:00+00:00,57814.4,57239.4
2025-10-01 16:00:00+00:00,58417.6,57814.4
2025-10-01 16:15:00+00:00,58720.4,58417.6
2025-10-01 16:30:00+00:00,59351.3,58720.4
2025-10-01 16:45:00+00:00,59618.2,59351.3
2025-10-01 17:00:00+00:00,59752.7,59618.2
2025-10-01 17:15:00+00:00,60378.1,59752.7
2025-10-01 17:30:00+00:00,60539.0,60378.1
2025-10-01 17:45:00+00:00,60304.1,60539.0
2025-10-01 18:00:00+00:00,59291.4,60304.1
2025-10-01 18:15:00+00:00,58427.4,59291.4
2025-10-01 18:30:00+00:00,57424.5,58427.4
2025-10-01 18:45:00+00:00,56787.3,57424.5
2025-10-01 19:00:00+00:00,55872.7,56787.3
2025-10-01 19:15:00+00:00,54976.6,55872.7
2025-10-01 19:30:00+00:00,54082.1,54976.6
2025-10-01 19:45:00+00:00,53033.3,54082.1
2025-10-01 20:00:00+00:00,51873.8,53033.3
2025-10-01 20:15:00+00:00,51106.6,51873.8
2025-10-01 20:30:00+00:00,50267.7,51106.6
2025-10-01 20:45:00+00:00,49625.2,50267.7
2025-10-01 21:00:00+00:00,48444.5,49625.2
2025-10-01 21:15:00+00:00,47483.7,48444.5
2025-10-01 21:30:00+00:00,46651.8,47483.7
2025-10-01 21:45:00+00:00,46098.7,46651.8
2025-10-01 22:00:00+00:00,45377.3,46098.7
2025-10-01 22:15:00+00:00,44737.2,45377.3
2025-10-01 22:30:00+00:00,44748.4,44737.2
2025-10-01 22:45:00+00:00,44171.2,44748.4
2025-10-01 23:00:00+00:00,43443.0,44171.2
2025-10-01 23:15:00+00:00,43055.9,43443.0
2025-10-01 23:30:00+00:00,42970.4,43055.9
2025-10-01 23:45:00+00:00,42697.9,42970.4
2025-10-02 00:00:00+00:00,42362.5,42697.9
2025-10-02 00:15:00+00:00,42245.2,42362.5
2025-10-02 00:30:00+00:00,42445.2,42245.2
2025-10-02 00:45:00+00:00,42633.5,42445.2
2025-10-02 01:00:00+00:00,42514.9,42633.5
2025-10-02 01:15:00+00:00,42761.2,42514.9
2025-10-02 01:30:00+00:00,42744.4,42761.2
2025-10-02 01:45:00+00:00,42919.0,42744.4
2025-10-02 02:00:00+00:00,43515.5,42919.0
2025-10-02 02:15:00+00:00,43460.6,43515.5
2025-10-02 02:30:00+00:00,44122.1,43460.6
2025-10-02 02:45:00+00:00,45063.6,44122.1
2025-10-02 03:00:00+00:00,46535.5,45063.6
2025-10-02 03:15:00+00:00,47200.8,46535.5
2025-10-02 03:30:00+00:00,48329.6,47200.8
2025-10-02 03:45:00+00:00,49648.0,48329.6
2025-10-02 04:00:00+00:00,52636.9,49648.0
2025-10-02 04:15:00+00:00,54753.3,52636.9
2025-10-02 04:30:00+00:00,56413.6,54753.3
2025-10-02 04:45:00+00:00,57903.3,56413.6
2025-10-02 05:00:00+00:00,59402.4,57903.3
2025-10-02 05:15:00+00:00,60060.1,59402.4
2025-10-02 05:30:00+00:00,60700.1,60060.1
2025-10-02 05:45:00+00:00,61037.9,60700.1
2025-10-02 06:00:00+00:00,61615.7,61037.9
2025-10-02 06:15:00+00:00,62279.8,61615.7
2025-10-02 06:30:00+00:00,62775.1,62279.8
2025-10-02 06:45:00+00:00,62683.1,62775.1
2025-10-02 07:00:00+00:00,62246.7,62683.1
2025-10-02 07:15:00+00:00,62588.5,62246.7
2025-10-02 07:30:00+00:00,62843.1,62588.5
2025-10-02 07:45:00+00:00,62318.0,62843.1
2025-10-02 08:00:00+00:00,61865.0,62318.0
2025-10-02 08:15:00+00:00,61312.2,61865.0
2025-10-02 08:30:00+00:00,61234.4,61312.2
2025-10-02 08:45:00+00:00,60898.5,61234.4
2025-10-02 09:00:00+00:00,61154.1,60898.5
2025-10-02 09:15:00+00:00,60907.0,61154.1
2025-10-02 09:30:00+00:00,60463.9,60907.0
2025-10-02 09:45:00+00:00,60273.5,60463.9
2025-10-02 10:00:00+00:00,58840.2,60273.5
2025-10-02 10:15:00+00:00,57978.4,58840.2
2025-10-02 10:30:00+00:00,57376.7,57978.4
2025-10-02 10:45:00+00:00,56992.1,57376.7
2025-10-02 11:00:00+00:00,56574.7,56992.1
2025-10-02 11:15:00+00:00,55914.6,56574.7
2025-10-02 11:30:00+00:00,55529.3,55914.6
2025-10-02 11:45:00+00:00,55148.4,55529.3
2025-10-02 12:00:00+00:00,54665.5,55148.4
2025-10-02 12:15:00+00:00,54779.3,54665.5
2025-10-02 12:30:00+00:00,54839.0,54779.3
2025-10-02 12:45:00+00:00,54433.0,54839.0
2025-10-02 13:00:00+00:00,54679.7,54433.0
2025-10-02 13:15:00+00:00,54506.4,54679.7
2025-10-02 13:30:00+00:00,54548.4,54506.4
2025-10-02 13:45:00+00:00,54273.4,54548.4
2025-10-02 14:00:00+00:00,54745.0,54273.4
2025-10-02 14:15:00+00:00,54222.4,54745.0
2025-10-02 14:30:00+00:00,54163.7,54222.4
2025-10-02 14:45:00+00:00,54529.1,54163.7
2025-10-02 15:00:00+00:00,55346.8,54529.1
2025-10-02 15:15:00+00:00,55383.1,55346.8
2025-10-02 15:30:00+00:00,55788.4,55383.1
2025-10-02 15:45:00+00:00,56330.1,55788.4
2025-10-02 16:00:00+00:00,56628.2,56330.1
2025-10-02 16:15:00+00:00,57203.4,56628.2
2025-10-02 16:30:00+00:00,57404.4,57203.4
2025-10-02 16:45:00+00:00,57613.1,57404.4
2025-10-02 17:00:00+00:00,58333.6,57613.1
2025-10-02 17:15:00+00:00,58891.3,58333.6
2025-10-02 17:30:00+00:00,58857.0,58891.3
2025-10-02 17:45:00+00:00,58387.1,58857.0
2025-10-02 18:00:00+00:00,57169.3,58387.1
2025-10-02 18:15:00+00:00,56147.1,57169.3
2025-10-02 18:30:00+00:00,55380.5,56147.1
2025-10-02 18:45:00+00:00,54597.2,55380.5
2025-10-02 19:00:00+00:00,53913.3,54597.2
2025-10-02 19:15:00+00:00,53223.6,53913.3
2025-10-02 19:30:00+00:00,52416.5,53223.6
2025-10-02 19:45:00+00:00,51022.6,52416.5
2025-10-02 20:00:00+00:00,50397.8,51022.6
2025-10-02 20:15:00+00:00,49354.0,50397.8
2025-10-02 20:30:00+00:00,48516.7,49354.0
2025-10-02 20:45:00+00:00,47484.4,48516.7
2025-10-02 21:00:00+00:00,46293.4,47484.4
2025-10-02 21:15:00+00:00,45635.0,46293.4
2025-10-02 21:30:00+00:00,44737.7,45635.0
2025-10-02 21:45:00+00:00,44011.0,44737.7
2025-10-02 22:00:00+00:00,43004.4,44011.0
2025-10-02 22:15:00+00:00,42626.6,43004.4
2025-10-02 22:30:00+00:00,42359.3,42626.6
2025-10-02 22:45:00+00:00,42030.5,42359.3
2025-10-02 23:00:00+00:00,41789.0,42030.5
2025-10-02 23:15:00+00:00,41329.6,41789.0
2025-10-02 23:30:00+00:00,40921.9,41329.6
2025-10-02 23:45:00+00:00,40780.7,40921.9
2025-10-03 00:00:00+00:00,40397.4,40780.7
2025-10-03 00:15:00+00:00,40279.9,40397.4
2025-10-03 00:30:00+00:00,40100.6,40279.9
2025-10-03 00:45:00+00:00,39791.1,40100.6
2025-10-03 01:00:00+00:00,39721.6,39791.1
2025-10-03 01:15:00+00:00,39489.4,39721.6
2025-10-03 01:30:00+00:00,39411.5,39489.4
2025-10-03 01:45:00+00:00,39593.1,39411.5
2025-10-03 02:00:00+00:00,40006.6,39593.1
2025-10-03 02:15:00+00:00,39949.0,40006.6
2025-10-03 02:30:00+00:00,39608.4,39949.0
2025-10-03 02:45:00+00:00,39634.1,39608.4
2025-10-03 03:00:00+00:00,40440.2,39634.1
2025-10-03 03:15:00+00:00,40658.9,40440.2
2025-10-03 03:30:00+00:00,40320.4,40658.9
2025-10-03 03:45:00+00:00,40314.0,40320.4
2025-10-03 04:00:00+00:00,40813.8,40314.0
2025-10-03 04:15:00+00:00,41215.6,40813.8
2025-10-03 04:30:00+00:00,41473.9,41215.6
2025-10-03 04:45:00+00:00,41559.0,41473.9
2025-10-03 05:00:00+00:00,42048.4,41559.0
2025-10-03 05:15:00+00:00,41863.4,42048.4
2025-10-03 05:30:00+00:00,42523.9,41863.4
2025-10-03 05:45:00+00:00,43006.4,42523.9
2025-10-03 06:00:00+00:00,43739.9,43006.4
2025-10-03 06:15:00+00:00,44273.1,43739.9
2025-10-03 06:30:00+00:00,44806.6,44273.1
2025-10-03 06:45:00+00:00,46035.5,44806.6
2025-10-03 07:00:00+00:00,46828.3,46035.5
2025-10-03 07:15:00+00:00,47584.9,46828.3
2025-10-03 07:30:00+00:00,48138.0,47584.9
2025-10-03 07:45:00+00:00,48569.2,48138.0
2025-10-03 08:00:00+00:00,48739.8,48569.2
2025-10-03 08:15:00+00:00,49195.9,48739.8
2025-10-03 08:30:00+00:00,49113.6,49195.9
2025-10-03 08:45:00+00:00,49600.2,49113.6
2025-10-03 09:00:00+00:00,50089.5,49600.2
2025-10-03 09:15:00+00:00,50228.9,50089.5
2025-10-03 09:30:00+00:00,50662.1,50228.9
2025-10-03 09:45:00+00:00,49915.4,50662.1
2025-10-03 10:00:00+00:00,49854.1,49915.4
2025-10-03 10:15:00+00:00,49869.3,49854.1
2025-10-03 10:30:00+00:00,49712.5,49869.3
2025-10-03 10:45:00+00:00,49459.6,49712.5
2025-10-03 11:00:00+00:00,48828.4,49459.6
2025-10-03 11:15:00+00:00,48132.7,48828.4
2025-10-03 11:30:00+00:00,47715.8,48132.7
2025-10-03 11:45:00+00:00,46904.0,47715.8
2025-10-03 12:00:00+00:00,46448.8,46904.0
2025-10-03 12:15:00+00:00,45771.7,46448.8
2025-10-03 12:30:00+00:00,45488.5,45771.7
2025-10-03 12:45:00+00:00,45612.9,45488.5
2025-10-03 13:00:00+00:00,45475.7,45612.9
2025-10-03 13:15:00+00:00,45578.6,45475.7
2025-10-03 13:30:00+00:00,45438.6,45578.6
2025-10-03 13:45:00+00:00,45417.9,45438.6
2025-10-03 14:00:00+00:00,45769.6,45417.9
2025-10-03 14:15:00+00:00,45897.7,45769.6
2025-10-03 14:30:00+00:00,45976.0,45897.7
2025-10-03 14:45:00+00:00,46469.5,45976.0
2025-10-03 15:00:00+00:00,46643.5,46469.5
2025-10-03 15:15:00+00:00,46818.7,46643.5
2025-10-03 15:30:00+00:00,48042.9,46818.7
2025-10-03 15:45:00+00:00,48804.0,48042.9
2025-10-03 16:00:00+00:00,49445.4,48804.0
2025-10-03 16:15:00+00:00,49683.4,49445.4
2025-10-03 16:30:00+00:00,50369.2,49683.4
2025-10-03 16:45:00+00:00,51116.7,50369.2
2025-10-03 17:00:00+00:00,52136.0,51116.7
2025-10-03 17:15:00+00:00,52975.7,52136.0
2025-10-03 17:30:00+00:00,52955.8,52975.7
2025-10-03 17:45:00+00:00,52465.3,52955.8
2025-10-03 18:00:00+00:00,51712.3,52465.3
2025-10-03 18:15:00+00:00,51371.5,51712.3
2025-10-03 18:30:00+00:00,50730.4,51371.5
2025-10-03 18:45:00+00:00,50216.9,50730.4
2025-10-03 19:00:00+00:00,49730.9,50216.9
2025-10-03 19:15:00+00:00,48969.6,49730.9
2025-10-03 19:30:00+00:00,48826.8,48969.6
2025-10-03 19:45:00+00:00,48146.8,48826.8
2025-10-03 20:00:00+00:00,48153.0,48146.8
2025-10-03 20:15:00+00:00,47453.8,48153.0
2025-10-03 20:30:00+00:00,47179.1,47453.8
2025-10-03 20:45:00+00:00,46492.9,47179.1
2025-10-03 21:00:00+00:00,45518.9,46492.9
2025-10-03 21:15:00+00:00,45015.3,45518.9
2025-10-03 21:30:00+00:00,44298.6,45015.3
2025-10-03 21:45:00+00:00,43684.3,44298.6
2025-10-03 22:00:00+00:00,43404.6,43684.3
2025-10-03 22:15:00+00:00,42635.4,43404.6
2025-10-03 22:30:00+00:00,41901.8,42635.4
2025-10-03 22:45:00+00:00,41695.4,41901.8
2025-10-03 23:00:00+00:00,41384.3,41695.4
2025-10-03 23:15:00+00:00,40586.3,41384.3
2025-10-03 23:30:00+00:00,39929.8,40586.3
2025-10-03 23:45:00+00:00,39893.6,39929.8
2025-10-04 00:00:00+00:00,39513.6,39893.6
2025-10-04 00:15:00+00:00,39556.6,39513.6
2025-10-04 00:30:00+00:00,39300.3,39556.6
2025-10-04 00:45:00+00:00,39431.6,39300.3
2025-10-04 01:00:00+00:00,39666.5,39431.6
2025-10-04 01:15:00+00:00,39705.2,39666.5
2025-10-04 01:30:00+00:00,39873.4,39705.2
2025-10-04 01:45:00+00:00,39741.7,39873.4
2025-10-04 02:00:00+00:00,40679.6,39741.7
2025-10-04 02:15:00+00:00,40822.1,40679.6
2025-10-04 02:30:00+00:00,41009.8,40822.1
2025-10-04 02:45:00+00:00,40974.4,41009.8
2025-10-04 03:00:00+00:00,41506.3,40974.4
2025-10-04 03:15:00+00:00,41933.0,41506.3
2025-10-04 03:30:00+00:00,42169.2,41933.0
2025-10-04 03:45:00+00:00,42839.9,42169.2
2025-10-04 04:00:00+00:00,43953.2,42839.9
2025-10-04 04:15:00+00:00,44457.0,43953.2
2025-10-04 04:30:00+00:00,44802.7,44457.0
2025-10-04 04:45:00+00:00,45213.1,44802.7
2025-10-04 05:00:00+00:00,46364.5,45213.1
2025-10-04 05:15:00+00:00,47133.2,46364.5
2025-10-04 05:30:00+00:00,47265.4,47133.2
2025-10-04 05:45:00+00:00,47786.3,47265.4
2025-10-04 06:00:00+00:00,48669.0,47786.3
2025-10-04 06:15:00+00:00,49319.8,48669.0
2025-10-04 06:30:00+00:00,50608.1,49319.8
2025-10-04 06:45:00+00:00,51600.8,50608.1
2025-10-04 07:00:00+00:00,52023.8,51600.8
2025-10-04 07:15:00+00:00,52478.9,52023.8
2025-10-04 07:30:00+00:00,53076.0,52478.9
2025-10-04 07:45:00+00:00,53473.3,53076.0
2025-10-04 08:00:00+00:00,54322.3,53473.3
2025-10-04 08:15:00+00:00,55132.4,54322.3
2025-10-04 08:30:00+00:00,54964.6,55132.4
2025-10-04 08:45:00+00:00,55086.9,54964.6
2025-10-04 09:00:00+00:00,55576.0,55086.9
2025-10-04 09:15:00+00:00,55902.0,55576.0
2025-10-04 09:30:00+00:00,56077.5,55902.0
2025-10-04 09:45:00+00:00,55535.7,56077.5
2025-10-04 10:00:00+00:00,55102.1,55535.7
2025-10-04 10:15:00+00:00,54923.9,55102.1
2025-10-04 10:30:00+00:00,54439.6,54923.9
2025-10-04 10:45:00+00:00,53873.6,54439.6
2025-10-04 11:00:00+00:00,53030.6,53873.6
2025-10-04 11:15:00+00:00,52702.5,53030.6
2025-10-04 11:30:00+00:00,52394.8,52702.5
2025-10-04 11:45:00+00:00,51751.4,52394.8
2025-10-04 12:00:00+00:00,51922.2,51751.4
2025-10-04 12:15:00+00:00,51337.7,51922.2
2025-10-04 12:30:00+00:00,51521.9,51337.7
2025-10-04 12:45:00+00:00,51381.6,51521.9
2025-10-04 13:00:00+00:00,51593.0,51381.6
2025-10-04 13:15:00+00:00,51684.5,51593.0
2025-10-04 13:30:00+00:00,51199.6,51684.5
2025-10-04 13:45:00+00:00,51648.9,51199.6
2025-10-04 14:00:00+00:00,51572.9,51648.9
2025-10-04 14:15:00+00:00,51802.8,51572.9
2025-10-04 14:30:00+00:00,51650.3,51802.8
2025-10-04 14:45:00+00:00,51665.5,51650.3
2025-10-04 15:00:00+00:00,52206.9,51665.5
2025-10-04 15:15:00+00:00,52429.2,52206.9
2025-10-04 15:30:00+00:00,53418.6,52429.2
2025-10-04 15:45:00+00:00,54100.2,53418.6
2025-10-04 16:00:00+00:00,54905.4,54100.2
2025-10-04 16:15:00+00:00,54558.2,54905.4
2025-10-04 16:30:00+00:00,54957.2,54558.2
2025-10-04 16:45:00+00:00,55426.3,54957.2
2025-10-04 17:00:00+00:00,55779.1,55426.3
2025-10-04 17:15:00+00:00,55927.6,55779.1
2025-10-04 17:30:00+00:00,55639.5,55927.6
2025-10-04 17:45:00+00:00,54672.5,55639.5
2025-10-04 18:00:00+00:00,54106.3,54672.5
2025-10-04 18:15:00+00:00,52858.9,54106.3
2025-10-04 18:30:00+00:00,52027.5,52858.9
2025-10-04 18:45:00+00:00,51150.7,52027.5
2025-10-04 19:00:00+00:00,50970.2,51150.7
2025-10-04 19:15:00+00:00,49912.9,50970.2
2025-10-04 19:30:00+00:00,49239.3,49912.9
2025-10-04 19:45:00+00:00,48487.6,49239.3
2025-10-04 20:00:00+00:00,48130.1,48487.6
2025-10-04 20:15:00+00:00,47682.6,48130.1
2025-10-04 20:30:00+00:00,46992.4,47682.6
2025-10-04 20:45:00+00:00,46163.1,46992.4
2025-10-04 21:00:00+00:00,45222.8,46163.1
2025-10-04 21:15:00+00:00,44634.7,45222.8
2025-10-04 21:30:00+00:00,44255.2,44634.7
2025-10-04 21:45:00+00:00,43599.5,44255.2
2025-10-04 22:00:00+00:00,42962.0,43599.5
2025-10-04 22:15:00+00:00,42105.1,42962.0
2025-10-04 22:30:00+00:00,41632.3,42105.1
2025-10-04 22:45:00+00:00,41436.5,41632.3
2025-10-04 23:00:00+00:00,41051.3,41436.5
2025-10-04 23:15:00+00:00,40530.8,41051.3
2025-10-04 23:30:00+00:00,40058.1,40530.8
2025-10-04 23:45:00+00:00,40073.3,40058.1
2025-10-05 00:00:00+00:00,39738.2,40073.3
2025-10-05 00:15:00+00:00,39713.8,39738.2
2025-10-05 00:30:00+00:00,39523.8,39713.8
2025-10-05 00:45:00+00:00,39181.4,39523.8
2025-10-05 01:00:00+00:00,39159.3,39181.4
2025-10-05 01:15:00+00:00,38884.9,39159.3
2025-10-05 01:30:00+00:00,39115.0,38884.9
2025-10-05 01:45:00+00:00,39140.0,39115.0
2025-10-05 02:00:00+00:00,39468.8,39140.0
2025-10-05 02:15:00+00:00,39613.5,39468.8
2025-10-05 02:30:00+00:00,39547.4,39613.5
2025-10-05 02:45:00+00:00,39588.5,39547.4
2025-10-05 03:00:00+00:00,39729.0,39588.5
2025-10-05 03:15:00+00:00,39796.8,39729.0
2025-10-05 03:30:00+00:00,39836.8,39796.8
2025-10-05 03:45:00+00:00,40065.9,39836.8
2025-10-05 04:00:00+00:00,40758.0,40065.9
2025-10-05 04:15:00+00:00,40915.7,40758.0
2025-10-05 04:30:00+00:00,41433.9,40915.7
2025-10-05 04:45:00+00:00,41510.1,41433.9
2025-10-05 05:00:00+00:00,42185.9,41510.1
2025-10-05 05:15:00+00:00,42386.2,42185.9
2025-10-05 05:30:00+00:00,42805.4,42386.2
2025-10-05 05:45:00+00:00,43319.0,42805.4
2025-10-05 06:00:00+00:00,44134.2,43319.0
2025-10-05 06:15:00+00:00,44804.5,44134.2
2025-10-05 06:30:00+00:00,45396.5,44804.5
2025-10-05 06:45:00+00:00,46286.1,45396.5
2025-10-05 07:00:00+00:00,47145.6,46286.1
2025-10-05 07:15:00+00:00,47944.1,47145.6
2025-10-05 07:30:00+00:00,48664.0,47944.1
2025-10-05 07:45:00+00:00,49056.9,48664.0
2025-10-05 08:00:00+00:00,49945.3,49056.9
2025-10-05 08:15:00+00:00,50550.6,49945.3
2025-10-05 08:30:00+00:00,50568.4,50550.6
2025-10-05 08:45:00+00:00,51793.8,50568.4
2025-10-05 09:00:00+00:00,52754.6,51793.8
2025-10-05 09:15:00+00:00,53265.8,52754.6
2025-10-05 09:30:00+00:00,53429.4,53265.8
2025-10-05 09:45:00+00:00,53988.1,53429.4
2025-10-05 10:00:00+00:00,53087.1,53988.1
2025-10-05 10:15:00+00:00,52922.4,53087.1
2025-10-05 10:30:00+00:00,52439.4,52922.4
2025-10-05 10:45:00+00:00,52318.3,52439.4
2025-10-05 11:00:00+00:00,51645.0,52318.3
2025-10-05 11:15:00+00:00,51407.2,51645.0
2025-10-05 11:30:00+00:00,50811.0,51407.2
2025-10-05 11:45:00+00:00,50048.5,50811.0
2025-10-05 12:00:00+00:00,49878.3,50048.5
2025-10-05 12:15:00+00:00,49520.7,49878.3
2025-10-05 12:30:00+00:00,49171.0,49520.7
2025-10-05 12:45:00+00:00,48823.0,49171.0
2025-10-05 13:00:00+00:00,48350.5,48823.0
2025-10-05 13:15:00+00:00,47991.5,48350.5
2025-10-05 13:30:00+00:00,47733.2,47991.5
2025-10-05 13:45:00+00:00,48054.0,47733.2
2025-10-05 14:00:00+00:00,48278.8,48054.0
2025-10-05 14:15:00+00:00,47778.0,48278.8
2025-10-05 14:30:00+00:00,48253.4,47778.0
2025-10-05 14:45:00+00:00,49006.0,48253.4
2025-10-05 15:00:00+00:00,49765.0,49006.0
2025-10-05 15:15:00+00:00,50929.2,49765.0
2025-10-05 15:30:00+00:00,52101.3,50929.2
2025-10-05 15:45:00+00:00,52699.5,52101.3
2025-10-05 16:00:00+00:00,53810.2,52699.5
2025-10-05 16:15:00+00:00,54022.6,53810.2
2025-10-05 16:30:00+00:00,54334.7,54022.6
2025-10-05 16:45:00+00:00,54665.9,54334.7
2025-10-05 17:00:00+00:00,55298.2,54665.9
2025-10-05 17:15:00+00:00,54794.1,55298.2
2025-10-05 17:30:00+00:00,54294.6,54794.1
2025-10-05 17:45:00+00:00,53987.6,54294.6
2025-10-05 18:00:00+00:00,53336.8,53987.6
2025-10-05 18:15:00+00:00,52649.8,53336.8
2025-10-05 18:30:00+00:00,51769.7,52649.8
2025-10-05 18:45:00+00:00,51060.5,51769.7
2025-10-05 19:00:00+00:00,50831.6,51060.5
2025-10-05 19:15:00+00:00,50094.4,50831.6
2025-10-05 19:30:00+00:00,49559.8,50094.4
2025-10-05 19:45:00+00:00,49483.9,49559.8
2025-10-05 20:00:00+00:00,49976.5,49483.9
2025-10-05 20:15:00+00:00,49700.9,49976.5
2025-10-05 20:30:00+00:00,49069.4,49700.9
2025-10-05 20:45:00+00:00,48551.4,49069.4
2025-10-05 21:00:00+00:00,48146.3,48551.4
2025-10-05 21:15:00+00:00,47460.3,48146.3
2025-10-05 21:30:00+00:00,46840.9,47460.3
2025-10-05 21:45:00+00:00,45973.9,46840.9
2025-10-05 22:00:00+00:00,44329.8,45973.9
2025-10-05 22:15:00+00:00,43744.6,44329.8
2025-10-05 22:30:00+00:00,43410.9,43744.6
2025-10-05 22:45:00+00:00,42987.8,43410.9
2025-10-05 23:00:00+00:00,42906.8,42987.8
2025-10-05 23:15:00+00:00,42772.3,42906.8
2025-10-05 23:30:00+00:00,42603.7,42772.3
2025-10-05 23:45:00+00:00,42114.7,42603.7
2025-10-06 00:00:00+00:00,42302.8,42114.7
2025-10-06 00:15:00+00:00,41999.6,42302.8
2025-10-06 00:30:00+00:00,41984.7,41999.6
2025-10-06 00:45:00+00:00,41789.1,41984.7
2025-10-06 01:00:00+00:00,41873.0,41789.1
2025-10-06 01:15:00+00:00,42011.4,41873.0
2025-10-06 01:30:00+00:00,42372.0,42011.4
2025-10-06 01:45:00+00:00,42773.2,42372.0
2025-10-06 02:00:00+00:00,43044.5,42773.2
2025-10-06 02:15:00+00:00,43470.0,43044.5
2025-10-06 02:30:00+00:00,44044.4,43470.0
2025-10-06 02:45:00+00:00,45004.1,44044.4
2025-10-06 03:00:00+00:00,46402.3,45004.1
2025-10-06 03:15:00+00:00,47279.5,46402.3
2025-10-06 03:30:00+00:00,48554.1,47279.5
2025-10-06 03:45:00+00:00,50387.0,48554.1
2025-10-06 04:00:00+00:00,53854.6,50387.0
2025-10-06 04:15:00+00:00,56000.1,53854.6
2025-10-06 04:30:00+00:00,58115.4,56000.1
2025-10-06 04:45:00+00:00,59571.8,58115.4
2025-10-06 05:00:00+00:00,61786.2,59571.8
2025-10-06 05:15:00+00:00,62590.4,61786.2
2025-10-06 05:30:00+00:00,63218.3,62590.4
2025-10-06 05:45:00+00:00,63799.8,63218.3
2025-10-06 06:00:00+00:00,64671.5,63799.8
2025-10-06 06:15:00+00:00,65181.9,64671.5
2025-10-06 06:30:00+00:00,65663.6,65181.9
2025-10-06 06:45:00+00:00,65609.0,65663.6
2025-10-06 07:00:00+00:00,65194.2,65609.0
2025-10-06 07:15:00+00:00,66094.1,65194.2
2025-10-06 07:30:00+00:00,66416.3,66094.1
2025-10-06 07:45:00+00:00,66356.5,66416.3
2025-10-06 08:00:00+00:00,65864.6,66356.5
2025-10-06 08:15:00+00:00,65915.1,65864.6
2025-10-06 08:30:00+00:00,66129.4,65915.1
2025-10-06 08:45:00+00:00,66348.5,66129.4
2025-10-06 09:00:00+00:00,66277.6,66348.5
2025-10-06 09:15:00+00:00,66118.5,66277.6
2025-10-06 09:30:00+00:00,66628.4,66118.5
2025-10-06 09:45:00+00:00,66457.3,66628.4
2025-10-06 10:00:00+00:00,66295.9,66457.3
2025-10-06 10:15:00+00:00,65893.0,66295.9
2025-10-06 10:30:00+00:00,65785.9,65893.0
2025-10-06 10:45:00+00:00,65974.4,65785.9
2025-10-06 11:00:00+00:00,66687.2,65974.4
2025-10-06 11:15:00+00:00,66337.5,66687.2
2025-10-06 11:30:00+00:00,65952.6,66337.5
2025-10-06 11:45:00+00:00,65113.0,65952.6
2025-10-06 12:00:00+00:00,64692.7,65113.0
2025-10-06 12:15:00+00:00,64268.7,64692.7
2025-10-06 12:30:00+00:00,63973.1,64268.7
2025-10-06 12:45:00+00:00,63681.7,63973.1
2025-10-06 13:00:00+00:00,63469.5,63681.7
2025-10-06 13:15:00+00:00,63205.4,63469.5
2025-10-06 13:30:00+00:00,62893.3,63205.4
2025-10-06 13:45:00+00:00,62420.5,62893.3
2025-10-06 14:00:00+00:00,62417.2,62420.5
2025-10-06 14:15:00+00:00,61691.6,62417.2
2025-10-06 14:30:00+00:00,61501.5,61691.6
2025-10-06 14:45:00+00:00,61541.8,61501.5
2025-10-06 15:00:00+00:00,61609.2,61541.8
2025-10-06 15:15:00+00:00,61597.3,61609.2
2025-10-06 15:30:00+00:00,61725.9,61597.3
2025-10-06 15:45:00+00:00,61886.9,61725.9
2025-10-06 16:00:00+00:00,61979.1,61886.9
2025-10-06 16:15:00+00:00,61751.8,61979.1
2025-10-06 16:30:00+00:00,61922.9,61751.8
2025-10-06 16:45:00+00:00,62719.9,61922.9
2025-10-06 17:00:00+00:00,63217.3,62719.9
2025-10-06 17:15:00+00:00,62666.1,63217.3
2025-10-06 17:30:00+00:00,62569.6,62666.1
2025-10-06 17:45:00+00:00,62042.8,62569.6
2025-10-06 18:00:00+00:00,60914.5,62042.8
2025-10-06 18:15:00+00:00,59730.4,60914.5
2025-10-06 18:30:00+00:00,58814.6,59730.4
2025-10-06 18:45:00+00:00,57707.0,58814.6
2025-10-06 19:00:00+00:00,56665.2,57707.0
2025-10-06 19:15:00+00:00,55948.6,56665.2
2025-10-06 19:30:00+00:00,54988.2,55948.6
2025-10-06 19:45:00+00:00,53955.1,54988.2
2025-10-06 20:00:00+00:00,53045.3,53955.1
2025-10-06 20:15:00+00:00,52305.2,53045.3
2025-10-06 20:30:00+00:00,51148.9,52305.2
2025-10-06 20:45:00+00:00,50205.6,51148.9
2025-10-06 21:00:00+00:00,48905.3,50205.6
2025-10-06 21:15:00+00:00,48061.2,48905.3
2025-10-06 21:30:00+00:00,47500.5,48061.2
2025-10-06 21:45:00+00:00,46542.8,47500.5
2025-10-06 22:00:00+00:00,45832.7,46542.8
2025-10-06 22:15:00+00:00,44923.1,45832.7
2025-10-06 22:30:00+00:00,44343.7,44923.1
2025-10-06 22:45:00+00:00,43706.8,44343.7
2025-10-06 23:00:00+00:00,43394.3,43706.8
2025-10-06 23:15:00+00:00,43168.2,43394.3
2025-10-06 23:30:00+00:00,42796.0,43168.2
2025-10-06 23:45:00+00:00,42590.3,42796.0
2025-10-07 00:00:00+00:00,42266.1,42590.3
2025-10-07 00:15:00+00:00,42140.1,42266.1
2025-10-07 00:30:00+00:00,42137.8,42140.1
2025-10-07 00:45:00+00:00,42161.5,42137.8
2025-10-07 01:00:00+00:00,41911.6,42161.5
2025-10-07 01:15:00+00:00,41921.9,41911.6
2025-10-07 01:30:00+00:00,42173.8,41921.9
2025-10-07 01:45:00+00:00,42395.3,42173.8
2025-10-07 02:00:00+00:00,43185.9,42395.3
2025-10-07 02:15:00+00:00,43502.9,43185.9
2025-10-07 02:30:00+00:00,43747.9,43502.9
2025-10-07 02:45:00+00:00,44411.4,43747.9
2025-10-07 03:00:00+00:00,45906.0,44411.4
2025-10-07 03:15:00+00:00,46652.3,45906.0
2025-10-07 03:30:00+00:00,47604.2,46652.3
2025-10-07 03:45:00+00:00,49075.6,47604.2
2025-10-07 04:00:00+00:00,52134.9,49075.6
2025-10-07 04:15:00+00:00,54480.9,52134.9
2025-10-07 04:30:00+00:00,56063.0,54480.9
2025-10-07 04:45:00+00:00,57651.8,56063.0
2025-10-07 05:00:00+00:00,59134.6,57651.8
2025-10-07 05:15:00+00:00,60136.4,59134.6
2025-10-07 05:30:00+00:00,60633.4,60136.4
2025-10-07 05:45:00+00:00,60955.8,60633.4
2025-10-07 06:00:00+00:00,61862.5,60955.8
2025-10-07 06:15:00+00:00,62444.3,61862.5
2025-10-07 06:30:00+00:00,62842.9,62444.3
2025-10-07 06:45:00+00:00,63008.2,62842.9
2025-10-07 07:00:00+00:00,62820.7,63008.2
2025-10-07 07:15:00+00:00,62959.1,62820.7
2025-10-07 07:30:00+00:00,62956.3,62959.1
2025-10-07 07:45:00+00:00,63492.7,62956.3
2025-10-07 08:00:00+00:00,63813.4,63492.7
2025-10-07 08:15:00+00:00,63857.5,63813.4
2025-10-07 08:30:00+00:00,63733.0,63857.5
2025-10-07 08:45:00+00:00,64030.7,63733.0
2025-10-07 09:00:00+00:00,64304.2,64030.7
2025-10-07 09:15:00+00:00,64706.6,64304.2
2025-10-07 09:30:00+00:00,64832.1,64706.6
2025-10-07 09:45:00+00:00,64901.4,64832.1
2025-10-07 10:00:00+00:00,63652.4,64901.4
2025-10-07 10:15:00+00:00,63374.5,63652.4
2025-10-07 10:30:00+00:00,63279.6,63374.5
2025-10-07 10:45:00+00:00,63218.1,63279.6
2025-10-07 11:00:00+00:00,63720.3,63218.1
2025-10-07 11:15:00+00:00,63118.8,63720.3
2025-10-07 11:30:00+00:00,62300.4,63118.8
2025-10-07 11:45:00+00:00,61699.0,62300.4
2025-10-07 12:00:00+00:00,61153.5,61699.0
2025-10-07 12:15:00+00:00,61036.2,61153.5
2025-10-07 12:30:00+00:00,60507.2,61036.2
2025-10-07 12:45:00+00:00,60299.9,60507.2
2025-10-07 13:00:00+00:00,60481.1,60299.9
2025-10-07 13:15:00+00:00,60183.7,60481.1
2025-10-07 13:30:00+00:00,59991.9,60183.7
2025-10-07 13:45:00+00:00,59819.9,59991.9
2025-10-07 14:00:00+00:00,59561.0,59819.9
2025-10-07 14:15:00+00:00,59519.7,59561.0
2025-10-07 14:30:00+00:00,59436.0,59519.7
2025-10-07 14:45:00+00:00,59620.4,59436.0
2025-10-07 15:00:00+00:00,60023.9,59620.4
2025-10-07 15:15:00+00:00,60599.4,60023.9
2025-10-07 15:30:00+00:00,60922.4,60599.4
2025-10-07 15:45:00+00:00,61068.1,60922.4
2025-10-07 16:00:00+00:00,61123.5,61068.1
2025-10-07 16:15:00+00:00,61518.5,61123.5
2025-10-07 16:30:00+00:00,62081.7,61518.5
2025-10-07 16:45:00+00:00,62751.8,62081.7
2025-10-07 17:00:00+00:00,63095.0,62751.8
2025-10-07 17:15:00+00:00,62931.9,63095.0
2025-10-07 17:30:00+00:00,62377.0,62931.9
2025-10-07 17:45:00+00:00,62307.2,62377.0
2025-10-07 18:00:00+00:00,60835.0,62307.2
2025-10-07 18:15:00+00:00,60163.7,60835.0
2025-10-07 18:30:00+00:00,59250.0,60163.7
2025-10-07 18:45:00+00:00,58301.7,59250.0
2025-10-07 19:00:00+00:00,57100.0,58301.7
2025-10-07 19:15:00+00:00,56236.7,57100.0
2025-10-07 19:30:00+00:00,55245.5,56236.7
2025-10-07 19:45:00+00:00,54355.3,55245.5
2025-10-07 20:00:00+00:00,53591.6,54355.3
2025-10-07 20:15:00+00:00,52833.0,53591.6
2025-10-07 20:30:00+00:00,51814.2,52833.0
2025-10-07 20:45:00+00:00,50796.6,51814.2
2025-10-07 21:00:00+00:00,49689.3,50796.6
2025-10-07 21:15:00+00:00,48985.0,49689.3
2025-10-07 21:30:00+00:00,48245.3,48985.0
2025-10-07 21:45:00+00:00,47461.9,48245.3
2025-10-07 22:00:00+00:00,46347.4,47461.9
2025-10-07 22:15:00+00:00,45717.7,46347.4
2025-10-07 22:30:00+00:00,45097.2,45717.7
2025-10-07 22:45:00+00:00,44767.9,45097.2
2025-10-07 23:00:00+00:00,44176.2,44767.9
2025-10-07 23:15:00+00:00,43889.0,44176.2
2025-10-07 23:30:00+00:00,43622.0,43889.0
2025-10-07 23:45:00+00:00,43498.4,43622.0
2025-10-08 00:00:00+00:00,43032.4,43498.4
2025-10-08 00:15:00+00:00,42867.9,43032.4
2025-10-08 00:30:00+00:00,42910.0,42867.9
2025-10-08 00:45:00+00:00,42954.8,42910.0
2025-10-08 01:00:00+00:00,42885.6,42954.8
2025-10-08 01:15:00+00:00,42787.4,42885.6
2025-10-08 01:30:00+00:00,43047.7,42787.4
2025-10-08 01:45:00+00:00,43189.2,43047.7
2025-10-08 02:00:00+00:00,43774.8,43189.2
2025-10-08 02:15:00+00:00,43975.5,43774.8
2025-10-08 02:30:00+00:00,44347.1,43975.5
2025-10-08 02:45:00+00:00,45026.3,44347.1
2025-10-08 03:00:00+00:00,46812.2,45026.3
2025-10-08 03:15:00+00:00,47610.2,46812.2
2025-10-08 03:30:00+00:00,49030.9,47610.2
2025-10-08 03:45:00+00:00,50294.1,49030.9
2025-10-08 04:00:00+00:00,53601.1,50294.1
2025-10-08 04:15:00+00:00,55706.1,53601.1
2025-10-08 04:30:00+00:00,57073.6,55706.1
2025-10-08 04:45:00+00:00,58455.0,57073.6
2025-10-08 05:00:00+00:00,60315.6,58455.0
2025-10-08 05:15:00+00:00,61040.2,60315.6
2025-10-08 05:30:00+00:00,61555.6,61040.2
2025-10-08 05:45:00+00:00,62088.2,61555.6
2025-10-08 06:00:00+00:00,62932.2,62088.2
2025-10-08 06:15:00+00:00,63484.5,62932.2
2025-10-08 06:30:00+00:00,63711.5,63484.5
2025-10-08 06:45:00+00:00,63837.7,63711.5
2025-10-08 07:00:00+00:00,63415.5,63837.7
2025-10-08 07:15:00+00:00,63096.7,63415.5
2025-10-08 07:30:00+00:00,63395.9,63096.7
2025-10-08 07:45:00+00:00,63938.2,63395.9
2025-10-08 08:00:00+00:00,63692.5,63938.2
2025-10-08 08:15:00+00:00,63603.3,63692.5
2025-10-08 08:30:00+00:00,63562.9,63603.3
2025-10-08 08:45:00+00:00,63409.5,63562.9
2025-10-08 09:00:00+00:00,63346.1,63409.5
2025-10-08 09:15:00+00:00,63523.2,63346.1
2025-10-08 09:30:00+00:00,63646.7,63523.2
2025-10-08 09:45:00+00:00,63630.5,63646.7
2025-10-08 10:00:00+00:00,62946.0,63630.5
2025-10-08 10:15:00+00:00,62815.0,62946.0
2025-10-08 10:30:00+00:00,62748.1,62815.0
2025-10-08 10:45:00+00:00,62523.6,62748.1
2025-10-08 11:00:00+00:00,62365.8,62523.6
2025-10-08 11:15:00+00:00,62044.7,62365.8
2025-10-08 11:30:00+00:00,61399.7,62044.7
2025-10-08 11:45:00+00:00,60684.2,61399.7
2025-10-08 12:00:00+00:00,60638.9,60684.2
2025-10-08 12:15:00+00:00,60242.4,60638.9
2025-10-08 12:30:00+00:00,59842.9,60242.4
2025-10-08 12:45:00+00:00,59563.6,59842.9
2025-10-08 13:00:00+00:00,59439.7,59563.6
2025-10-08 13:15:00+00:00,59334.6,59439.7
2025-10-08 13:30:00+00:00,59093.0,59334.6
2025-10-08 13:45:00+00:00,58597.4,59093.0
2025-10-08 14:00:00+00:00,58798.6,58597.4
2025-10-08 14:15:00+00:00,58135.7,58798.6
2025-10-08 14:30:00+00:00,58248.9,58135.7
2025-10-08 14:45:00+00:00,58253.4,58248.9
2025-10-08 15:00:00+00:00,58716.0,58253.4
2025-10-08 15:15:00+00:00,59161.3,58716.0
2025-10-08 15:30:00+00:00,59944.3,59161.3
2025-10-08 15:45:00+00:00,60398.8,59944.3
2025-10-08 16:00:00+00:00,60742.6,60398.8
2025-10-08 16:15:00+00:00,60883.9,60742.6
2025-10-08 16:30:00+00:00,61269.8,60883.9
2025-10-08 16:45:00+00:00,61719.5,61269.8
2025-10-08 17:00:00+00:00,62026.5,61719.5
2025-10-08 17:15:00+00:00,61896.2,62026.5
2025-10-08 17:30:00+00:00,61464.6,61896.2
2025-10-08 17:45:00+00:00,60616.8,61464.6
2025-10-08 18:00:00+00:00,59619.8,60616.8
2025-10-08 18:15:00+00:00,58560.3,59619.8
2025-10-08 18:30:00+00:00,57718.2,58560.3
2025-10-08 18:45:00+00:00,57067.8,57718.2
2025-10-08 19:00:00+00:00,56153.7,57067.8
2025-10-08 19:15:00+00:00,55047.7,56153.7
2025-10-08 19:30:00+00:00,54129.6,55047.7
2025-10-08 19:45:00+00:00,53092.9,54129.6
2025-10-08 20:00:00+00:00,52318.3,53092.9
2025-10-08 20:15:00+00:00,51420.5,52318.3
2025-10-08 20:30:00+00:00,50562.3,51420.5
2025-10-08 20:45:00+00:00,49471.4,50562.3
2025-10-08 21:00:00+00:00,48582.8,49471.4
2025-10-08 21:15:00+00:00,47964.5,48582.8
2025-10-08 21:30:00+00:00,46744.5,47964.5
2025-10-08 21:45:00+00:00,45791.5,46744.5
2025-10-08 22:00:00+00:00,45198.7,45791.5
2025-10-08 22:15:00+00:00,44545.5,45198.7
2025-10-08 22:30:00+00:00,44024.1,44545.5
2025-10-08 22:45:00+00:00,43687.4,44024.1
2025-10-08 23:00:00+00:00,43087.5,43687.4
2025-10-08 23:15:00+00:00,42384.8,43087.5
2025-10-08 23:30:00+00:00,42118.3,42384.8
2025-10-08 23:45:00+00:00,41952.4,42118.3
2025-10-09 00:00:00+00:00,41677.5,41952.4
2025-10-09 00:15:00+00:00,41691.3,41677.5
2025-10-09 00:30:00+00:00,41710.6,41691.3
2025-10-09 00:45:00+00:00,41586.9,41710.6
2025-10-09 01:00:00+00:00,41713.2,41586.9
2025-10-09 01:15:00+00:00,41912.3,41713.2
2025-10-09 01:30:00+00:00,41955.3,41912.3
2025-10-09 01:45:00+00:00,42445.3,41955.3
2025-10-09 02:00:00+00:00,43306.0,42445.3
2025-10-09 02:15:00+00:00,43618.0,43306.0
2025-10-09 02:30:00+00:00,43960.2,43618.0
2025-10-09 02:45:00+00:00,44505.0,43960.2
2025-10-09 03:00:00+00:00,45916.8,44505.0
2025-10-09 03:15:00+00:00,46941.4,45916.8
2025-10-09 03:30:00+00:00,48406.4,46941.4
2025-10-09 03:45:00+00:00,49828.7,48406.4
2025-10-09 04:00:00+00:00,52955.8,49828.7
2025-10-09 04:15:00+00:00,55108.3,52955.8
2025-10-09 04:30:00+00:00,56679.9,55108.3
2025-10-09 04:45:00+00:00,58121.0,56679.9
2025-10-09 05:00:00+00:00,59798.1,58121.0
2025-10-09 05:15:00+00:00,60819.0,59798.1
2025-10-09 05:30:00+00:00,61789.7,60819.0
2025-10-09 05:45:00+00:00,62176.8,61789.7
2025-10-09 06:00:00+00:00,62618.8,62176.8
2025-10-09 06:15:00+00:00,63401.2,62618.8
2025-10-09 06:30:00+00:00,63879.1,63401.2
2025-10-09 06:45:00+00:00,64017.1,63879.1
2025-10-09 07:00:00+00:00,63517.0,64017.1
2025-10-09 07:15:00+00:00,63754.3,63517.0
2025-10-09 07:30:00+00:00,64122.3,63754.3
2025-10-09 07:45:00+00:00,64294.5,64122.3
2025-10-09 08:00:00+00:00,64140.4,64294.5
2025-10-09 08:15:00+00:00,64710.3,64140.4
2025-10-09 08:30:00+00:00,65458.9,64710.3
2025-10-09 08:45:00+00:00,65779.8,65458.9
2025-10-09 09:00:00+00:00,64846.4,65779.8
2025-10-09 09:15:00+00:00,65050.9,64846.4
2025-10-09 09:30:00+00:00,65916.5,65050.9
2025-10-09 09:45:00+00:00,65655.9,65916.5
2025-10-09 10:00:00+00:00,64938.8,65655.9
2025-10-09 10:15:00+00:00,64421.1,64938.8
2025-10-09 10:30:00+00:00,64389.2,64421.1
2025-10-09 10:45:00+00:00,64111.3,64389.2
2025-10-09 11:00:00+00:00,64904.8,64111.3
2025-10-09 11:15:00+00:00,64100.6,64904.8
2025-10-09 11:30:00+00:00,63495.7,64100.6
2025-10-09 11:45:00+00:00,62730.2,63495.7
2025-10-09 12:00:00+00:00,62351.8,62730.2
2025-10-09 12:15:00+00:00,62414.9,62351.8
2025-10-09 12:30:00+00:00,62016.9,62414.9
2025-10-09 12:45:00+00:00,61853.4,62016.9
2025-10-09 13:00:00+00:00,61959.4,61853.4
2025-10-09 13:15:00+00:00,61477.6,61959.4
2025-10-09 13:30:00+00:00,60854.9,61477.6
2025-10-09 13:45:00+00:00,60928.4,60854.9
2025-10-09 14:00:00+00:00,61164.2,60928.4
2025-10-09 14:15:00+00:00,60696.2,61164.2
2025-10-09 14:30:00+00:00,60658.2,60696.2
2025-10-09 14:45:00+00:00,60995.9,60658.2
2025-10-09 15:00:00+00:00,61482.8,60995.9
2025-10-09 15:15:00+00:00,61919.5,61482.8
2025-10-09 15:30:00+00:00,62604.9,61919.5
2025-10-09 15:45:00+00:00,63383.5,62604.9
2025-10-09 16:00:00+00:00,63797.7,63383.5
2025-10-09 16:15:00+00:00,63873.4,63797.7
2025-10-09 16:30:00+00:00,64391.4,63873.4
2025-10-09 16:45:00+00:00,64928.2,64391.4
2025-10-09 17:00:00+00:00,65237.4,64928.2
2025-10-09 17:15:00+00:00,65065.9,65237.4
2025-10-09 17:30:00+00:00,64884.2,65065.9
2025-10-09 17:45:00+00:00,64214.0,64884.2
2025-10-09 18:00:00+00:00,62848.4,64214.0
2025-10-09 18:15:00+00:00,62165.7,62848.4
2025-10-09 18:30:00+00:00,61437.6,62165.7
2025-10-09 18:45:00+00:00,60621.0,61437.6
2025-10-09 19:00:00+00:00,59826.0,60621.0
2025-10-09 19:15:00+00:00,58832.8,59826.0
2025-10-09 19:30:00+00:00,57747.3,58832.8
2025-10-09 19:45:00+00:00,56707.7,57747.3
2025-10-09 20:00:00+00:00,55180.5,56707.7
2025-10-09 20:15:00+00:00,54417.1,55180.5
2025-10-09 20:30:00+00:00,53589.2,54417.1
2025-10-09 20:45:00+00:00,52546.0,53589.2
2025-10-09 21:00:00+00:00,51454.5,52546.0
2025-10-09 21:15:00+00:00,50501.0,51454.5
2025-10-09 21:30:00+00:00,49950.2,50501.0
2025-10-09 21:45:00+00:00,49454.1,49950.2
2025-10-09 22:00:00+00:00,47894.7,49454.1
2025-10-09 22:15:00+00:00,47368.1,47894.7
2025-10-09 22:30:00+00:00,47292.0,47368.1
2025-10-09 22:45:00+00:00,47148.0,47292.0
2025-10-09 23:00:00+00:00,46487.1,47148.0
2025-10-09 23:15:00+00:00,45816.0,46487.1
2025-10-09 23:30:00+00:00,45411.5,45816.0
2025-10-09 23:45:00+00:00,45163.9,45411.5
2025-10-10 00:00:00+00:00,44787.2,45163.9
2025-10-10 00:15:00+00:00,44515.3,44787.2
2025-10-10 00:30:00+00:00,44728.6,44515.3
2025-10-10 00:45:00+00:00,44575.0,44728.6
2025-10-10 01:00:00+00:00,44828.7,44575.0
2025-10-10 01:15:00+00:00,44761.1,44828.7
2025-10-10 01:30:00+00:00,44994.3,44761.1
2025-10-10 01:45:00+00:00,45349.0,44994.3
2025-10-10 02:00:00+00:00,45893.4,45349.0
2025-10-10 02:15:00+00:00,45977.9,45893.4
2025-10-10 02:30:00+00:00,46409.1,45977.9
2025-10-10 02:45:00+00:00,47065.4,46409.1
2025-10-10 03:00:00+00:00,48087.1,47065.4
2025-10-10 03:15:00+00:00,48893.0,48087.1
2025-10-10 03:30:00+00:00,50054.2,48893.0
2025-10-10 03:45:00+00:00,51933.7,50054.2
2025-10-10 04:00:00+00:00,55393.4,51933.7
2025-10-10 04:15:00+00:00,58021.7,55393.4
2025-10-10 04:30:00+00:00,59147.5,58021.7
2025-10-10 04:45:00+00:00,60536.2,59147.5
2025-10-10 05:00:00+00:00,62264.8,60536.2
2025-10-10 05:15:00+00:00,63495.8,62264.8
2025-10-10 05:30:00+00:00,64153.5,63495.8
2025-10-10 05:45:00+00:00,64646.1,64153.5
2025-10-10 06:00:00+00:00,65661.1,64646.1
2025-10-10 06:15:00+00:00,66334.4,65661.1
2025-10-10 06:30:00+00:00,66459.5,66334.4
2025-10-10 06:45:00+00:00,66533.2,66459.5
2025-10-10 07:00:00+00:00,66237.0,66533.2
2025-10-10 07:15:00+00:00,66418.4,66237.0
2025-10-10 07:30:00+00:00,66697.2,66418.4
2025-10-10 07:45:00+00:00,66864.8,66697.2
2025-10-10 08:00:00+00:00,66685.6,66864.8
2025-10-10 08:15:00+00:00,66645.4,66685.6
2025-10-10 08:30:00+00:00,66275.1,66645.4
2025-10-10 08:45:00+00:00,66555.4,66275.1
2025-10-10 09:00:00+00:00,66226.4,66555.4
2025-10-10 09:15:00+00:00,66461.0,66226.4
2025-10-10 09:30:00+00:00,66676.8,66461.0
2025-10-10 09:45:00+00:00,66770.3,66676.8
2025-10-10 10:00:00+00:00,65712.6,66770.3
2025-10-10 10:15:00+00:00,65354.5,65712.6
2025-10-10 10:30:00+00:00,65320.1,65354.5
2025-10-10 10:45:00+00:00,64728.6,65320.1
2025-10-10 11:00:00+00:00,64723.2,64728.6
2025-10-10 11:15:00+00:00,64302.9,64723.2
2025-10-10 11:30:00+00:00,63779.9,64302.9
2025-10-10 11:45:00+00:00,63422.5,63779.9
2025-10-10 12:00:00+00:00,62744.5,63422.5
2025-10-10 12:15:00+00:00,62164.5,62744.5
2025-10-10 12:30:00+00:00,62007.7,62164.5
2025-10-10 12:45:00+00:00,61834.9,62007.7
2025-10-10 13:00:00+00:00,61623.6,61834.9
2025-10-10 13:15:00+00:00,61472.6,61623.6
2025-10-10 13:30:00+00:00,61325.8,61472.6
2025-10-10 13:45:00+00:00,60819.6,61325.8
2025-10-10 14:00:00+00:00,61176.3,60819.6
2025-10-10 14:15:00+00:00,60897.6,61176.3
2025-10-10 14:30:00+00:00,60912.4,60897.6
2025-10-10 14:45:00+00:00,60801.1,60912.4
2025-10-10 15:00:00+00:00,61383.3,60801.1
2025-10-10 15:15:00+00:00,61454.9,61383.3
2025-10-10 15:30:00+00:00,61753.7,61454.9
2025-10-10 15:45:00+00:00,61985.2,61753.7
2025-10-10 16:00:00+00:00,62471.0,61985.2
2025-10-10 16:15:00+00:00,62584.1,62471.0
2025-10-10 16:30:00+00:00,62710.0,62584.1
2025-10-10 16:45:00+00:00,62853.0,62710.0
2025-10-10 17:00:00+00:00,63436.1,62853.0
2025-10-10 17:15:00+00:00,63205.6,63436.1
2025-10-10 17:30:00+00:00,62653.5,63205.6
2025-10-10 17:45:00+00:00,61957.9,62653.5
2025-10-10 18:00:00+00:00,61411.3,61957.9
2025-10-10 18:15:00+00:00,60416.1,61411.3
2025-10-10 18:30:00+00:00,59266.9,60416.1
2025-10-10 18:45:00+00:00,58319.4,59266.9
2025-10-10 19:00:00+00:00,57375.2,58319.4
2025-10-10 19:15:00+00:00,56483.5,57375.2
2025-10-10 19:30:00+00:00,55604.6,56483.5
2025-10-10 19:45:00+00:00,54906.9,55604.6
2025-10-10 20:00:00+00:00,53736.3,54906.9
2025-10-10 20:15:00+00:00,52818.5,53736.3
2025-10-10 20:30:00+00:00,51917.3,52818.5
2025-10-10 20:45:00+00:00,51096.6,51917.3
2025-10-10 21:00:00+00:00,50089.0,51096.6
2025-10-10 21:15:00+00:00,49063.7,50089.0
2025-10-10 21:30:00+00:00,48246.8,49063.7
2025-10-10 21:45:00+00:00,47500.2,48246.8
2025-10-10 22:00:00+00:00,46428.3,47500.2
2025-10-10 22:15:00+00:00,45617.8,46428.3
2025-10-10 22:30:00+00:00,45116.1,45617.8
2025-10-10 22:45:00+00:00,44762.9,45116.1
2025-10-10 23:00:00+00:00,44288.1,44762.9
2025-10-10 23:15:00+00:00,44126.0,44288.1
2025-10-10 23:30:00+00:00,43796.8,44126.0
2025-10-10 23:45:00+00:00,43232.6,43796.8
2025-10-11 00:00:00+00:00,42484.4,43232.6
2025-10-11 00:15:00+00:00,42356.0,42484.4
2025-10-11 00:30:00+00:00,42172.4,42356.0
2025-10-11 00:45:00+00:00,42612.1,42172.4
2025-10-11 01:00:00+00:00,42407.8,42612.1
2025-10-11 01:15:00+00:00,42469.1,42407.8
2025-10-11 01:30:00+00:00,42458.6,42469.1
2025-10-11 01:45:00+00:00,42822.8,42458.6
2025-10-11 02:00:00+00:00,42650.6,42822.8
2025-10-11 02:15:00+00:00,42800.8,42650.6
2025-10-11 02:30:00+00:00,43034.3,42800.8
2025-10-11 02:45:00+00:00,43126.3,43034.3
2025-10-11 03:00:00+00:00,43550.7,43126.3
2025-10-11 03:15:00+00:00,43499.9,43550.7
2025-10-11 03:30:00+00:00,43546.1,43499.9
2025-10-11 03:45:00+00:00,43849.8,43546.1
2025-10-11 04:00:00+00:00,44888.0,43849.8
2025-10-11 04:15:00+00:00,45417.3,44888.0
2025-10-11 04:30:00+00:00,45853.2,45417.3
2025-10-11 04:45:00+00:00,46301.0,45853.2
2025-10-11 05:00:00+00:00,47486.4,46301.0
2025-10-11 05:15:00+00:00,48074.6,47486.4
2025-10-11 05:30:00+00:00,48635.0,48074.6
2025-10-11 05:45:00+00:00,49241.5,48635.0
2025-10-11 06:00:00+00:00,49488.9,49241.5
2025-10-11 06:15:00+00:00,50475.5,49488.9
2025-10-11 06:30:00+00:00,50836.8,50475.5
2025-10-11 06:45:00+00:00,51600.9,50836.8
2025-10-11 07:00:00+00:00,52451.9,51600.9
2025-10-11 07:15:00+00:00,53152.4,52451.9
2025-10-11 07:30:00+00:00,53539.2,53152.4
2025-10-11 07:45:00+00:00,53979.7,53539.2
2025-10-11 08:00:00+00:00,54022.7,53979.7
2025-10-11 08:15:00+00:00,54308.4,54022.7
2025-10-11 08:30:00+00:00,54352.3,54308.4
2025-10-11 08:45:00+00:00,54202.9,54352.3
2025-10-11 09:00:00+00:00,54207.6,54202.9
2025-10-11 09:15:00+00:00,54735.3,54207.6
2025-10-11 09:30:00+00:00,54922.8,54735.3
2025-10-11 09:45:00+00:00,54933.0,54922.8
2025-10-11 10:00:00+00:00,54760.1,54933.0
2025-10-11 10:15:00+00:00,54529.6,54760.1
2025-10-11 10:30:00+00:00,54511.2,54529.6
2025-10-11 10:45:00+00:00,54250.6,54511.2
2025-10-11 11:00:00+00:00,53449.1,54250.6
2025-10-11 11:15:00+00:00,53016.7,53449.1
2025-10-11 11:30:00+00:00,52554.4,53016.7
2025-10-11 11:45:00+00:00,52053.4,52554.4
2025-10-11 12:00:00+00:00,51778.6,52053.4
2025-10-11 12:15:00+00:00,51457.9,51778.6
2025-10-11 12:30:00+00:00,51449.9,51457.9
2025-10-11 12:45:00+00:00,50952.0,51449.9
2025-10-11 13:00:00+00:00,50999.6,50952.0
2025-10-11 13:15:00+00:00,50749.4,50999.6
2025-10-11 13:30:00+00:00,50647.2,50749.4
2025-10-11 13:45:00+00:00,50650.6,50647.2
2025-10-11 14:00:00+00:00,50776.5,50650.6
2025-10-11 14:15:00+00:00,50467.3,50776.5
2025-10-11 14:30:00+00:00,50577.1,50467.3
2025-10-11 14:45:00+00:00,50818.8,50577.1
2025-10-11 15:00:00+00:00,52139.3,50818.8
2025-10-11 15:15:00+00:00,52347.5,52139.3
2025-10-11 15:30:00+00:00,52482.2,52347.5
2025-10-11 15:45:00+00:00,53114.2,52482.2
2025-10-11 16:00:00+00:00,53876.2,53114.2
2025-10-11 16:15:00+00:00,54269.2,53876.2
2025-10-11 16:30:00+00:00,54599.7,54269.2
2025-10-11 16:45:00+00:00,54800.6,54599.7
2025-10-11 17:00:00+00:00,55230.2,54800.6
2025-10-11 17:15:00+00:00,54655.4,55230.2
2025-10-11 17:30:00+00:00,54234.8,54655.4
2025-10-11 17:45:00+00:00,53578.4,54234.8
2025-10-11 18:00:00+00:00,52688.1,53578.4
2025-10-11 18:15:00+00:00,51758.7,52688.1
2025-10-11 18:30:00+00:00,50985.4,51758.7
2025-10-11 18:45:00+00:00,50316.6,50985.4
2025-10-11 19:00:00+00:00,49895.6,50316.6
2025-10-11 19:15:00+00:00,49296.7,49895.6
2025-10-11 19:30:00+00:00,48603.3,49296.7
2025-10-11 19:45:00+00:00,48238.7,48603.3
2025-10-11 20:00:00+00:00,47764.0,48238.7
2025-10-11 20:15:00+00:00,47256.2,47764.0
2025-10-11 20:30:00+00:00,46513.5,47256.2
2025-10-11 20:45:00+00:00,45628.4,46513.5
2025-10-11 21:00:00+00:00,44884.8,45628.4
2025-10-11 21:15:00+00:00,44073.3,44884.8
2025-10-11 21:30:00+00:00,43385.2,44073.3
2025-10-11 21:45:00+00:00,42834.3,43385.2
2025-10-11 22:00:00+00:00,41911.9,42834.3
2025-10-11 22:15:00+00:00,41253.5,41911.9
2025-10-11 22:30:00+00:00,40844.5,41253.5
2025-10-11 22:45:00+00:00,40285.8,40844.5
2025-10-11 23:00:00+00:00,39698.8,40285.8
2025-10-11 23:15:00+00:00,39143.4,39698.8
2025-10-11 23:30:00+00:00,39112.8,39143.4
2025-10-11 23:45:00+00:00,38871.7,39112.8
2025-10-12 00:00:00+00:00,38561.1,38871.7
2025-10-12 00:15:00+00:00,38098.8,38561.1
2025-10-12 00:30:00+00:00,38080.2,38098.8
2025-10-12 00:45:00+00:00,38140.4,38080.2
2025-10-12 01:00:00+00:00,37649.2,38140.4
2025-10-12 01:15:00+00:00,37726.2,37649.2
2025-10-12 01:30:00+00:00,37812.6,37726.2
2025-10-12 01:45:00+00:00,37878.7,37812.6
2025-10-12 02:00:00+00:00,38141.4,37878.7
2025-10-12 02:15:00+00:00,37872.9,38141.4
2025-10-12 02:30:00+00:00,38172.6,37872.9
2025-10-12 02:45:00+00:00,38334.0,38172.6
2025-10-12 03:00:00+00:00,38721.6,38334.0
2025-10-12 03:15:00+00:00,38553.0,38721.6
2025-10-12 03:30:00+00:00,38523.5,38553.0
2025-10-12 03:45:00+00:00,38714.1,38523.5
2025-10-12 04:00:00+00:00,39236.8,38714.1
2025-10-12 04:15:00+00:00,39510.0,39236.8
2025-10-12 04:30:00+00:00,39864.1,39510.0
2025-10-12 04:45:00+00:00,40436.7,39864.1
2025-10-12 05:00:00+00:00,41049.0,40436.7
2025-10-12 05:15:00+00:00,41594.3,41049.0
2025-10-12 05:30:00+00:00,41897.9,41594.3
2025-10-12 05:45:00+00:00,42633.1,41897.9
2025-10-12 06:00:00+00:00,43470.6,42633.1
2025-10-12 06:15:00+00:00,44102.6,43470.6
2025-10-12 06:30:00+00:00,44581.9,44102.6
2025-10-12 06:45:00+00:00,44911.5,44581.9
2025-10-12 07:00:00+00:00,45919.9,44911.5
2025-10-12 07:15:00+00:00,46824.9,45919.9
2025-10-12 07:30:00+00:00,47477.0,46824.9
2025-10-12 07:45:00+00:00,48225.2,47477.0
2025-10-12 08:00:00+00:00,47714.1,48225.2
2025-10-12 08:15:00+00:00,48328.3,47714.1
2025-10-12 08:30:00+00:00,48666.5,48328.3
2025-10-12 08:45:00+00:00,49131.8,48666.5
2025-10-12 09:00:00+00:00,49739.5,49131.8
2025-10-12 09:15:00+00:00,50113.2,49739.5
2025-10-12 09:30:00+00:00,50430.9,50113.2
2025-10-12 09:45:00+00:00,50600.4,50430.9
2025-10-12 10:00:00+00:00,50732.4,50600.4
2025-10-12 10:15:00+00:00,50396.1,50732.4
2025-10-12 10:30:00+00:00,50407.1,50396.1
2025-10-12 10:45:00+00:00,50081.2,50407.1
2025-10-12 11:00:00+00:00,49568.6,50081.2
2025-10-12 11:15:00+00:00,48831.0,49568.6
2025-10-12 11:30:00+00:00,48441.8,48831.0
2025-10-12 11:45:00+00:00,47815.2,48441.8
2025-10-12 12:00:00+00:00,47424.7,47815.2
2025-10-12 12:15:00+00:00,47036.0,47424.7
2025-10-12 12:30:00+00:00,46804.0,47036.0
2025-10-12 12:45:00+00:00,46317.6,46804.0
2025-10-12 13:00:00+00:00,45964.1,46317.6
2025-10-12 13:15:00+00:00,46068.3,45964.1
2025-10-12 13:30:00+00:00,45879.0,46068.3
2025-10-12 13:45:00+00:00,45790.7,45879.0
2025-10-12 14:00:00+00:00,46130.7,45790.7
2025-10-12 14:15:00+00:00,46110.1,46130.7
2025-10-12 14:30:00+00:00,46507.0,46110.1
2025-10-12 14:45:00+00:00,46771.7,46507.0
2025-10-12 15:00:00+00:00,48134.0,46771.7
2025-10-12 15:15:00+00:00,48658.8,48134.0
2025-10-12 15:30:00+00:00,49704.6,48658.8
2025-10-12 15:45:00+00:00,50249.7,49704.6
2025-10-12 16:00:00+00:00,51065.4,50249.7
2025-10-12 16:15:00+00:00,51677.7,51065.4
2025-10-12 16:30:00+00:00,52116.6,51677.7
2025-10-12 16:45:00+00:00,52977.0,52116.6
2025-10-12 17:00:00+00:00,53120.8,52977.0
2025-10-12 17:15:00+00:00,52845.4,53120.8
2025-10-12 17:30:00+00:00,52406.9,52845.4
2025-10-12 17:45:00+00:00,51569.3,52406.9
2025-10-12 18:00:00+00:00,51073.1,51569.3
2025-10-12 18:15:00+00:00,50357.1,51073.1
2025-10-12 18:30:00+00:00,49499.4,50357.1
2025-10-12 18:45:00+00:00,48954.4,49499.4
2025-10-12 19:00:00+00:00,48587.4,48954.4
2025-10-12 19:15:00+00:00,48053.4,48587.4
2025-10-12 19:30:00+00:00,47552.9,48053.4
2025-10-12 19:45:00+00:00,47338.4,47552.9
2025-10-12 20:00:00+00:00,47084.8,47338.4
2025-10-12 20:15:00+00:00,46523.3,47084.8
2025-10-12 20:30:00+00:00,46026.3,46523.3
2025-10-12 20:45:00+00:00,45242.9,46026.3
2025-10-12 21:00:00+00:00,44584.8,45242.9
2025-10-12 21:15:00+00:00,43915.5,44584.8
2025-10-12 21:30:00+00:00,43376.3,43915.5
2025-10-12 21:45:00+00:00,42989.6,43376.3
2025-10-12 22:00:00+00:00,41677.2,42989.6
2025-10-12 22:15:00+00:00,41194.7,41677.2
2025-10-12 22:30:00+00:00,40555.9,41194.7
2025-10-12 22:45:00+00:00,40105.7,40555.9
2025-10-12 23:00:00+00:00,39714.1,40105.7
2025-10-12 23:15:00+00:00,39067.2,39714.1
2025-10-12 23:30:00+00:00,38772.0,39067.2
2025-10-12 23:45:00+00:00,38815.1,38772.0
2025-10-13 00:00:00+00:00,38585.5,38815.1
2025-10-13 00:15:00+00:00,38435.6,38585.5
2025-10-13 00:30:00+00:00,38392.8,38435.6
2025-10-13 00:45:00+00:00,38506.8,38392.8
2025-10-13 01:00:00+00:00,38574.1,38506.8
2025-10-13 01:15:00+00:00,38771.1,38574.1
2025-10-13 01:30:00+00:00,39037.2,38771.1
2025-10-13 01:45:00+00:00,39377.3,39037.2
2025-10-13 02:00:00+00:00,40204.1,39377.3
2025-10-13 02:15:00+00:00,40584.9,40204.1
2025-10-13 02:30:00+00:00,41347.9,40584.9
2025-10-13 02:45:00+00:00,41992.9,41347.9
2025-10-13 03:00:00+00:00,43374.6,41992.9
2025-10-13 03:15:00+00:00,44496.9,43374.6
2025-10-13 03:30:00+00:00,45894.3,44496.9
2025-10-13 03:45:00+00:00,47350.5,45894.3
2025-10-13 04:00:00+00:00,50619.8,47350.5
2025-10-13 04:15:00+00:00,52736.4,50619.8
2025-10-13 04:30:00+00:00,54601.8,52736.4
2025-10-13 04:45:00+00:00,55913.7,54601.8
2025-10-13 05:00:00+00:00,57970.0,55913.7
2025-10-13 05:15:00+00:00,59045.2,57970.0
2025-10-13 05:30:00+00:00,59723.2,59045.2
2025-10-13 05:45:00+00:00,60538.6,59723.2
2025-10-13 06:00:00+00:00,61333.0,60538.6
2025-10-13 06:15:00+00:00,62029.6,61333.0
2025-10-13 06:30:00+00:00,62236.1,62029.6
2025-10-13 06:45:00+00:00,62610.8,62236.1
2025-10-13 07:00:00+00:00,62356.2,62610.8
2025-10-13 07:15:00+00:00,62683.4,62356.2
2025-10-13 07:30:00+00:00,63111.4,62683.4
2025-10-13 07:45:00+00:00,63189.4,63111.4
2025-10-13 08:00:00+00:00,62898.2,63189.4
2025-10-13 08:15:00+00:00,63420.9,62898.2
2025-10-13 08:30:00+00:00,64231.8,63420.9
2025-10-13 08:45:00+00:00,64234.4,64231.8
2025-10-13 09:00:00+00:00,63983.5,64234.4
2025-10-13 09:15:00+00:00,64101.3,63983.5
2025-10-13 09:30:00+00:00,65022.4,64101.3
2025-10-13 09:45:00+00:00,64697.0,65022.4
2025-10-13 10:00:00+00:00,63986.9,64697.0
2025-10-13 10:15:00+00:00,63736.1,63986.9
2025-10-13 10:30:00+00:00,63791.7,63736.1
2025-10-13 10:45:00+00:00,63894.3,63791.7
2025-10-13 11:00:00+00:00,63202.4,63894.3
2025-10-13 11:15:00+00:00,62778.1,63202.4
2025-10-13 11:30:00+00:00,62148.1,62778.1
2025-10-13 11:45:00+00:00,61509.1,62148.1
2025-10-13 12:00:00+00:00,61281.7,61509.1
2025-10-13 12:15:00+00:00,61289.5,61281.7
2025-10-13 12:30:00+00:00,60696.7,61289.5
2025-10-13 12:45:00+00:00,60569.5,60696.7
2025-10-13 13:00:00+00:00,60405.4,60569.5
2025-10-13 13:15:00+00:00,59740.4,60405.4
2025-10-13 13:30:00+00:00,59540.7,59740.4
2025-10-13 13:45:00+00:00,59446.4,59540.7
2025-10-13 14:00:00+00:00,59860.9,59446.4
2025-10-13 14:15:00+00:00,59021.9,59860.9
2025-10-13 14:30:00+00:00,58886.5,59021.9
2025-10-13 14:45:00+00:00,58894.3,58886.5
2025-10-13 15:00:00+00:00,59316.7,58894.3
2025-10-13 15:15:00+00:00,59926.3,59316.7
2025-10-13 15:30:00+00:00,59953.0,59926.3
2025-10-13 15:45:00+00:00,60323.7,59953.0
2025-10-13 16:00:00+00:00,60683.0,60323.7
2025-10-13 16:15:00+00:00,60995.7,60683.0
2025-10-13 16:30:00+00:00,61620.4,60995.7
2025-10-13 16:45:00+00:00,62305.2,61620.4
2025-10-13 17:00:00+00:00,62362.2,62305.2
2025-10-13 17:15:00+00:00,61831.5,62362.2
2025-10-13 17:30:00+00:00,61828.6,61831.5
2025-10-13 17:45:00+00:00,61416.4,61828.6
2025-10-13 18:00:00+00:00,60129.9,61416.4
2025-10-13 18:15:00+00:00,59239.0,60129.9
2025-10-13 18:30:00+00:00,58195.1,59239.0
2025-10-13 18:45:00+00:00,57292.9,58195.1
2025-10-13 19:00:00+00:00,56456.6,57292.9
2025-10-13 19:15:00+00:00,55711.3,56456.6
2025-10-13 19:30:00+00:00,54649.0,55711.3
2025-10-13 19:45:00+00:00,53750.7,54649.0
2025-10-13 20:00:00+00:00,53077.0,53750.7
2025-10-13 20:15:00+00:00,52135.2,53077.0
2025-10-13 20:30:00+00:00,51323.3,52135.2
2025-10-13 20:45:00+00:00,50252.3,51323.3
2025-10-13 21:00:00+00:00,49159.9,50252.3
2025-10-13 21:15:00+00:00,48394.2,49159.9
2025-10-13 21:30:00+00:00,47981.4,48394.2
2025-10-13 21:45:00+00:00,47589.6,47981.4
2025-10-13 22:00:00+00:00,46491.4,47589.6
2025-10-13 22:15:00+00:00,46018.0,46491.4
2025-10-13 22:30:00+00:00,45529.5,46018.0
2025-10-13 22:45:00+00:00,45448.7,45529.5
2025-10-13 23:00:00+00:00,44505.8,45448.7
2025-10-13 23:15:00+00:00,44118.2,44505.8
2025-10-13 23:30:00+00:00,44020.1,44118.2
2025-10-13 23:45:00+00:00,43993.2,44020.1
2025-10-14 00:00:00+00:00,43511.5,43993.2
2025-10-14 00:15:00+00:00,43445.1,43511.5
2025-10-14 00:30:00+00:00,43641.6,43445.1
2025-10-14 00:45:00+00:00,43654.2,43641.6
2025-10-14 01:00:00+00:00,43449.7,43654.2
2025-10-14 01:15:00+00:00,43540.3,43449.7
2025-10-14 01:30:00+00:00,43810.7,43540.3
2025-10-14 01:45:00+00:00,44162.8,43810.7
2025-10-14 02:00:00+00:00,44697.3,44162.8
2025-10-14 02:15:00+00:00,45001.7,44697.3
2025-10-14 02:30:00+00:00,45611.3,45001.7
2025-10-14 02:45:00+00:00,46245.3,45611.3
2025-10-14 03:00:00+00:00,47589.8,46245.3
2025-10-14 03:15:00+00:00,48216.0,47589.8
2025-10-14 03:30:00+00:00,49322.3,48216.0
2025-10-14 03:45:00+00:00,50798.6,49322.3
2025-10-14 04:00:00+00:00,53635.1,50798.6
2025-10-14 04:15:00+00:00,55773.8,53635.1
2025-10-14 04:30:00+00:00,56889.4,55773.8
2025-10-14 04:45:00+00:00,58408.6,56889.4
2025-10-14 05:00:00+00:00,59987.3,58408.6
2025-10-14 05:15:00+00:00,60998.3,59987.3
2025-10-14 05:30:00+00:00,61609.0,60998.3
2025-10-14 05:45:00+00:00,61811.4,61609.0
2025-10-14 06:00:00+00:00,62994.7,61811.4
2025-10-14 06:15:00+00:00,63450.0,62994.7
2025-10-14 06:30:00+00:00,63396.9,63450.0
2025-10-14 06:45:00+00:00,63374.4,63396.9
2025-10-14 07:00:00+00:00,62926.2,63374.4
2025-10-14 07:15:00+00:00,63215.7,62926.2
2025-10-14 07:30:00+00:00,63421.7,63215.7
2025-10-14 07:45:00+00:00,63393.5,63421.7
2025-10-14 08:00:00+00:00,63484.3,63393.5
2025-10-14 08:15:00+00:00,63583.6,63484.3
2025-10-14 08:30:00+00:00,63592.1,63583.6
2025-10-14 08:45:00+00:00,63944.2,63592.1
2025-10-14 09:00:00+00:00,63359.4,63944.2
2025-10-14 09:15:00+00:00,63961.7,63359.4
2025-10-14 09:30:00+00:00,64104.8,63961.7
2025-10-14 09:45:00+00:00,64084.4,64104.8
2025-10-14 10:00:00+00:00,63555.3,64084.4
2025-10-14 10:15:00+00:00,62976.1,63555.3
2025-10-14 10:30:00+00:00,63281.2,62976.1
2025-10-14 10:45:00+00:00,62705.2,63281.2
2025-10-14 11:00:00+00:00,62620.2,62705.2
2025-10-14 11:15:00+00:00,61855.9,62620.2
2025-10-14 11:30:00+00:00,60838.0,61855.9
2025-10-14 11:45:00+00:00,60260.8,60838.0
2025-10-14 12:00:00+00:00,59480.6,60260.8
2025-10-14 12:15:00+00:00,59884.2,59480.6
2025-10-14 12:30:00+00:00,59229.9,59884.2
2025-10-14 12:45:00+00:00,58892.6,59229.9
2025-10-14 13:00:00+00:00,59011.7,58892.6
2025-10-14 13:15:00+00:00,58542.9,59011.7
2025-10-14 13:30:00+00:00,58280.2,58542.9
2025-10-14 13:45:00+00:00,57894.3,58280.2
2025-10-14 14:00:00+00:00,58118.4,57894.3
2025-10-14 14:15:00+00:00,58103.8,58118.4
2025-10-14 14:30:00+00:00,57879.5,58103.8
2025-10-14 14:45:00+00:00,58068.7,57879.5
2025-10-14 15:00:00+00:00,58407.6,58068.7
2025-10-14 15:15:00+00:00,58900.8,58407.6
2025-10-14 15:30:00+00:00,59513.4,58900.8
2025-10-14 15:45:00+00:00,60110.2,59513.4
2025-10-14 16:00:00+00:00,60078.9,60110.2
2025-10-14 16:15:00+00:00,60320.6,60078.9
2025-10-14 16:30:00+00:00,61208.6,60320.6
2025-10-14 16:45:00+00:00,61808.1,61208.6
2025-10-14 17:00:00+00:00,62012.4,61808.1
2025-10-14 17:15:00+00:00,61436.2,62012.4
2025-10-14 17:30:00+00:00,61177.0,61436.2
2025-10-14 17:45:00+00:00,60589.6,61177.0
2025-10-14 18:00:00+00:00,59694.6,60589.6
2025-10-14 18:15:00+00:00,58920.7,59694.6
2025-10-14 18:30:00+00:00,58187.3,58920.7
2025-10-14 18:45:00+00:00,57216.9,58187.3
2025-10-14 19:00:00+00:00,56414.5,57216.9
2025-10-14 19:15:00+00:00,55410.1,56414.5
2025-10-14 19:30:00+00:00,54483.6,55410.1
2025-10-14 19:45:00+00:00,53648.4,54483.6
2025-10-14 20:00:00+00:00,52721.9,53648.4
2025-10-14 20:15:00+00:00,51714.8,52721.9
2025-10-14 20:30:00+00:00,50878.7,51714.8
2025-10-14 20:45:00+00:00,49847.4,50878.7
2025-10-14 21:00:00+00:00,48813.5,49847.4
2025-10-14 21:15:00+00:00,48001.8,48813.5
2025-10-14 21:30:00+00:00,47140.0,48001.8
2025-10-14 21:45:00+00:00,46670.4,47140.0
2025-10-14 22:00:00+00:00,45937.2,46670.4
2025-10-14 22:15:00+00:00,45350.1,45937.2
2025-10-14 22:30:00+00:00,44879.8,45350.1
2025-10-14 22:45:00+00:00,44475.9,44879.8
2025-10-14 23:00:00+00:00,43985.1,44475.9
2025-10-14 23:15:00+00:00,43651.7,43985.1
2025-10-14 23:30:00+00:00,43237.9,43651.7
2025-10-14 23:45:00+00:00,43052.9,43237.9
2025-10-15 00:00:00+00:00,42971.5,43052.9
2025-10-15 00:15:00+00:00,42652.1,42971.5
2025-10-15 00:30:00+00:00,42662.9,42652.1
2025-10-15 00:45:00+00:00,43024.1,42662.9
2025-10-15 01:00:00+00:00,43279.9,43024.1
2025-10-15 01:15:00+00:00,43287.3,43279.9
2025-10-15 01:30:00+00:00,43239.1,43287.3
2025-10-15 01:45:00+00:00,43312.4,43239.1
2025-10-15 02:00:00+00:00,44089.9,43312.4
2025-10-15 02:15:00+00:00,44397.0,44089.9
2025-10-15 02:30:00+00:00,44646.1,44397.0
2025-10-15 02:45:00+00:00,45248.2,44646.1
2025-10-15 03:00:00+00:00,46482.3,45248.2
2025-10-15 03:15:00+00:00,47337.9,46482.3
2025-10-15 03:30:00+00:00,48693.6,47337.9
2025-10-15 03:45:00+00:00,50139.1,48693.6
2025-10-15 04:00:00+00:00,52854.4,50139.1
2025-10-15 04:15:00+00:00,55240.5,52854.4
2025-10-15 04:30:00+00:00,56357.6,55240.5
2025-10-15 04:45:00+00:00,57718.3,56357.6
2025-10-15 05:00:00+00:00,59361.4,57718.3
2025-10-15 05:15:00+00:00,60486.6,59361.4
2025-10-15 05:30:00+00:00,61424.9,60486.6
2025-10-15 05:45:00+00:00,61797.4,61424.9
2025-10-15 06:00:00+00:00,62730.7,61797.4
2025-10-15 06:15:00+00:00,63220.4,62730.7
2025-10-15 06:30:00+00:00,63419.6,63220.4
2025-10-15 06:45:00+00:00,63456.4,63419.6
2025-10-15 07:00:00+00:00,63446.2,63456.4
2025-10-15 07:15:00+00:00,63609.7,63446.2
2025-10-15 07:30:00+00:00,63672.5,63609.7
2025-10-15 07:45:00+00:00,64171.6,63672.5
2025-10-15 08:00:00+00:00,64173.3,64171.6
2025-10-15 08:15:00+00:00,64361.3,64173.3
2025-10-15 08:30:00+00:00,64491.3,64361.3
2025-10-15 08:45:00+00:00,64843.7,64491.3
2025-10-15 09:00:00+00:00,65088.3,64843.7
2025-10-15 09:15:00+00:00,65002.6,65088.3
2025-10-15 09:30:00+00:00,65178.8,65002.6
2025-10-15 09:45:00+00:00,65064.3,65178.8
2025-10-15 10:00:00+00:00,64369.5,65064.3
2025-10-15 10:15:00+00:00,64021.3,64369.5
2025-10-15 10:30:00+00:00,63903.3,64021.3
2025-10-15 10:45:00+00:00,63709.5,63903.3
2025-10-15 11:00:00+00:00,63115.5,63709.5
2025-10-15 11:15:00+00:00,63031.0,63115.5
2025-10-15 11:30:00+00:00,62328.0,63031.0
2025-10-15 11:45:00+00:00,61605.1,62328.0
2025-10-15 12:00:00+00:00,61172.9,61605.1
2025-10-15 12:15:00+00:00,61140.7,61172.9
2025-10-15 12:30:00+00:00,61053.7,61140.7
2025-10-15 12:45:00+00:00,60883.5,61053.7
2025-10-15 13:00:00+00:00,60900.3,60883.5
2025-10-15 13:15:00+00:00,60577.6,60900.3
2025-10-15 13:30:00+00:00,60488.0,60577.6
2025-10-15 13:45:00+00:00,59936.5,60488.0
2025-10-15 14:00:00+00:00,60019.6,59936.5
2025-10-15 14:15:00+00:00,60078.7,60019.6
2025-10-15 14:30:00+00:00,60325.9,60078.7
2025-10-15 14:45:00+00:00,60688.7,60325.9
2025-10-15 15:00:00+00:00,61306.7,60688.7
2025-10-15 15:15:00+00:00,61384.7,61306.7
2025-10-15 15:30:00+00:00,61647.0,61384.7
2025-10-15 15:45:00+00:00,61949.4,61647.0
2025-10-15 16:00:00+00:00,62211.2,61949.4
2025-10-15 16:15:00+00:00,62459.2,62211.2
2025-10-15 16:30:00+00:00,63288.6,62459.2
2025-10-15 16:45:00+00:00,64082.2,63288.6
2025-10-15 17:00:00+00:00,63959.1,64082.2
2025-10-15 17:15:00+00:00,63642.3,63959.1
2025-10-15 17:30:00+00:00,63325.2,63642.3
2025-10-15 17:45:00+00:00,62493.2,63325.2
2025-10-15 18:00:00+00:00,61566.9,62493.2
2025-10-15 18:15:00+00:00,60861.0,61566.9
2025-10-15 18:30:00+00:00,59908.0,60861.0
2025-10-15 18:45:00+00:00,59245.5,59908.0
2025-10-15 19:00:00+00:00,58312.3,59245.5
2025-10-15 19:15:00+00:00,58009.6,58312.3
2025-10-15 19:30:00+00:00,56932.2,58009.6
2025-10-15 19:45:00+00:00,56108.1,56932.2
2025-10-15 20:00:00+00:00,55021.8,56108.1
2025-10-15 20:15:00+00:00,53978.8,55021.8
2025-10-15 20:30:00+00:00,52841.0,53978.8
2025-10-15 20:45:00+00:00,51862.2,52841.0
2025-10-15 21:00:00+00:00,51071.0,51862.2
2025-10-15 21:15:00+00:00,50284.4,51071.0
2025-10-15 21:30:00+00:00,49855.3,50284.4
2025-10-15 21:45:00+00:00,49415.3,49855.3
2025-10-15 22:00:00+00:00,48159.7,49415.3
2025-10-15 22:15:00+00:00,47413.6,48159.7
2025-10-15 22:30:00+00:00,46809.3,47413.6
2025-10-15 22:45:00+00:00,45895.1,46809.3
2025-10-15 23:00:00+00:00,45722.8,45895.1
2025-10-15 23:15:00+00:00,46018.4,45722.8
2025-10-15 23:30:00+00:00,45482.7,46018.4
2025-10-15 23:45:00+00:00,45406.4,45482.7
2025-10-16 00:00:00+00:00,44584.5,45406.4
2025-10-16 00:15:00+00:00,44311.5,44584.5
2025-10-16 00:30:00+00:00,43846.0,44311.5
2025-10-16 00:45:00+00:00,43769.6,43846.0
2025-10-16 01:00:00+00:00,43888.5,43769.6
2025-10-16 01:15:00+00:00,44019.3,43888.5
2025-10-16 01:30:00+00:00,44185.2,44019.3
2025-10-16 01:45:00+00:00,44525.3,44185.2
2025-10-16 02:00:00+00:00,45081.8,44525.3
2025-10-16 02:15:00+00:00,45110.5,45081.8
2025-10-16 02:30:00+00:00,45701.0,45110.5
2025-10-16 02:45:00+00:00,46739.8,45701.0
2025-10-16 03:00:00+00:00,48186.2,46739.8
2025-10-16 03:15:00+00:00,49076.3,48186.2
2025-10-16 03:30:00+00:00,50510.6,49076.3
2025-10-16 03:45:00+00:00,52045.8,50510.6
2025-10-16 04:00:00+00:00,54662.6,52045.8
2025-10-16 04:15:00+00:00,56690.2,54662.6
2025-10-16 04:30:00+00:00,58195.9,56690.2
2025-10-16 04:45:00+00:00,59801.6,58195.9
2025-10-16 05:00:00+00:00,61393.4,59801.6
2025-10-16 05:15:00+00:00,62281.4,61393.4
2025-10-16 05:30:00+00:00,63156.5,62281.4
2025-10-16 05:45:00+00:00,63765.0,63156.5
2025-10-16 06:00:00+00:00,64089.8,63765.0
2025-10-16 06:15:00+00:00,64763.9,64089.8
2025-10-16 06:30:00+00:00,65058.1,64763.9
2025-10-16 06:45:00+00:00,65120.0,65058.1
2025-10-16 07:00:00+00:00,64803.8,65120.0
2025-10-16 07:15:00+00:00,64978.2,64803.8
2025-10-16 07:30:00+00:00,65253.1,64978.2
2025-10-16 07:45:00+00:00,65559.2,65253.1
2025-10-16 08:00:00+00:00,65355.6,65559.2
2025-10-16 08:15:00+00:00,65493.8,65355.6
2025-10-16 08:30:00+00:00,65466.6,65493.8
2025-10-16 08:45:00+00:00,65470.8,65466.6
2025-10-16 09:00:00+00:00,65310.1,65470.8
2025-10-16 09:15:00+00:00,65478.1,65310.1
2025-10-16 09:30:00+00:00,65390.0,65478.1
2025-10-16 09:45:00+00:00,65268.2,65390.0
2025-10-16 10:00:00+00:00,64936.3,65268.2
2025-10-16 10:15:00+00:00,64417.5,64936.3
2025-10-16 10:30:00+00:00,64622.6,64417.5
2025-10-16 10:45:00+00:00,64258.1,64622.6
2025-10-16 11:00:00+00:00,64704.5,64258.1
2025-10-16 11:15:00+00:00,64438.9,64704.5
2025-10-16 11:30:00+00:00,63626.5,64438.9
2025-10-16 11:45:00+00:00,63004.9,63626.5
2025-10-16 12:00:00+00:00,62779.2,63004.9
2025-10-16 12:15:00+00:00,62498.9,62779.2
2025-10-16 12:30:00+00:00,62342.7,62498.9
2025-10-16 12:45:00+00:00,61851.8,62342.7
2025-10-16 13:00:00+00:00,62163.5,61851.8
2025-10-16 13:15:00+00:00,61925.4,62163.5
2025-10-16 13:30:00+00:00,61777.4,61925.4
2025-10-16 13:45:00+00:00,61515.9,61777.4
2025-10-16 14:00:00+00:00,61372.1,61515.9
2025-10-16 14:15:00+00:00,60702.0,61372.1
2025-10-16 14:30:00+00:00,60408.7,60702.0
2025-10-16 14:45:00+00:00,60545.7,60408.7
2025-10-16 15:00:00+00:00,61162.4,60545.7
2025-10-16 15:15:00+00:00,61489.0,61162.4
2025-10-16 15:30:00+00:00,62220.8,61489.0
2025-10-16 15:45:00+00:00,62581.9,62220.8
2025-10-16 16:00:00+00:00,62801.1,62581.9
2025-10-16 16:15:00+00:00,63069.1,62801.1
2025-10-16 16:30:00+00:00,63728.2,63069.1
2025-10-16 16:45:00+00:00,64044.1,63728.2
2025-10-16 17:00:00+00:00,64195.5,64044.1
2025-10-16 17:15:00+00:00,63715.9,64195.5
2025-10-16 17:30:00+00:00,63359.2,63715.9
2025-10-16 17:45:00+00:00,63054.2,63359.2
2025-10-16 18:00:00+00:00,62208.3,63054.2
2025-10-16 18:15:00+00:00,61460.6,62208.3
2025-10-16 18:30:00+00:00,60606.8,61460.6
2025-10-16 18:45:00+00:00,59616.7,60606.8
2025-10-16 19:00:00+00:00,59190.7,59616.7
2025-10-16 19:15:00+00:00,57883.1,59190.7
2025-10-16 19:30:00+00:00,56886.9,57883.1
2025-10-16 19:45:00+00:00,56150.2,56886.9
2025-10-16 20:00:00+00:00,55364.8,56150.2
2025-10-16 20:15:00+00:00,54450.6,55364.8
2025-10-16 20:30:00+00:00,53378.5,54450.6
2025-10-16 20:45:00+00:00,52450.7,53378.5
2025-10-16 21:00:00+00:00,51481.3,52450.7
2025-10-16 21:15:00+00:00,50718.4,51481.3
2025-10-16 21:30:00+00:00,49967.3,50718.4
2025-10-16 21:45:00+00:00,49500.8,49967.3
2025-10-16 22:00:00+00:00,48230.5,49500.8
2025-10-16 22:15:00+00:00,47889.0,48230.5
2025-10-16 22:30:00+00:00,47654.1,47889.0
2025-10-16 22:45:00+00:00,47068.0,47654.1
2025-10-16 23:00:00+00:00,46195.8,47068.0
2025-10-16 23:15:00+00:00,45906.9,46195.8
2025-10-16 23:30:00+00:00,45554.3,45906.9
2025-10-16 23:45:00+00:00,45470.2,45554.3
2025-10-17 00:00:00+00:00,44807.1,45470.2
2025-10-17 00:15:00+00:00,44794.3,44807.1
2025-10-17 00:30:00+00:00,44584.6,44794.3
2025-10-17 00:45:00+00:00,44275.9,44584.6
2025-10-17 01:00:00+00:00,44554.8,44275.9
2025-10-17 01:15:00+00:00,44387.3,44554.8
2025-10-17 01:30:00+00:00,44361.8,44387.3
2025-10-17 01:45:00+00:00,44328.5,44361.8
2025-10-17 02:00:00+00:00,44567.6,44328.5
2025-10-17 02:15:00+00:00,44949.2,44567.6
2025-10-17 02:30:00+00:00,45538.2,44949.2
2025-10-17 02:45:00+00:00,46375.9,45538.2
2025-10-17 03:00:00+00:00,47782.3,46375.9
2025-10-17 03:15:00+00:00,48116.4,47782.3
2025-10-17 03:30:00+00:00,49477.8,48116.4
2025-10-17 03:45:00+00:00,50567.1,49477.8
2025-10-17 04:00:00+00:00,54001.0,50567.1
2025-10-17 04:15:00+00:00,55909.7,54001.0
2025-10-17 04:30:00+00:00,57365.8,55909.7
2025-10-17 04:45:00+00:00,58368.7,57365.8
2025-10-17 05:00:00+00:00,60257.6,58368.7
2025-10-17 05:15:00+00:00,61692.2,60257.6
2025-10-17 05:30:00+00:00,62285.0,61692.2
2025-10-17 05:45:00+00:00,63045.3,62285.0
2025-10-17 06:00:00+00:00,63622.1,63045.3
2025-10-17 06:15:00+00:00,64216.0,63622.1
2025-10-17 06:30:00+00:00,64431.9,64216.0
2025-10-17 06:45:00+00:00,64518.8,64431.9
2025-10-17 07:00:00+00:00,63937.9,64518.8
2025-10-17 07:15:00+00:00,63989.1,63937.9
2025-10-17 07:30:00+00:00,64283.2,63989.1
2025-10-17 07:45:00+00:00,64656.2,64283.2
2025-10-17 08:00:00+00:00,64791.8,64656.2
2025-10-17 08:15:00+00:00,64990.1,64791.8
2025-10-17 08:30:00+00:00,64927.4,64990.1
2025-10-17 08:45:00+00:00,65184.7,64927.4
2025-10-17 09:00:00+00:00,65356.5,65184.7
2025-10-17 09:15:00+00:00,65447.6,65356.5
2025-10-17 09:30:00+00:00,65519.4,65447.6
2025-10-17 09:45:00+00:00,65455.3,65519.4
2025-10-17 10:00:00+00:00,64935.4,65455.3
2025-10-17 10:15:00+00:00,64638.4,64935.4
2025-10-17 10:30:00+00:00,64279.8,64638.4
2025-10-17 10:45:00+00:00,63954.7,64279.8
2025-10-17 11:00:00+00:00,63494.0,63954.7
2025-10-17 11:15:00+00:00,62783.5,63494.0
2025-10-17 11:30:00+00:00,61905.3,62783.5
2025-10-17 11:45:00+00:00,61884.6,61905.3
2025-10-17 12:00:00+00:00,61700.2,61884.6
2025-10-17 12:15:00+00:00,61329.4,61700.2
2025-10-17 12:30:00+00:00,60785.9,61329.4
2025-10-17 12:45:00+00:00,60685.2,60785.9
2025-10-17 13:00:00+00:00,60579.1,60685.2
2025-10-17 13:15:00+00:00,60118.3,60579.1
2025-10-17 13:30:00+00:00,60218.3,60118.3
2025-10-17 13:45:00+00:00,60079.3,60218.3
2025-10-17 14:00:00+00:00,60493.6,60079.3
2025-10-17 14:15:00+00:00,60274.9,60493.6
2025-10-17 14:30:00+00:00,60300.1,60274.9
2025-10-17 14:45:00+00:00,60214.3,60300.1
2025-10-17 15:00:00+00:00,60662.5,60214.3
2025-10-17 15:15:00+00:00,60850.1,60662.5
2025-10-17 15:30:00+00:00,61199.3,60850.1
2025-10-17 15:45:00+00:00,61450.7,61199.3
2025-10-17 16:00:00+00:00,61742.8,61450.7
2025-10-17 16:15:00+00:00,61784.3,61742.8
2025-10-17 16:30:00+00:00,62414.4,61784.3
2025-10-17 16:45:00+00:00,62971.2,62414.4
2025-10-17 17:00:00+00:00,62831.6,62971.2
2025-10-17 17:15:00+00:00,62192.2,62831.6
2025-10-17 17:30:00+00:00,62067.3,62192.2
2025-10-17 17:45:00+00:00,61419.7,62067.3
2025-10-17 18:00:00+00:00,60785.4,61419.7
2025-10-17 18:15:00+00:00,59836.4,60785.4
2025-10-17 18:30:00+00:00,59252.4,59836.4
2025-10-17 18:45:00+00:00,58775.3,59252.4
2025-10-17 19:00:00+00:00,58169.2,58775.3
2025-10-17 19:15:00+00:00,57438.7,58169.2
2025-10-17 19:30:00+00:00,56192.5,57438.7
2025-10-17 19:45:00+00:00,54931.0,56192.5
2025-10-17 20:00:00+00:00,53988.2,54931.0
2025-10-17 20:15:00+00:00,53229.6,53988.2
2025-10-17 20:30:00+00:00,52375.3,53229.6
2025-10-17 20:45:00+00:00,51373.5,52375.3
2025-10-17 21:00:00+00:00,50535.5,51373.5
2025-10-17 21:15:00+00:00,49466.6,50535.5
2025-10-17 21:30:00+00:00,48706.8,49466.6
2025-10-17 21:45:00+00:00,47675.2,48706.8
2025-10-17 22:00:00+00:00,46754.8,47675.2
2025-10-17 22:15:00+00:00,45962.3,46754.8
2025-10-17 22:30:00+00:00,45899.1,45962.3
2025-10-17 22:45:00+00:00,45407.6,45899.1
2025-10-17 23:00:00+00:00,44636.6,45407.6
2025-10-17 23:15:00+00:00,44014.7,44636.6
2025-10-17 23:30:00+00:00,43636.2,44014.7
2025-10-17 23:45:00+00:00,43128.1,43636.2
2025-10-18 00:00:00+00:00,42917.3,43128.1
2025-10-18 00:15:00+00:00,42445.3,42917.3
2025-10-18 00:30:00+00:00,42076.4,42445.3
2025-10-18 00:45:00+00:00,42034.4,42076.4
2025-10-18 01:00:00+00:00,42051.4,42034.4
2025-10-18 01:15:00+00:00,42169.4,42051.4
2025-10-18 01:30:00+00:00,42205.3,42169.4
2025-10-18 01:45:00+00:00,42337.9,42205.3
2025-10-18 02:00:00+00:00,42770.7,42337.9
2025-10-18 02:15:00+00:00,42721.9,42770.7
2025-10-18 02:30:00+00:00,42758.9,42721.9
2025-10-18 02:45:00+00:00,42862.6,42758.9
2025-10-18 03:00:00+00:00,43384.6,42862.6
2025-10-18 03:15:00+00:00,43311.8,43384.6
2025-10-18 03:30:00+00:00,43663.1,43311.8
2025-10-18 03:45:00+00:00,43866.7,43663.1
2025-10-18 04:00:00+00:00,45073.9,43866.7
2025-10-18 04:15:00+00:00,45510.7,45073.9
2025-10-18 04:30:00+00:00,46062.2,45510.7
2025-10-18 04:45:00+00:00,46644.4,46062.2
2025-10-18 05:00:00+00:00,47686.1,46644.4
2025-10-18 05:15:00+00:00,48436.0,47686.1
2025-10-18 05:30:00+00:00,48771.3,48436.0
2025-10-18 05:45:00+00:00,49302.7,48771.3
2025-10-18 06:00:00+00:00,50443.6,49302.7
2025-10-18 06:15:00+00:00,51169.5,50443.6
2025-10-18 06:30:00+00:00,51730.4,51169.5
2025-10-18 06:45:00+00:00,52135.8,51730.4
2025-10-18 07:00:00+00:00,52629.1,52135.8
2025-10-18 07:15:00+00:00,53116.1,52629.1
2025-10-18 07:30:00+00:00,53468.0,53116.1
2025-10-18 07:45:00+00:00,53678.7,53468.0
2025-10-18 08:00:00+00:00,53705.5,53678.7
2025-10-18 08:15:00+00:00,53852.8,53705.5
2025-10-18 08:30:00+00:00,54006.9,53852.8
2025-10-18 08:45:00+00:00,54588.6,54006.9
2025-10-18 09:00:00+00:00,53950.3,54588.6
2025-10-18 09:15:00+00:00,54523.8,53950.3
2025-10-18 09:30:00+00:00,54518.5,54523.8
2025-10-18 09:45:00+00:00,54159.5,54518.5
2025-10-18 10:00:00+00:00,53886.9,54159.5
2025-10-18 10:15:00+00:00,53502.6,53886.9
2025-10-18 10:30:00+00:00,52924.0,53502.6
2025-10-18 10:45:00+00:00,51989.8,52924.0
2025-10-18 11:00:00+00:00,51101.2,51989.8
2025-10-18 11:15:00+00:00,50510.8,51101.2
2025-10-18 11:30:00+00:00,50207.9,50510.8
2025-10-18 11:45:00+00:00,49368.9,50207.9
2025-10-18 12:00:00+00:00,49262.0,49368.9
2025-10-18 12:15:00+00:00,48864.1,49262.0
2025-10-18 12:30:00+00:00,48321.5,48864.1
2025-10-18 12:45:00+00:00,47760.1,48321.5
2025-10-18 13:00:00+00:00,47545.5,47760.1
2025-10-18 13:15:00+00:00,47495.9,47545.5
2025-10-18 13:30:00+00:00,47231.9,47495.9
2025-10-18 13:45:00+00:00,47150.0,47231.9
2025-10-18 14:00:00+00:00,47781.0,47150.0
2025-10-18 14:15:00+00:00,47975.2,47781.0
2025-10-18 14:30:00+00:00,48395.3,47975.2
2025-10-18 14:45:00+00:00,48574.1,48395.3
2025-10-18 15:00:00+00:00,49024.8,48574.1
2025-10-18 15:15:00+00:00,49719.9,49024.8
2025-10-18 15:30:00+00:00,50446.4,49719.9
2025-10-18 15:45:00+00:00,51029.2,50446.4
2025-10-18 16:00:00+00:00,51593.2,51029.2
2025-10-18 16:15:00+00:00,52222.3,51593.2
2025-10-18 16:30:00+00:00,53210.4,52222.3
2025-10-18 16:45:00+00:00,53504.6,53210.4
2025-10-18 17:00:00+00:00,53443.1,53504.6
2025-10-18 17:15:00+00:00,52784.8,53443.1
2025-10-18 17:30:00+00:00,52423.3,52784.8
2025-10-18 17:45:00+00:00,51841.1,52423.3
2025-10-18 18:00:00+00:00,50855.0,51841.1
2025-10-18 18:15:00+00:00,49963.0,50855.0
2025-10-18 18:30:00+00:00,49239.8,49963.0
2025-10-18 18:45:00+00:00,48646.0,49239.8
2025-10-18 19:00:00+00:00,48539.2,48646.0
2025-10-18 19:15:00+00:00,47684.9,48539.2
2025-10-18 19:30:00+00:00,46793.8,47684.9
2025-10-18 19:45:00+00:00,46686.3,46793.8
2025-10-18 20:00:00+00:00,46218.2,46686.3
2025-10-18 20:15:00+00:00,45696.6,46218.2
2025-10-18 20:30:00+00:00,44714.4,45696.6
2025-10-18 20:45:00+00:00,44430.2,44714.4
2025-10-18 21:00:00+00:00,43851.0,44430.2
2025-10-18 21:15:00+00:00,42959.4,43851.0
2025-10-18 21:30:00+00:00,42350.4,42959.4
2025-10-18 21:45:00+00:00,41629.1,42350.4
2025-10-18 22:00:00+00:00,40852.1,41629.1
2025-10-18 22:15:00+00:00,40603.4,40852.1
2025-10-18 22:30:00+00:00,40262.3,40603.4
2025-10-18 22:45:00+00:00,39797.4,40262.3
2025-10-18 23:00:00+00:00,39147.8,39797.4
2025-10-18 23:15:00+00:00,39036.4,39147.8
2025-10-18 23:30:00+00:00,38263.4,39036.4
2025-10-18 23:45:00+00:00,38448.7,38263.4
2025-10-19 00:00:00+00:00,38123.3,38448.7
2025-10-19 00:15:00+00:00,38006.9,38123.3
2025-10-19 00:30:00+00:00,38060.7,38006.9
2025-10-19 00:45:00+00:00,37837.2,38060.7
2025-10-19 01:00:00+00:00,37733.8,37837.2
2025-10-19 01:15:00+00:00,37666.0,37733.8
2025-10-19 01:30:00+00:00,37603.3,37666.0
2025-10-19 01:45:00+00:00,37659.6,37603.3
2025-10-19 02:00:00+00:00,37889.6,37659.6
2025-10-19 02:15:00+00:00,37939.6,37889.6
2025-10-19 02:30:00+00:00,38082.0,37939.6
2025-10-19 02:45:00+00:00,38437.7,38082.0
2025-10-19 03:00:00+00:00,38623.2,38437.7
2025-10-19 03:15:00+00:00,38415.6,38623.2
2025-10-19 03:30:00+00:00,38584.4,38415.6
2025-10-19 03:45:00+00:00,38778.8,38584.4
2025-10-19 04:00:00+00:00,38908.6,38778.8
2025-10-19 04:15:00+00:00,39272.3,38908.6
2025-10-19 04:30:00+00:00,39665.1,39272.3
2025-10-19 04:45:00+00:00,40008.6,39665.1
2025-10-19 05:00:00+00:00,40597.3,40008.6
2025-10-19 05:15:00+00:00,41268.8,40597.3
2025-10-19 05:30:00+00:00,41792.5,41268.8
2025-10-19 05:45:00+00:00,42149.3,41792.5
2025-10-19 06:00:00+00:00,42758.3,42149.3
2025-10-19 06:15:00+00:00,43715.9,42758.3
2025-10-19 06:30:00+00:00,44962.5,43715.9
2025-10-19 06:45:00+00:00,45685.8,44962.5
2025-10-19 07:00:00+00:00,46614.5,45685.8
2025-10-19 07:15:00+00:00,47217.8,46614.5
2025-10-19 07:30:00+00:00,48000.4,47217.8
2025-10-19 07:45:00+00:00,48673.8,48000.4
2025-10-19 08:00:00+00:00,49188.7,48673.8
2025-10-19 08:15:00+00:00,49482.8,49188.7
2025-10-19 08:30:00+00:00,49828.2,49482.8
2025-10-19 08:45:00+00:00,50300.5,49828.2
2025-10-19 09:00:00+00:00,50838.2,50300.5
2025-10-19 09:15:00+00:00,51262.8,50838.2
2025-10-19 09:30:00+00:00,51741.5,51262.8
2025-10-19 09:45:00+00:00,51838.3,51741.5
2025-10-19 10:00:00+00:00,51827.5,51838.3
2025-10-19 10:15:00+00:00,51408.3,51827.5
2025-10-19 10:30:00+00:00,50878.7,51408.3
2025-10-19 10:45:00+00:00,50409.6,50878.7
2025-10-19 11:00:00+00:00,49714.0,50409.6
2025-10-19 11:15:00+00:00,48702.5,49714.0
2025-10-19 11:30:00+00:00,48520.4,48702.5
2025-10-19 11:45:00+00:00,47829.3,48520.4
2025-10-19 12:00:00+00:00,47333.0,47829.3
2025-10-19 12:15:00+00:00,46810.5,47333.0
2025-10-19 12:30:00+00:00,46385.0,46810.5
2025-10-19 12:45:00+00:00,46120.8,46385.0
2025-10-19 13:00:00+00:00,46449.7,46120.8
2025-10-19 13:15:00+00:00,46359.9,46449.7
2025-10-19 13:30:00+00:00,46302.7,46359.9
2025-10-19 13:45:00+00:00,46538.7,46302.7
2025-10-19 14:00:00+00:00,46959.9,46538.7
2025-10-19 14:15:00+00:00,46951.1,46959.9
2025-10-19 14:30:00+00:00,47555.2,46951.1
2025-10-19 14:45:00+00:00,47739.1,47555.2
2025-10-19 15:00:00+00:00,48677.3,47739.1
2025-10-19 15:15:00+00:00,49231.9,48677.3
2025-10-19 15:30:00+00:00,49872.2,49231.9
2025-10-19 15:45:00+00:00,51018.4,49872.2
2025-10-19 16:00:00+00:00,52299.7,51018.4
2025-10-19 16:15:00+00:00,53783.3,52299.7
2025-10-19 16:30:00+00:00,54992.9,53783.3
2025-10-19 16:45:00+00:00,55264.0,54992.9
2025-10-19 17:00:00+00:00,55293.3,55264.0
2025-10-19 17:15:00+00:00,55035.3,55293.3
2025-10-19 17:30:00+00:00,54652.3,55035.3
2025-10-19 17:45:00+00:00,54275.8,54652.3
2025-10-19 18:00:00+00:00,53892.3,54275.8
2025-10-19 18:15:00+00:00,53204.3,53892.3
2025-10-19 18:30:00+00:00,52481.5,53204.3
2025-10-19 18:45:00+00:00,52021.9,52481.5
2025-10-19 19:00:00+00:00,51627.0,52021.9
2025-10-19 19:15:00+00:00,51289.5,51627.0
2025-10-19 19:30:00+00:00,50849.8,51289.5
2025-10-19 19:45:00+00:00,50516.5,50849.8
2025-10-19 20:00:00+00:00,50460.6,50516.5
2025-10-19 20:15:00+00:00,50162.3,50460.6
2025-10-19 20:30:00+00:00,49592.1,50162.3
2025-10-19 20:45:00+00:00,49002.2,49592.1
2025-10-19 21:00:00+00:00,47891.7,49002.2
2025-10-19 21:15:00+00:00,47375.5,47891.7
2025-10-19 21:30:00+00:00,46454.0,47375.5
2025-10-19 21:45:00+00:00,45892.6,46454.0
2025-10-19 22:00:00+00:00,45824.3,45892.6
2025-10-19 22:15:00+00:00,44935.4,45824.3
2025-10-19 22:30:00+00:00,44555.0,44935.4
2025-10-19 22:45:00+00:00,44036.2,44555.0
2025-10-19 23:00:00+00:00,43951.8,44036.2
2025-10-19 23:15:00+00:00,43528.8,43951.8
2025-10-19 23:30:00+00:00,43196.5,43528.8
2025-10-19 23:45:00+00:00,43244.7,43196.5
2025-10-20 00:00:00+00:00,43263.4,43244.7
2025-10-20 00:15:00+00:00,42733.7,43263.4
2025-10-20 00:30:00+00:00,42730.6,42733.7
2025-10-20 00:45:00+00:00,42627.3,42730.6
2025-10-20 01:00:00+00:00,42819.1,42627.3
2025-10-20 01:15:00+00:00,42801.7,42819.1
2025-10-20 01:30:00+00:00,42888.3,42801.7
2025-10-20 01:45:00+00:00,43320.1,42888.3
2025-10-20 02:00:00+00:00,44150.4,43320.1
2025-10-20 02:15:00+00:00,44204.8,44150.4
2025-10-20 02:30:00+00:00,44761.5,44204.8
2025-10-20 02:45:00+00:00,45357.7,44761.5
2025-10-20 03:00:00+00:00,46620.2,45357.7
2025-10-20 03:15:00+00:00,47775.0,46620.2
2025-10-20 03:30:00+00:00,49035.8,47775.0
2025-10-20 03:45:00+00:00,50746.4,49035.8
2025-10-20 04:00:00+00:00,54147.6,50746.4
2025-10-20 04:15:00+00:00,56087.4,54147.6
2025-10-20 04:30:00+00:00,57949.0,56087.4
2025-10-20 04:45:00+00:00,59525.2,57949.0
2025-10-20 05:00:00+00:00,61551.9,59525.2
2025-10-20 05:15:00+00:00,62992.7,61551.9
2025-10-20 05:30:00+00:00,64004.3,62992.7
2025-10-20 05:45:00+00:00,64707.5,64004.3
2025-10-20 06:00:00+00:00,65162.3,64707.5
2025-10-20 06:15:00+00:00,65568.9,65162.3
2025-10-20 06:30:00+00:00,66226.6,65568.9
2025-10-20 06:45:00+00:00,66494.4,66226.6
2025-10-20 07:00:00+00:00,66169.2,66494.4
2025-10-20 07:15:00+00:00,66564.2,66169.2
2025-10-20 07:30:00+00:00,66770.5,66564.2
2025-10-20 07:45:00+00:00,66789.1,66770.5
2025-10-20 08:00:00+00:00,66458.3,66789.1
2025-10-20 08:15:00+00:00,66299.7,66458.3
2025-10-20 08:30:00+00:00,66447.9,66299.7
2025-10-20 08:45:00+00:00,67235.5,66447.9
2025-10-20 09:00:00+00:00,67127.0,67235.5
2025-10-20 09:15:00+00:00,67857.3,67127.0
2025-10-20 09:30:00+00:00,67685.1,67857.3
2025-10-20 09:45:00+00:00,67460.6,67685.1
2025-10-20 10:00:00+00:00,66649.4,67460.6
2025-10-20 10:15:00+00:00,66623.2,66649.4
2025-10-20 10:30:00+00:00,66247.4,66623.2
2025-10-20 10:45:00+00:00,66005.5,66247.4
2025-10-20 11:00:00+00:00,66152.8,66005.5
2025-10-20 11:15:00+00:00,66324.0,66152.8
2025-10-20 11:30:00+00:00,65570.0,66324.0
2025-10-20 11:45:00+00:00,64731.0,65570.0
2025-10-20 12:00:00+00:00,63911.8,64731.0
2025-10-20 12:15:00+00:00,63477.7,63911.8
2025-10-20 12:30:00+00:00,62769.9,63477.7
2025-10-20 12:45:00+00:00,62609.0,62769.9
2025-10-20 13:00:00+00:00,63281.6,62609.0
2025-10-20 13:15:00+00:00,62888.9,63281.6
2025-10-20 13:30:00+00:00,62477.1,62888.9
2025-10-20 13:45:00+00:00,62171.8,62477.1
2025-10-20 14:00:00+00:00,61932.8,62171.8
2025-10-20 14:15:00+00:00,62180.1,61932.8
2025-10-20 14:30:00+00:00,62158.0,62180.1
2025-10-20 14:45:00+00:00,62446.5,62158.0
2025-10-20 15:00:00+00:00,63031.2,62446.5
2025-10-20 15:15:00+00:00,63259.9,63031.2
2025-10-20 15:30:00+00:00,64097.7,63259.9
2025-10-20 15:45:00+00:00,64558.7,64097.7
2025-10-20 16:00:00+00:00,65228.1,64558.7
2025-10-20 16:15:00+00:00,65497.0,65228.1
2025-10-20 16:30:00+00:00,66469.9,65497.0
2025-10-20 16:45:00+00:00,66322.7,66469.9
2025-10-20 17:00:00+00:00,66096.8,66322.7
2025-10-20 17:15:00+00:00,65279.3,66096.8
2025-10-20 17:30:00+00:00,65092.7,65279.3
2025-10-20 17:45:00+00:00,64361.9,65092.7
2025-10-20 18:00:00+00:00,63494.0,64361.9
2025-10-20 18:15:00+00:00,62475.3,63494.0
2025-10-20 18:30:00+00:00,61856.5,62475.3
2025-10-20 18:45:00+00:00,60766.0,61856.5
2025-10-20 19:00:00+00:00,59774.6,60766.0
2025-10-20 19:15:00+00:00,58793.7,59774.6
2025-10-20 19:30:00+00:00,57354.9,58793.7
2025-10-20 19:45:00+00:00,56481.1,57354.9
2025-10-20 20:00:00+00:00,56143.7,56481.1
2025-10-20 20:15:00+00:00,55312.3,56143.7
2025-10-20 20:30:00+00:00,54172.6,55312.3
2025-10-20 20:45:00+00:00,53279.1,54172.6
2025-10-20 21:00:00+00:00,52270.4,53279.1
2025-10-20 21:15:00+00:00,51707.4,52270.4
2025-10-20 21:30:00+00:00,50953.0,51707.4
2025-10-20 21:45:00+00:00,49923.7,50953.0
2025-10-20 22:00:00+00:00,49162.8,49923.7
2025-10-20 22:15:00+00:00,48486.9,49162.8
2025-10-20 22:30:00+00:00,47994.0,48486.9
2025-10-20 22:45:00+00:00,47359.9,47994.0
2025-10-20 23:00:00+00:00,46772.4,47359.9
2025-10-20 23:15:00+00:00,46543.7,46772.4
2025-10-20 23:30:00+00:00,46423.6,46543.7
2025-10-20 23:45:00+00:00,46058.4,46423.6
2025-10-21 00:00:00+00:00,45571.3,46058.4
2025-10-21 00:15:00+00:00,45688.1,45571.3
2025-10-21 00:30:00+00:00,45504.2,45688.1
2025-10-21 00:45:00+00:00,45575.0,45504.2
2025-10-21 01:00:00+00:00,45364.3,45575.0
2025-10-21 01:15:00+00:00,45266.4,45364.3
2025-10-21 01:30:00+00:00,45480.0,45266.4
2025-10-21 01:45:00+00:00,45875.3,45480.0
2025-10-21 02:00:00+00:00,46913.7,45875.3
2025-10-21 02:15:00+00:00,46870.7,46913.7
2025-10-21 02:30:00+00:00,46927.8,46870.7
2025-10-21 02:45:00+00:00,47104.9,46927.8
2025-10-21 03:00:00+00:00,48174.6,47104.9
2025-10-21 03:15:00+00:00,49427.4,48174.6
2025-10-21 03:30:00+00:00,50497.4,49427.4
2025-10-21 03:45:00+00:00,52306.0,50497.4
2025-10-21 04:00:00+00:00,55196.2,52306.0
2025-10-21 04:15:00+00:00,56928.2,55196.2
2025-10-21 04:30:00+00:00,58451.3,56928.2
2025-10-21 04:45:00+00:00,59606.9,58451.3
2025-10-21 05:00:00+00:00,62133.4,59606.9
2025-10-21 05:15:00+00:00,63336.5,62133.4
2025-10-21 05:30:00+00:00,63791.9,63336.5
2025-10-21 05:45:00+00:00,64651.5,63791.9
2025-10-21 06:00:00+00:00,65409.6,64651.5
2025-10-21 06:15:00+00:00,66271.9,65409.6
2025-10-21 06:30:00+00:00,66385.6,66271.9
2025-10-21 06:45:00+00:00,66240.3,66385.6
2025-10-21 07:00:00+00:00,65682.9,66240.3
2025-10-21 07:15:00+00:00,66137.3,65682.9
2025-10-21 07:30:00+00:00,66682.0,66137.3
2025-10-21 07:45:00+00:00,66913.9,66682.0
2025-10-21 08:00:00+00:00,67111.0,66913.9
2025-10-21 08:15:00+00:00,66978.4,67111.0
2025-10-21 08:30:00+00:00,66911.1,66978.4
2025-10-21 08:45:00+00:00,67288.9,66911.1
2025-10-21 09:00:00+00:00,67049.3,67288.9
2025-10-21 09:15:00+00:00,67268.5,67049.3
2025-10-21 09:30:00+00:00,67383.5,67268.5
2025-10-21 09:45:00+00:00,67441.5,67383.5
2025-10-21 10:00:00+00:00,67294.7,67441.5
2025-10-21 10:15:00+00:00,67116.6,67294.7
2025-10-21 10:30:00+00:00,66475.8,67116.6
2025-10-21 10:45:00+00:00,66075.3,66475.8
2025-10-21 11:00:00+00:00,65461.6,66075.3
2025-10-21 11:15:00+00:00,65307.0,65461.6
2025-10-21 11:30:00+00:00,64831.4,65307.0
2025-10-21 11:45:00+00:00,63903.6,64831.4
2025-10-21 12:00:00+00:00,63345.0,63903.6
2025-10-21 12:15:00+00:00,63074.6,63345.0
2025-10-21 12:30:00+00:00,62824.4,63074.6
2025-10-21 12:45:00+00:00,62479.5,62824.4
2025-10-21 13:00:00+00:00,62164.1,62479.5
2025-10-21 13:15:00+00:00,61568.3,62164.1
2025-10-21 13:30:00+00:00,61558.1,61568.3
2025-10-21 13:45:00+00:00,61675.4,61558.1
2025-10-21 14:00:00+00:00,61684.3,61675.4
2025-10-21 14:15:00+00:00,61583.7,61684.3
2025-10-21 14:30:00+00:00,61461.5,61583.7
2025-10-21 14:45:00+00:00,61537.2,61461.5
2025-10-21 15:00:00+00:00,62416.9,61537.2
2025-10-21 15:15:00+00:00,62899.8,62416.9
2025-10-21 15:30:00+00:00,63821.6,62899.8
2025-10-21 15:45:00+00:00,64287.4,63821.6
2025-10-21 16:00:00+00:00,64916.0,64287.4
2025-10-21 16:15:00+00:00,65560.7,64916.0
2025-10-21 16:30:00+00:00,66210.8,65560.7
2025-10-21 16:45:00+00:00,66821.6,66210.8
2025-10-21 17:00:00+00:00,66275.5,66821.6
2025-10-21 17:15:00+00:00,65808.0,66275.5
2025-10-21 17:30:00+00:00,65503.0,65808.0
2025-10-21 17:45:00+00:00,64842.0,65503.0
2025-10-21 18:00:00+00:00,63768.9,64842.0
2025-10-21 18:15:00+00:00,62881.9,63768.9
2025-10-21 18:30:00+00:00,61916.7,62881.9
2025-10-21 18:45:00+00:00,60892.6,61916.7
2025-10-21 19:00:00+00:00,59745.0,60892.6
2025-10-21 19:15:00+00:00,58739.4,59745.0
2025-10-21 19:30:00+00:00,57651.0,58739.4
2025-10-21 19:45:00+00:00,56883.3,57651.0
2025-10-21 20:00:00+00:00,55362.8,56883.3
2025-10-21 20:15:00+00:00,54789.5,55362.8
2025-10-21 20:30:00+00:00,53762.2,54789.5
2025-10-21 20:45:00+00:00,52938.0,53762.2
2025-10-21 21:00:00+00:00,51844.8,52938.0
2025-10-21 21:15:00+00:00,51004.5,51844.8
2025-10-21 21:30:00+00:00,50348.3,51004.5
2025-10-21 21:45:00+00:00,49647.3,50348.3
2025-10-21 22:00:00+00:00,48604.0,49647.3
2025-10-21 22:15:00+00:00,47791.5,48604.0
2025-10-21 22:30:00+00:00,47339.8,47791.5
2025-10-21 22:45:00+00:00,46983.2,47339.8
2025-10-21 23:00:00+00:00,45990.0,46983.2
2025-10-21 23:15:00+00:00,45317.7,45990.0
2025-10-21 23:30:00+00:00,44850.7,45317.7
2025-10-21 23:45:00+00:00,44866.0,44850.7
2025-10-22 00:00:00+00:00,44194.3,44866.0
2025-10-22 00:15:00+00:00,44018.8,44194.3
2025-10-22 00:30:00+00:00,43924.6,44018.8
2025-10-22 00:45:00+00:00,43901.7,43924.6
2025-10-22 01:00:00+00:00,43913.2,43901.7
2025-10-22 01:15:00+00:00,43837.7,43913.2
2025-10-22 01:30:00+00:00,43838.1,43837.7
2025-10-22 01:45:00+00:00,44353.7,43838.1
2025-10-22 02:00:00+00:00,44743.7,44353.7
2025-10-22 02:15:00+00:00,45041.7,44743.7
2025-10-22 02:30:00+00:00,45463.2,45041.7
2025-10-22 02:45:00+00:00,46056.4,45463.2
2025-10-22 03:00:00+00:00,47528.8,46056.4
2025-10-22 03:15:00+00:00,48199.2,47528.8
2025-10-22 03:30:00+00:00,49635.9,48199.2
2025-10-22 03:45:00+00:00,51074.6,49635.9
2025-10-22 04:00:00+00:00,54098.4,51074.6
2025-10-22 04:15:00+00:00,56172.4,54098.4
2025-10-22 04:30:00+00:00,57587.6,56172.4
2025-10-22 04:45:00+00:00,58740.0,57587.6
2025-10-22 05:00:00+00:00,60973.3,58740.0
2025-10-22 05:15:00+00:00,62467.3,60973.3
2025-10-22 05:30:00+00:00,63657.9,62467.3
2025-10-22 05:45:00+00:00,64306.6,63657.9
2025-10-22 06:00:00+00:00,64749.7,64306.6
2025-10-22 06:15:00+00:00,65142.2,64749.7
2025-10-22 06:30:00+00:00,65181.6,65142.2
2025-10-22 06:45:00+00:00,65347.9,65181.6
2025-10-22 07:00:00+00:00,65222.4,65347.9
2025-10-22 07:15:00+00:00,65235.1,65222.4
2025-10-22 07:30:00+00:00,65778.4,65235.1
2025-10-22 07:45:00+00:00,66215.8,65778.4
2025-10-22 08:00:00+00:00,65854.4,66215.8
2025-10-22 08:15:00+00:00,66015.0,65854.4
2025-10-22 08:30:00+00:00,66220.4,66015.0
2025-10-22 08:45:00+00:00,66707.8,66220.4
2025-10-22 09:00:00+00:00,66421.0,66707.8
2025-10-22 09:15:00+00:00,66705.6,66421.0
2025-10-22 09:30:00+00:00,66720.5,66705.6
2025-10-22 09:45:00+00:00,66424.5,66720.5
2025-10-22 10:00:00+00:00,65823.4,66424.5
2025-10-22 10:15:00+00:00,65585.9,65823.4
2025-10-22 10:30:00+00:00,65378.7,65585.9
2025-10-22 10:45:00+00:00,65338.3,65378.7
2025-10-22 11:00:00+00:00,65047.9,65338.3
2025-10-22 11:15:00+00:00,64599.6,65047.9
2025-10-22 11:30:00+00:00,64089.2,64599.6
2025-10-22 11:45:00+00:00,62839.5,64089.2
2025-10-22 12:00:00+00:00,62766.5,62839.5
2025-10-22 12:15:00+00:00,62649.3,62766.5
2025-10-22 12:30:00+00:00,62399.6,62649.3
2025-10-22 12:45:00+00:00,62071.8,62399.6
2025-10-22 13:00:00+00:00,61941.7,62071.8
2025-10-22 13:15:00+00:00,61822.2,61941.7
2025-10-22 13:30:00+00:00,61355.5,61822.2
2025-10-22 13:45:00+00:00,61000.2,61355.5
2025-10-22 14:00:00+00:00,60897.7,61000.2
2025-10-22 14:15:00+00:00,60523.7,60897.7
2025-10-22 14:30:00+00:00,60359.9,60523.7
2025-10-22 14:45:00+00:00,60357.4,60359.9
2025-10-22 15:00:00+00:00,60848.9,60357.4
2025-10-22 15:15:00+00:00,61133.2,60848.9
2025-10-22 15:30:00+00:00,61898.7,61133.2
2025-10-22 15:45:00+00:00,62241.7,61898.7
2025-10-22 16:00:00+00:00,62490.6,62241.7
2025-10-22 16:15:00+00:00,62741.1,62490.6
2025-10-22 16:30:00+00:00,63380.8,62741.1
2025-10-22 16:45:00+00:00,63431.9,63380.8
2025-10-22 17:00:00+00:00,63002.5,63431.9
2025-10-22 17:15:00+00:00,62666.9,63002.5
2025-10-22 17:30:00+00:00,62191.2,62666.9
2025-10-22 17:45:00+00:00,61803.8,62191.2
2025-10-22 18:00:00+00:00,60510.2,61803.8
2025-10-22 18:15:00+00:00,59702.4,60510.2
2025-10-22 18:30:00+00:00,58855.7,59702.4
2025-10-22 18:45:00+00:00,58068.0,58855.7
2025-10-22 19:00:00+00:00,57629.0,58068.0
2025-10-22 19:15:00+00:00,56608.1,57629.0
2025-10-22 19:30:00+00:00,55390.7,56608.1
2025-10-22 19:45:00+00:00,54232.9,55390.7
2025-10-22 20:00:00+00:00,53550.8,54232.9
2025-10-22 20:15:00+00:00,52545.6,53550.8
2025-10-22 20:30:00+00:00,51554.4,52545.6
2025-10-22 20:45:00+00:00,50719.0,51554.4
2025-10-22 21:00:00+00:00,49729.1,50719.0
2025-10-22 21:15:00+00:00,48684.7,49729.1
2025-10-22 21:30:00+00:00,47865.7,48684.7
2025-10-22 21:45:00+00:00,46908.3,47865.7
2025-10-22 22:00:00+00:00,46186.4,46908.3
2025-10-22 22:15:00+00:00,45648.1,46186.4
2025-10-22 22:30:00+00:00,45075.6,45648.1
2025-10-22 22:45:00+00:00,44687.7,45075.6
2025-10-22 23:00:00+00:00,43822.6,44687.7
2025-10-22 23:15:00+00:00,43360.7,43822.6
2025-10-22 23:30:00+00:00,42880.4,43360.7
2025-10-22 23:45:00+00:00,42492.0,42880.4
2025-10-23 00:00:00+00:00,41636.3,42492.0
2025-10-23 00:15:00+00:00,41167.7,41636.3
2025-10-23 00:30:00+00:00,41327.8,41167.7
2025-10-23 00:45:00+00:00,40874.6,41327.8
2025-10-23 01:00:00+00:00,41388.1,40874.6
2025-10-23 01:15:00+00:00,41937.6,41388.1
2025-10-23 01:30:00+00:00,42201.7,41937.6
2025-10-23 01:45:00+00:00,42543.8,42201.7
2025-10-23 02:00:00+00:00,42823.3,42543.8
2025-10-23 02:15:00+00:00,43656.2,42823.3
2025-10-23 02:30:00+00:00,44318.3,43656.2
2025-10-23 02:45:00+00:00,45311.4,44318.3
2025-10-23 03:00:00+00:00,46964.9,45311.4
2025-10-23 03:15:00+00:00,47943.7,46964.9
2025-10-23 03:30:00+00:00,48989.1,47943.7
2025-10-23 03:45:00+00:00,50841.1,48989.1
2025-10-23 04:00:00+00:00,53272.6,50841.1
2025-10-23 04:15:00+00:00,55487.5,53272.6
2025-10-23 04:30:00+00:00,57128.8,55487.5
2025-10-23 04:45:00+00:00,58616.9,57128.8
2025-10-23 05:00:00+00:00,60322.3,58616.9
2025-10-23 05:15:00+00:00,61990.8,60322.3
2025-10-23 05:30:00+00:00,63024.6,61990.8
2025-10-23 05:45:00+00:00,64105.8,63024.6
2025-10-23 06:00:00+00:00,65432.1,64105.8
2025-10-23 06:15:00+00:00,66272.4,65432.1
2025-10-23 06:30:00+00:00,66512.3,66272.4
2025-10-23 06:45:00+00:00,66805.2,66512.3
2025-10-23 07:00:00+00:00,66843.4,66805.2
2025-10-23 07:15:00+00:00,67169.8,66843.4
2025-10-23 07:30:00+00:00,67395.7,67169.8
2025-10-23 07:45:00+00:00,67296.5,67395.7
2025-10-23 08:00:00+00:00,67325.2,67296.5
2025-10-23 08:15:00+00:00,67154.3,67325.2
2025-10-23 08:30:00+00:00,67024.7,67154.3
2025-10-23 08:45:00+00:00,67023.5,67024.7
2025-10-23 09:00:00+00:00,66758.4,67023.5
2025-10-23 09:15:00+00:00,67512.3,66758.4
2025-10-23 09:30:00+00:00,67634.5,67512.3
2025-10-23 09:45:00+00:00,67621.3,67634.5
2025-10-23 10:00:00+00:00,67391.6,67621.3
2025-10-23 10:15:00+00:00,67512.1,67391.6
2025-10-23 10:30:00+00:00,67270.9,67512.1
2025-10-23 10:45:00+00:00,67794.8,67270.9
2025-10-23 11:00:00+00:00,67312.1,67794.8
2025-10-23 11:15:00+00:00,67638.1,67312.1
2025-10-23 11:30:00+00:00,67148.0,67638.1
2025-10-23 11:45:00+00:00,66633.8,67148.0
2025-10-23 12:00:00+00:00,66112.7,66633.8
2025-10-23 12:15:00+00:00,65839.5,66112.7
2025-10-23 12:30:00+00:00,65282.2,65839.5
2025-10-23 12:45:00+00:00,64904.3,65282.2
2025-10-23 13:00:00+00:00,65632.8,64904.3
2025-10-23 13:15:00+00:00,65567.3,65632.8
2025-10-23 13:30:00+00:00,65057.0,65567.3
2025-10-23 13:45:00+00:00,64175.4,65057.0
2025-10-23 14:00:00+00:00,64121.6,64175.4
2025-10-23 14:15:00+00:00,63735.8,64121.6
2025-10-23 14:30:00+00:00,63632.5,63735.8
2025-10-23 14:45:00+00:00,63269.3,63632.5
2025-10-23 15:00:00+00:00,63414.8,63269.3
2025-10-23 15:15:00+00:00,64158.4,63414.8
2025-10-23 15:30:00+00:00,64890.3,64158.4
2025-10-23 15:45:00+00:00,65636.5,64890.3
2025-10-23 16:00:00+00:00,65711.3,65636.5
2025-10-23 16:15:00+00:00,66260.1,65711.3
2025-10-23 16:30:00+00:00,66542.1,66260.1
2025-10-23 16:45:00+00:00,66505.4,66542.1
2025-10-23 17:00:00+00:00,66178.9,66505.4
2025-10-23 17:15:00+00:00,65459.8,66178.9
2025-10-23 17:30:00+00:00,64564.0,65459.8
2025-10-23 17:45:00+00:00,64482.1,64564.0
2025-10-23 18:00:00+00:00,63242.9,64482.1
2025-10-23 18:15:00+00:00,62461.7,63242.9
2025-10-23 18:30:00+00:00,61950.5,62461.7
2025-10-23 18:45:00+00:00,60924.6,61950.5
2025-10-23 19:00:00+00:00,60401.7,60924.6
2025-10-23 19:15:00+00:00,59488.3,60401.7
2025-10-23 19:30:00+00:00,58099.5,59488.3
2025-10-23 19:45:00+00:00,57253.5,58099.5
2025-10-23 20:00:00+00:00,56708.4,57253.5
2025-10-23 20:15:00+00:00,55823.8,56708.4
2025-10-23 20:30:00+00:00,54626.6,55823.8
2025-10-23 20:45:00+00:00,53748.5,54626.6
2025-10-23 21:00:00+00:00,52996.9,53748.5
2025-10-23 21:15:00+00:00,51966.1,52996.9
2025-10-23 21:30:00+00:00,51042.7,51966.1
2025-10-23 21:45:00+00:00,50343.5,51042.7
2025-10-23 22:00:00+00:00,49607.7,50343.5
2025-10-23 22:15:00+00:00,49121.8,49607.7
2025-10-23 22:30:00+00:00,48644.1,49121.8
2025-10-23 22:45:00+00:00,48323.2,48644.1
2025-10-23 23:00:00+00:00,47241.7,48323.2
2025-10-23 23:15:00+00:00,46888.8,47241.7
2025-10-23 23:30:00+00:00,46516.7,46888.8
2025-10-23 23:45:00+00:00,46101.7,46516.7
2025-10-24 00:00:00+00:00,45748.3,46101.7
2025-10-24 00:15:00+00:00,45650.4,45748.3
2025-10-24 00:30:00+00:00,45937.1,45650.4
2025-10-24 00:45:00+00:00,45946.5,45937.1
2025-10-24 01:00:00+00:00,46060.6,45946.5
2025-10-24 01:15:00+00:00,46178.5,46060.6
2025-10-24 01:30:00+00:00,46309.5,46178.5
2025-10-24 01:45:00+00:00,46491.3,46309.5
2025-10-24 02:00:00+00:00,47143.6,46491.3
2025-10-24 02:15:00+00:00,47682.0,47143.6
2025-10-24 02:30:00+00:00,47923.9,47682.0
2025-10-24 02:45:00+00:00,48630.3,47923.9
2025-10-24 03:00:00+00:00,49783.5,48630.3
2025-10-24 03:15:00+00:00,50565.1,49783.5
2025-10-24 03:30:00+00:00,51875.3,50565.1
2025-10-24 03:45:00+00:00,53767.6,51875.3
2025-10-24 04:00:00+00:00,56329.4,53767.6
2025-10-24 04:15:00+00:00,57592.9,56329.4
2025-10-24 04:30:00+00:00,59262.6,57592.9
2025-10-24 04:45:00+00:00,60893.2,59262.6
2025-10-24 05:00:00+00:00,61669.3,60893.2
2025-10-24 05:15:00+00:00,62917.5,61669.3
2025-10-24 05:30:00+00:00,63666.5,62917.5
2025-10-24 05:45:00+00:00,64268.0,63666.5
2025-10-24 06:00:00+00:00,66166.3,64268.0
2025-10-24 06:15:00+00:00,67019.0,66166.3
2025-10-24 06:30:00+00:00,66661.8,67019.0
2025-10-24 06:45:00+00:00,66923.4,66661.8
2025-10-24 07:00:00+00:00,66922.1,66923.4
2025-10-24 07:15:00+00:00,67459.9,66922.1
2025-10-24 07:30:00+00:00,67208.1,67459.9
2025-10-24 07:45:00+00:00,68101.8,67208.1
2025-10-24 08:00:00+00:00,68114.1,68101.8
2025-10-24 08:15:00+00:00,68514.5,68114.1
2025-10-24 08:30:00+00:00,68523.0,68514.5
2025-10-24 08:45:00+00:00,68181.7,68523.0
2025-10-24 09:00:00+00:00,68830.1,68181.7
2025-10-24 09:15:00+00:00,68767.9,68830.1
2025-10-24 09:30:00+00:00,68632.0,68767.9
2025-10-24 09:45:00+00:00,68466.5,68632.0
2025-10-24 10:00:00+00:00,67477.7,68466.5
2025-10-24 10:15:00+00:00,67227.7,67477.7
2025-10-24 10:30:00+00:00,67288.4,67227.7
2025-10-24 10:45:00+00:00,66183.7,67288.4
2025-10-24 11:00:00+00:00,66311.2,66183.7
2025-10-24 11:15:00+00:00,65014.2,66311.2
2025-10-24 11:30:00+00:00,64928.6,65014.2
2025-10-24 11:45:00+00:00,64081.3,64928.6
2025-10-24 12:00:00+00:00,64009.1,64081.3
2025-10-24 12:15:00+00:00,63806.5,64009.1
2025-10-24 12:30:00+00:00,63000.5,63806.5
2025-10-24 12:45:00+00:00,63042.8,63000.5
2025-10-24 13:00:00+00:00,62694.1,63042.8
2025-10-24 13:15:00+00:00,62279.0,62694.1
2025-10-24 13:30:00+00:00,61588.0,62279.0
2025-10-24 13:45:00+00:00,61657.5,61588.0
2025-10-24 14:00:00+00:00,62082.6,61657.5
2025-10-24 14:15:00+00:00,61819.1,62082.6
2025-10-24 14:30:00+00:00,61647.3,61819.1
2025-10-24 14:45:00+00:00,62032.1,61647.3
2025-10-24 15:00:00+00:00,62488.5,62032.1
2025-10-24 15:15:00+00:00,63181.5,62488.5
2025-10-24 15:30:00+00:00,63332.7,63181.5
2025-10-24 15:45:00+00:00,62953.5,63332.7
2025-10-24 16:00:00+00:00,63083.0,62953.5
2025-10-24 16:15:00+00:00,63094.5,63083.0
2025-10-24 16:30:00+00:00,63673.3,63094.5
2025-10-24 16:45:00+00:00,63640.5,63673.3
2025-10-24 17:00:00+00:00,63433.3,63640.5
2025-10-24 17:15:00+00:00,62781.4,63433.3
2025-10-24 17:30:00+00:00,62522.3,62781.4
2025-10-24 17:45:00+00:00,61942.5,62522.3
2025-10-24 18:00:00+00:00,61261.6,61942.5
2025-10-24 18:15:00+00:00,60286.5,61261.6
2025-10-24 18:30:00+00:00,58791.6,60286.5
2025-10-24 18:45:00+00:00,57838.6,58791.6
2025-10-24 19:00:00+00:00,57046.4,57838.6
2025-10-24 19:15:00+00:00,56389.1,57046.4
2025-10-24 19:30:00+00:00,55135.3,56389.1
2025-10-24 19:45:00+00:00,54145.0,55135.3
2025-10-24 20:00:00+00:00,53964.3,54145.0
2025-10-24 20:15:00+00:00,53141.4,53964.3
2025-10-24 20:30:00+00:00,52603.0,53141.4
2025-10-24 20:45:00+00:00,51497.8,52603.0
2025-10-24 21:00:00+00:00,50970.0,51497.8
2025-10-24 21:15:00+00:00,50122.9,50970.0
2025-10-24 21:30:00+00:00,49102.8,50122.9
2025-10-24 21:45:00+00:00,48341.4,49102.8
2025-10-24 22:00:00+00:00,48002.2,48341.4
2025-10-24 22:15:00+00:00,47520.3,48002.2
2025-10-24 22:30:00+00:00,47104.8,47520.3
2025-10-24 22:45:00+00:00,46186.8,47104.8
2025-10-24 23:00:00+00:00,45843.4,46186.8
2025-10-24 23:15:00+00:00,45344.1,45843.4
2025-10-24 23:30:00+00:00,45399.4,45344.1
2025-10-24 23:45:00+00:00,44636.1,45399.4
2025-10-25 00:00:00+00:00,44333.9,44636.1
2025-10-25 00:15:00+00:00,44150.2,44333.9
2025-10-25 00:30:00+00:00,43918.3,44150.2
2025-10-25 00:45:00+00:00,43577.9,43918.3
2025-10-25 01:00:00+00:00,43620.8,43577.9
2025-10-25 01:15:00+00:00,43567.7,43620.8
2025-10-25 01:30:00+00:00,43376.7,43567.7
2025-10-25 01:45:00+00:00,43665.6,43376.7
2025-10-25 02:00:00+00:00,43518.4,43665.6
2025-10-25 02:15:00+00:00,43614.1,43518.4
2025-10-25 02:30:00+00:00,43717.9,43614.1
2025-10-25 02:45:00+00:00,43755.6,43717.9
2025-10-25 03:00:00+00:00,44261.9,43755.6
2025-10-25 03:15:00+00:00,44220.2,44261.9
2025-10-25 03:30:00+00:00,44689.9,44220.2
2025-10-25 03:45:00+00:00,45167.7,44689.9
2025-10-25 04:00:00+00:00,46043.4,45167.7
2025-10-25 04:15:00+00:00,46754.0,46043.4
2025-10-25 04:30:00+00:00,46985.7,46754.0
2025-10-25 04:45:00+00:00,47937.6,46985.7
2025-10-25 05:00:00+00:00,48819.4,47937.6
2025-10-25 05:15:00+00:00,49504.1,48819.4
2025-10-25 05:30:00+00:00,50338.3,49504.1
2025-10-25 05:45:00+00:00,50860.7,50338.3
2025-10-25 06:00:00+00:00,51801.2,50860.7
2025-10-25 06:15:00+00:00,52298.4,51801.2
2025-10-25 06:30:00+00:00,53097.6,52298.4
2025-10-25 06:45:00+00:00,54052.2,53097.6
2025-10-25 07:00:00+00:00,54678.3,54052.2
2025-10-25 07:15:00+00:00,55051.6,54678.3
2025-10-25 07:30:00+00:00,55782.4,55051.6
2025-10-25 07:45:00+00:00,56113.7,55782.4
2025-10-25 08:00:00+00:00,56549.6,56113.7
2025-10-25 08:15:00+00:00,57195.3,56549.6
2025-10-25 08:30:00+00:00,57044.9,57195.3
2025-10-25 08:45:00+00:00,56902.0,57044.9
2025-10-25 09:00:00+00:00,57739.2,56902.0
2025-10-25 09:15:00+00:00,57959.7,57739.2
2025-10-25 09:30:00+00:00,58354.1,57959.7
2025-10-25 09:45:00+00:00,58123.6,58354.1
2025-10-25 10:00:00+00:00,58319.5,58123.6
2025-10-25 10:15:00+00:00,58197.0,58319.5
2025-10-25 10:30:00+00:00,57907.1,58197.0
2025-10-25 10:45:00+00:00,57747.0,57907.1
2025-10-25 11:00:00+00:00,57628.5,57747.0
2025-10-25 11:15:00+00:00,57188.3,57628.5
2025-10-25 11:30:00+00:00,56315.3,57188.3
2025-10-25 11:45:00+00:00,55778.2,56315.3
2025-10-25 12:00:00+00:00,55254.6,55778.2
2025-10-25 12:15:00+00:00,54816.9,55254.6
2025-10-25 12:30:00+00:00,55300.6,54816.9
2025-10-25 12:45:00+00:00,54590.6,55300.6
2025-10-25 13:00:00+00:00,54299.9,54590.6
2025-10-25 13:15:00+00:00,54123.2,54299.9
2025-10-25 13:30:00+00:00,54039.9,54123.2
2025-10-25 13:45:00+00:00,53899.3,54039.9
2025-10-25 14:00:00+00:00,53972.1,53899.3
2025-10-25 14:15:00+00:00,54206.2,53972.1
2025-10-25 14:30:00+00:00,54641.0,54206.2
2025-10-25 14:45:00+00:00,55117.5,54641.0
2025-10-25 15:00:00+00:00,55477.5,55117.5
2025-10-25 15:15:00+00:00,56222.0,55477.5
2025-10-25 15:30:00+00:00,56827.0,56222.0
2025-10-25 15:45:00+00:00,57263.1,56827.0
2025-10-25 16:00:00+00:00,58262.2,57263.1
2025-10-25 16:15:00+00:00,58691.0,58262.2
2025-10-25 16:30:00+00:00,58818.6,58691.0
2025-10-25 16:45:00+00:00,58703.2,58818.6
2025-10-25 17:00:00+00:00,58112.9,58703.2
2025-10-25 17:15:00+00:00,57605.1,58112.9
2025-10-25 17:30:00+00:00,57325.7,57605.1
2025-10-25 17:45:00+00:00,56728.0,57325.7
2025-10-25 18:00:00+00:00,55761.0,56728.0
2025-10-25 18:15:00+00:00,54802.2,55761.0
2025-10-25 18:30:00+00:00,53962.5,54802.2
2025-10-25 18:45:00+00:00,53305.2,53962.5
2025-10-25 19:00:00+00:00,52880.4,53305.2
2025-10-25 19:15:00+00:00,52249.9,52880.4
2025-10-25 19:30:00+00:00,51754.9,52249.9
2025-10-25 19:45:00+00:00,51497.2,51754.9
2025-10-25 20:00:00+00:00,51019.6,51497.2
2025-10-25 20:15:00+00:00,50400.5,51019.6
2025-10-25 20:30:00+00:00,49826.7,50400.5
2025-10-25 20:45:00+00:00,49076.2,49826.7
2025-10-25 21:00:00+00:00,48304.9,49076.2
2025-10-25 21:15:00+00:00,47480.1,48304.9
2025-10-25 21:30:00+00:00,46893.3,47480.1
2025-10-25 21:45:00+00:00,45986.2,46893.3
2025-10-25 22:00:00+00:00,45223.2,45986.2
2025-10-25 22:15:00+00:00,44549.1,45223.2
2025-10-25 22:30:00+00:00,43314.1,44549.1
2025-10-25 22:45:00+00:00,42820.3,43314.1
2025-10-25 23:00:00+00:00,42642.0,42820.3
2025-10-25 23:15:00+00:00,42178.2,42642.0
2025-10-25 23:30:00+00:00,41945.3,42178.2
2025-10-25 23:45:00+00:00,41719.2,41945.3
2025-10-26 00:00:00+00:00,41518.0,41719.2
2025-10-26 00:15:00+00:00,40946.6,41518.0
2025-10-26 00:30:00+00:00,40603.4,40946.6
2025-10-26 00:45:00+00:00,40307.9,40603.4
2025-10-26 01:00:00+00:00,40614.7,40307.9
2025-10-26 01:15:00+00:00,40084.9,40614.7
2025-10-26 01:30:00+00:00,40235.6,40084.9
2025-10-26 01:45:00+00:00,40012.9,40235.6
2025-10-26 02:00:00+00:00,40144.4,40012.9
2025-10-26 02:15:00+00:00,40194.9,40144.4
2025-10-26 02:30:00+00:00,40485.1,40194.9
2025-10-26 02:45:00+00:00,40539.0,40485.1
2025-10-26 03:00:00+00:00,40736.0,40539.0
2025-10-26 03:15:00+00:00,40908.5,40736.0
2025-10-26 03:30:00+00:00,40414.2,40908.5
2025-10-26 03:45:00+00:00,40679.4,40414.2
2025-10-26 04:00:00+00:00,40641.1,40679.4
2025-10-26 04:15:00+00:00,41045.2,40641.1
2025-10-26 04:30:00+00:00,41306.6,41045.2
2025-10-26 04:45:00+00:00,41317.8,41306.6
2025-10-26 05:00:00+00:00,42242.3,41317.8
2025-10-26 05:15:00+00:00,42716.3,42242.3
2025-10-26 05:30:00+00:00,43110.4,42716.3
2025-10-26 05:45:00+00:00,43279.5,43110.4
2025-10-26 06:00:00+00:00,44183.6,43279.5
2025-10-26 06:15:00+00:00,44762.3,44183.6
2025-10-26 06:30:00+00:00,45383.5,44762.3
2025-10-26 06:45:00+00:00,46259.8,45383.5
2025-10-26 07:00:00+00:00,47417.4,46259.8
2025-10-26 07:15:00+00:00,48602.9,47417.4
2025-10-26 07:30:00+00:00,49650.0,48602.9
2025-10-26 07:45:00+00:00,50349.8,49650.0
2025-10-26 08:00:00+00:00,51415.8,50349.8
2025-10-26 08:15:00+00:00,52050.8,51415.8
2025-10-26 08:30:00+00:00,52466.6,52050.8
2025-10-26 08:45:00+00:00,52762.0,52466.6
2025-10-26 09:00:00+00:00,52744.6,52762.0
2025-10-26 09:15:00+00:00,53581.7,52744.6
2025-10-26 09:30:00+00:00,53455.9,53581.7
2025-10-26 09:45:00+00:00,54107.5,53455.9
2025-10-26 10:00:00+00:00,54830.7,54107.5
2025-10-26 10:15:00+00:00,54369.3,54830.7
2025-10-26 10:30:00+00:00,54504.7,54369.3
2025-10-26 10:45:00+00:00,54810.0,54504.7
2025-10-26 11:00:00+00:00,55360.1,54810.0
2025-10-26 11:15:00+00:00,54839.9,55360.1
2025-10-26 11:30:00+00:00,54418.2,54839.9
2025-10-26 11:45:00+00:00,53824.3,54418.2
2025-10-26 12:00:00+00:00,53455.9,53824.3
2025-10-26 12:15:00+00:00,53317.6,53455.9
2025-10-26 12:30:00+00:00,52997.9,53317.6
2025-10-26 12:45:00+00:00,52300.5,52997.9
2025-10-26 13:00:00+00:00,52284.1,52300.5
2025-10-26 13:15:00+00:00,51875.7,52284.1
2025-10-26 13:30:00+00:00,52585.2,51875.7
2025-10-26 13:45:00+00:00,50900.5,52585.2
2025-10-26 14:00:00+00:00,51790.7,50900.5
2025-10-26 14:15:00+00:00,51487.1,51790.7
2025-10-26 14:30:00+00:00,52337.4,51487.1
2025-10-26 14:45:00+00:00,52349.2,52337.4
2025-10-26 15:00:00+00:00,53060.7,52349.2
2025-10-26 15:15:00+00:00,53110.8,53060.7
2025-10-26 15:30:00+00:00,53531.1,53110.8
2025-10-26 15:45:00+00:00,53917.5,53531.1
2025-10-26 16:00:00+00:00,55239.3,53917.5
2025-10-26 16:15:00+00:00,56202.9,55239.3
2025-10-26 16:30:00+00:00,57362.9,56202.9
2025-10-26 16:45:00+00:00,57044.9,57362.9
2025-10-26 17:00:00+00:00,56233.7,57044.9
2025-10-26 17:15:00+00:00,56044.3,56233.7
2025-10-26 17:30:00+00:00,55453.0,56044.3
2025-10-26 17:45:00+00:00,55267.5,55453.0
2025-10-26 18:00:00+00:00,54833.2,55267.5
2025-10-26 18:15:00+00:00,54335.0,54833.2
2025-10-26 18:30:00+00:00,54072.6,54335.0
2025-10-26 18:45:00+00:00,53758.7,54072.6
2025-10-26 19:00:00+00:00,53166.7,53758.7
2025-10-26 19:15:00+00:00,52614.1,53166.7
2025-10-26 19:30:00+00:00,52310.9,52614.1
2025-10-26 19:45:00+00:00,51537.6,52310.9
2025-10-26 20:00:00+00:00,51762.8,51537.6
2025-10-26 20:15:00+00:00,51388.6,51762.8
2025-10-26 20:30:00+00:00,51026.1,51388.6
2025-10-26 20:45:00+00:00,51047.0,51026.1
2025-10-26 21:00:00+00:00,51259.6,51047.0
2025-10-26 21:15:00+00:00,50908.7,51259.6
2025-10-26 21:30:00+00:00,50367.1,50908.7
2025-10-26 21:45:00+00:00,50014.5,50367.1
2025-10-26 22:00:00+00:00,49167.3,50014.5
2025-10-26 22:15:00+00:00,48396.4,49167.3
2025-10-26 22:30:00+00:00,47243.3,48396.4
2025-10-26 22:45:00+00:00,46741.0,47243.3
2025-10-26 23:00:00+00:00,46091.2,46741.0
2025-10-26 23:15:00+00:00,45772.1,46091.2
2025-10-26 23:30:00+00:00,45258.3,45772.1
2025-10-26 23:45:00+00:00,45199.4,45258.3
2025-10-27 00:00:00+00:00,44935.2,45199.4
2025-10-27 00:15:00+00:00,44726.0,44935.2
2025-10-27 00:30:00+00:00,44392.5,44726.0
2025-10-27 00:45:00+00:00,44347.0,44392.5
2025-10-27 01:00:00+00:00,44080.0,44347.0
2025-10-27 01:15:00+00:00,43838.1,44080.0
2025-10-27 01:30:00+00:00,43883.1,43838.1
2025-10-27 01:45:00+00:00,43867.6,43883.1
2025-10-27 02:00:00+00:00,44110.7,43867.6
2025-10-27 02:15:00+00:00,44415.0,44110.7
2025-10-27 02:30:00+00:00,44574.0,44415.0
2025-10-27 02:45:00+00:00,44887.5,44574.0
2025-10-27 03:00:00+00:00,45433.7,44887.5
2025-10-27 03:15:00+00:00,45686.7,45433.7
2025-10-27 03:30:00+00:00,46230.9,45686.7
2025-10-27 03:45:00+00:00,47132.7,46230.9
2025-10-27 04:00:00+00:00,48553.5,47132.7
2025-10-27 04:15:00+00:00,49312.3,48553.5
2025-10-27 04:30:00+00:00,50737.5,49312.3
2025-10-27 04:45:00+00:00,52716.4,50737.5
2025-10-27 05:00:00+00:00,55962.9,52716.4
2025-10-27 05:15:00+00:00,57810.0,55962.9
2025-10-27 05:30:00+00:00,59633.2,57810.0
2025-10-27 05:45:00+00:00,61312.7,59633.2
2025-10-27 06:00:00+00:00,62854.9,61312.7
2025-10-27 06:15:00+00:00,63741.7,62854.9
2025-10-27 06:30:00+00:00,64977.9,63741.7
2025-10-27 06:45:00+00:00,66255.3,64977.9
2025-10-27 07:00:00+00:00,66993.9,66255.3
2025-10-27 07:15:00+00:00,67261.9,66993.9
2025-10-27 07:30:00+00:00,67903.2,67261.9
2025-10-27 07:45:00+00:00,67807.6,67903.2
2025-10-27 08:00:00+00:00,67313.7,67807.6
2025-10-27 08:15:00+00:00,68078.7,67313.7
2025-10-27 08:30:00+00:00,68336.5,68078.7
2025-10-27 08:45:00+00:00,68042.7,68336.5
2025-10-27 09:00:00+00:00,67848.3,68042.7
2025-10-27 09:15:00+00:00,67725.0,67848.3
2025-10-27 09:30:00+00:00,67643.2,67725.0
2025-10-27 09:45:00+00:00,68353.0,67643.2
2025-10-27 10:00:00+00:00,68611.0,68353.0
2025-10-27 10:15:00+00:00,68128.4,68611.0
2025-10-27 10:30:00+00:00,68615.4,68128.4
2025-10-27 10:45:00+00:00,68516.7,68615.4
2025-10-27 11:00:00+00:00,68279.5,68516.7
2025-10-27 11:15:00+00:00,68199.0,68279.5
2025-10-27 11:30:00+00:00,67531.8,68199.0
2025-10-27 11:45:00+00:00,67313.4,67531.8
2025-10-27 12:00:00+00:00,67204.0,67313.4
2025-10-27 12:15:00+00:00,66587.9,67204.0
2025-10-27 12:30:00+00:00,66074.2,66587.9
2025-10-27 12:45:00+00:00,64855.2,66074.2
2025-10-27 13:00:00+00:00,64730.1,64855.2
2025-10-27 13:15:00+00:00,64645.1,64730.1
2025-10-27 13:30:00+00:00,65258.3,64645.1
2025-10-27 13:45:00+00:00,64416.3,65258.3
2025-10-27 14:00:00+00:00,64527.3,64416.3
2025-10-27 14:15:00+00:00,64613.3,64527.3
2025-10-27 14:30:00+00:00,64148.3,64613.3
2025-10-27 14:45:00+00:00,63531.3,64148.3
2025-10-27 15:00:00+00:00,63723.4,63531.3
2025-10-27 15:15:00+00:00,64010.3,63723.4
2025-10-27 15:30:00+00:00,64500.8,64010.3
2025-10-27 15:45:00+00:00,65158.5,64500.8
2025-10-27 16:00:00+00:00,66307.4,65158.5
2025-10-27 16:15:00+00:00,67331.3,66307.4
2025-10-27 16:30:00+00:00,68407.6,67331.3
2025-10-27 16:45:00+00:00,68772.3,68407.6
2025-10-27 17:00:00+00:00,68362.4,68772.3
2025-10-27 17:15:00+00:00,68120.5,68362.4
2025-10-27 17:30:00+00:00,67661.4,68120.5
2025-10-27 17:45:00+00:00,67536.2,67661.4
2025-10-27 18:00:00+00:00,67318.0,67536.2
2025-10-27 18:15:00+00:00,67093.3,67318.0
2025-10-27 18:30:00+00:00,66466.5,67093.3
2025-10-27 18:45:00+00:00,65451.1,66466.5
2025-10-27 19:00:00+00:00,64270.2,65451.1
2025-10-27 19:15:00+00:00,63694.1,64270.2
2025-10-27 19:30:00+00:00,62866.1,63694.1
2025-10-27 19:45:00+00:00,61783.8,62866.1
2025-10-27 20:00:00+00:00,61334.2,61783.8
2025-10-27 20:15:00+00:00,60506.0,61334.2
2025-10-27 20:30:00+00:00,59644.6,60506.0
2025-10-27 20:45:00+00:00,58578.1,59644.6
2025-10-27 21:00:00+00:00,57429.1,58578.1
2025-10-27 21:15:00+00:00,56738.7,57429.1
2025-10-27 21:30:00+00:00,55627.4,56738.7
2025-10-27 21:45:00+00:00,54853.6,55627.4
2025-10-27 22:00:00+00:00,53937.4,54853.6
2025-10-27 22:15:00+00:00,53150.5,53937.4
2025-10-27 22:30:00+00:00,52301.4,53150.5
2025-10-27 22:45:00+00:00,51394.8,52301.4
2025-10-27 23:00:00+00:00,50722.9,51394.8
2025-10-27 23:15:00+00:00,49042.0,50722.9
2025-10-27 23:30:00+00:00,48666.5,49042.0
2025-10-27 23:45:00+00:00,48276.6,48666.5
2025-10-28 00:00:00+00:00,47768.6,48276.6
2025-10-28 00:15:00+00:00,47592.9,47768.6
2025-10-28 00:30:00+00:00,47249.5,47592.9
2025-10-28 00:45:00+00:00,47000.2,47249.5
2025-10-28 01:00:00+00:00,46545.8,47000.2
2025-10-28 01:15:00+00:00,46161.3,46545.8
2025-10-28 01:30:00+00:00,46527.5,46161.3
2025-10-28 01:45:00+00:00,46955.1,46527.5
2025-10-28 02:00:00+00:00,47326.5,46955.1
2025-10-28 02:15:00+00:00,47917.4,47326.5
2025-10-28 02:30:00+00:00,47830.7,47917.4
2025-10-28 02:45:00+00:00,48106.7,47830.7
2025-10-28 03:00:00+00:00,48079.8,48106.7
2025-10-28 03:15:00+00:00,48650.3,48079.8
2025-10-28 03:30:00+00:00,48886.5,48650.3
2025-10-28 03:45:00+00:00,49372.7,48886.5
2025-10-28 04:00:00+00:00,50505.2,49372.7
2025-10-28 04:15:00+00:00,51135.5,50505.2
2025-10-28 04:30:00+00:00,52447.5,51135.5
2025-10-28 04:45:00+00:00,53958.7,52447.5
2025-10-28 05:00:00+00:00,56832.7,53958.7
2025-10-28 05:15:00+00:00,58775.9,56832.7
2025-10-28 05:30:00+00:00,60385.5,58775.9
2025-10-28 05:45:00+00:00,61671.8,60385.5
2025-10-28 06:00:00+00:00,63410.6,61671.8
2025-10-28 06:15:00+00:00,64416.3,63410.6
2025-10-28 06:30:00+00:00,65027.0,64416.3
2025-10-28 06:45:00+00:00,66207.9,65027.0
2025-10-28 07:00:00+00:00,66942.1,66207.9
2025-10-28 07:15:00+00:00,67892.0,66942.1
2025-10-28 07:30:00+00:00,68016.9,67892.0
2025-10-28 07:45:00+00:00,68532.5,68016.9
2025-10-28 08:00:00+00:00,67438.4,68532.5
2025-10-28 08:15:00+00:00,67454.3,67438.4
2025-10-28 08:30:00+00:00,68124.4,67454.3
2025-10-28 08:45:00+00:00,68397.3,68124.4
2025-10-28 09:00:00+00:00,68119.0,68397.3
2025-10-28 09:15:00+00:00,68693.0,68119.0
2025-10-28 09:30:00+00:00,69246.7,68693.0
2025-10-28 09:45:00+00:00,69285.1,69246.7
2025-10-28 10:00:00+00:00,69140.8,69285.1
2025-10-28 10:15:00+00:00,68889.1,69140.8
2025-10-28 10:30:00+00:00,69143.9,68889.1
2025-10-28 10:45:00+00:00,69564.0,69143.9
2025-10-28 11:00:00+00:00,69088.5,69564.0
2025-10-28 11:15:00+00:00,67884.3,69088.5
2025-10-28 11:30:00+00:00,68664.3,67884.3
2025-10-28 11:45:00+00:00,68714.1,68664.3
2025-10-28 12:00:00+00:00,68765.9,68714.1
2025-10-28 12:15:00+00:00,68419.7,68765.9
2025-10-28 12:30:00+00:00,66841.7,68419.7
2025-10-28 12:45:00+00:00,65884.7,66841.7
2025-10-28 13:00:00+00:00,65741.6,65884.7
2025-10-28 13:15:00+00:00,65400.8,65741.6
2025-10-28 13:30:00+00:00,65101.4,65400.8
2025-10-28 13:45:00+00:00,64731.0,65101.4
2025-10-28 14:00:00+00:00,64964.3,64731.0
2025-10-28 14:15:00+00:00,64413.5,64964.3
2025-10-28 14:30:00+00:00,63559.0,64413.5
2025-10-28 14:45:00+00:00,64240.8,63559.0
2025-10-28 15:00:00+00:00,63937.9,64240.8
2025-10-28 15:15:00+00:00,63986.5,63937.9
2025-10-28 15:30:00+00:00,64288.7,63986.5
2025-10-28 15:45:00+00:00,65174.9,64288.7
2025-10-28 16:00:00+00:00,66827.2,65174.9
2025-10-28 16:15:00+00:00,67668.1,66827.2
2025-10-28 16:30:00+00:00,68167.7,67668.1
2025-10-28 16:45:00+00:00,68343.8,68167.7
2025-10-28 17:00:00+00:00,68787.0,68343.8
2025-10-28 17:15:00+00:00,68296.5,68787.0
2025-10-28 17:30:00+00:00,67058.8,68296.5
2025-10-28 17:45:00+00:00,67439.8,67058.8
2025-10-28 18:00:00+00:00,65887.5,67439.8
2025-10-28 18:15:00+00:00,65600.2,65887.5
2025-10-28 18:30:00+00:00,65210.9,65600.2
2025-10-28 18:45:00+00:00,64383.5,65210.9
2025-10-28 19:00:00+00:00,63423.3,64383.5
2025-10-28 19:15:00+00:00,62562.1,63423.3
2025-10-28 19:30:00+00:00,61937.8,62562.1
2025-10-28 19:45:00+00:00,60823.8,61937.8
2025-10-28 20:00:00+00:00,60262.9,60823.8
2025-10-28 20:15:00+00:00,59017.6,60262.9
2025-10-28 20:30:00+00:00,57653.3,59017.6
2025-10-28 20:45:00+00:00,56363.8,57653.3
2025-10-28 21:00:00+00:00,55434.5,56363.8
2025-10-28 21:15:00+00:00,54742.6,55434.5
2025-10-28 21:30:00+00:00,53646.3,54742.6
2025-10-28 21:45:00+00:00,52987.2,53646.3
2025-10-28 22:00:00+00:00,51856.5,52987.2
2025-10-28 22:15:00+00:00,51112.8,51856.5
2025-10-28 22:30:00+00:00,50532.1,51112.8
2025-10-28 22:45:00+00:00,49957.2,50532.1
2025-10-28 23:00:00+00:00,49264.9,49957.2
2025-10-28 23:15:00+00:00,49061.9,49264.9
2025-10-28 23:30:00+00:00,48610.6,49061.9
2025-10-28 23:45:00+00:00,48390.2,48610.6
2025-10-29 00:00:00+00:00,47889.9,48390.2
2025-10-29 00:15:00+00:00,47699.2,47889.9
2025-10-29 00:30:00+00:00,47059.0,47699.2
2025-10-29 00:45:00+00:00,47015.2,47059.0
2025-10-29 01:00:00+00:00,46705.4,47015.2
2025-10-29 01:15:00+00:00,46464.9,46705.4
2025-10-29 01:30:00+00:00,46750.7,46464.9
2025-10-29 01:45:00+00:00,46945.9,46750.7
2025-10-29 02:00:00+00:00,47276.8,46945.9
2025-10-29 02:15:00+00:00,47210.4,47276.8
2025-10-29 02:30:00+00:00,47152.4,47210.4
2025-10-29 02:45:00+00:00,47496.9,47152.4
2025-10-29 03:00:00+00:00,47634.5,47496.9
2025-10-29 03:15:00+00:00,47957.7,47634.5
2025-10-29 03:30:00+00:00,48625.3,47957.7
2025-10-29 03:45:00+00:00,48986.8,48625.3
2025-10-29 04:00:00+00:00,50512.5,48986.8
2025-10-29 04:15:00+00:00,51405.8,50512.5
2025-10-29 04:30:00+00:00,52449.9,51405.8
2025-10-29 04:45:00+00:00,54110.7,52449.9
2025-10-29 05:00:00+00:00,57389.7,54110.7
2025-10-29 05:15:00+00:00,59728.4,57389.7
2025-10-29 05:30:00+00:00,61550.5,59728.4
2025-10-29 05:45:00+00:00,62710.9,61550.5
2025-10-29 06:00:00+00:00,64072.6,62710.9
2025-10-29 06:15:00+00:00,64764.5,64072.6
2025-10-29 06:30:00+00:00,65209.9,64764.5
2025-10-29 06:45:00+00:00,65768.8,65209.9
2025-10-29 07:00:00+00:00,66795.5,65768.8
2025-10-29 07:15:00+00:00,67270.0,66795.5
2025-10-29 07:30:00+00:00,67245.8,67270.0
2025-10-29 07:45:00+00:00,67260.3,67245.8
2025-10-29 08:00:00+00:00,66581.1,67260.3
2025-10-29 08:15:00+00:00,66670.0,66581.1
2025-10-29 08:30:00+00:00,66787.0,66670.0
2025-10-29 08:45:00+00:00,67060.4,66787.0
2025-10-29 09:00:00+00:00,66927.5,67060.4
2025-10-29 09:15:00+00:00,66465.8,66927.5
2025-10-29 09:30:00+00:00,66292.1,66465.8
2025-10-29 09:45:00+00:00,66175.2,66292.1
2025-10-29 10:00:00+00:00,65657.3,66175.2
2025-10-29 10:15:00+00:00,65631.5,65657.3
2025-10-29 10:30:00+00:00,65612.3,65631.5
2025-10-29 10:45:00+00:00,65419.0,65612.3
2025-10-29 11:00:00+00:00,64683.9,65419.0
2025-10-29 11:15:00+00:00,64254.0,64683.9
2025-10-29 11:30:00+00:00,64039.3,64254.0
2025-10-29 11:45:00+00:00,63751.9,64039.3
2025-10-29 12:00:00+00:00,64104.4,63751.9
2025-10-29 12:15:00+00:00,63539.3,64104.4
2025-10-29 12:30:00+00:00,63084.2,63539.3
2025-10-29 12:45:00+00:00,62413.7,63084.2
2025-10-29 13:00:00+00:00,62554.9,62413.7
2025-10-29 13:15:00+00:00,62344.7,62554.9
2025-10-29 13:30:00+00:00,61854.6,62344.7
2025-10-29 13:45:00+00:00,61905.1,61854.6
2025-10-29 14:00:00+00:00,62437.9,61905.1
2025-10-29 14:15:00+00:00,62356.9,62437.9
2025-10-29 14:30:00+00:00,62056.3,62356.9
2025-10-29 14:45:00+00:00,62064.9,62056.3
2025-10-29 15:00:00+00:00,62587.9,62064.9
2025-10-29 15:15:00+00:00,62975.4,62587.9
2025-10-29 15:30:00+00:00,63295.2,62975.4
2025-10-29 15:45:00+00:00,63791.7,63295.2
2025-10-29 16:00:00+00:00,64999.3,63791.7
2025-10-29 16:15:00+00:00,65921.3,64999.3
2025-10-29 16:30:00+00:00,66569.0,65921.3
2025-10-29 16:45:00+00:00,66653.2,66569.0
2025-10-29 17:00:00+00:00,66717.1,66653.2
2025-10-29 17:15:00+00:00,66349.7,66717.1
2025-10-29 17:30:00+00:00,66130.9,66349.7
2025-10-29 17:45:00+00:00,66116.4,66130.9
2025-10-29 18:00:00+00:00,65669.0,66116.4
2025-10-29 18:15:00+00:00,65203.2,65669.0
2025-10-29 18:30:00+00:00,64758.7,65203.2
2025-10-29 18:45:00+00:00,64360.2,64758.7
2025-10-29 19:00:00+00:00,62733.5,64360.2
2025-10-29 19:15:00+00:00,62472.9,62733.5
2025-10-29 19:30:00+00:00,61143.6,62472.9
2025-10-29 19:45:00+00:00,60144.8,61143.6
2025-10-29 20:00:00+00:00,59074.9,60144.8
2025-10-29 20:15:00+00:00,58241.3,59074.9
2025-10-29 20:30:00+00:00,57390.9,58241.3
2025-10-29 20:45:00+00:00,56335.7,57390.9
2025-10-29 21:00:00+00:00,55057.7,56335.7
2025-10-29 21:15:00+00:00,54464.2,55057.7
2025-10-29 21:30:00+00:00,53477.4,54464.2
2025-10-29 21:45:00+00:00,52485.2,53477.4
2025-10-29 22:00:00+00:00,50902.8,52485.2
2025-10-29 22:15:00+00:00,49658.8,50902.8
2025-10-29 22:30:00+00:00,48801.6,49658.8
2025-10-29 22:45:00+00:00,48301.3,48801.6
2025-10-29 23:00:00+00:00,47477.3,48301.3
2025-10-29 23:15:00+00:00,46756.6,47477.3
2025-10-29 23:30:00+00:00,46350.9,46756.6
2025-10-29 23:45:00+00:00,45808.5,46350.9
2025-10-30 00:00:00+00:00,44975.1,45808.5
2025-10-30 00:15:00+00:00,44650.0,44975.1
2025-10-30 00:30:00+00:00,44309.0,44650.0
2025-10-30 00:45:00+00:00,44293.0,44309.0
2025-10-30 01:00:00+00:00,43992.0,44293.0
2025-10-30 01:15:00+00:00,43645.7,43992.0
2025-10-30 01:30:00+00:00,43661.2,43645.7
2025-10-30 01:45:00+00:00,44023.9,43661.2
2025-10-30 02:00:00+00:00,44480.7,44023.9
2025-10-30 02:15:00+00:00,44562.0,44480.7
2025-10-30 02:30:00+00:00,44600.7,44562.0
2025-10-30 02:45:00+00:00,44908.7,44600.7
2025-10-30 03:00:00+00:00,45015.2,44908.7
2025-10-30 03:15:00+00:00,45203.7,45015.2
2025-10-30 03:30:00+00:00,45787.3,45203.7
2025-10-30 03:45:00+00:00,46574.9,45787.3
2025-10-30 04:00:00+00:00,48026.5,46574.9
2025-10-30 04:15:00+00:00,48895.0,48026.5
2025-10-30 04:30:00+00:00,50218.5,48895.0
2025-10-30 04:45:00+00:00,51882.1,50218.5
2025-10-30 05:00:00+00:00,54741.2,51882.1
2025-10-30 05:15:00+00:00,57339.2,54741.2
2025-10-30 05:30:00+00:00,59152.4,57339.2
2025-10-30 05:45:00+00:00,60656.0,59152.4
2025-10-30 06:00:00+00:00,62274.5,60656.0
2025-10-30 06:15:00+00:00,63478.3,62274.5
2025-10-30 06:30:00+00:00,64432.4,63478.3
2025-10-30 06:45:00+00:00,64993.2,64432.4
2025-10-30 07:00:00+00:00,65838.0,64993.2
2025-10-30 07:15:00+00:00,66060.4,65838.0
2025-10-30 07:30:00+00:00,65820.5,66060.4
2025-10-30 07:45:00+00:00,65852.6,65820.5
2025-10-30 08:00:00+00:00,65101.9,65852.6
2025-10-30 08:15:00+00:00,65839.8,65101.9
2025-10-30 08:30:00+00:00,65318.9,65839.8
2025-10-30 08:45:00+00:00,65645.7,65318.9
2025-10-30 09:00:00+00:00,64338.3,65645.7
2025-10-30 09:15:00+00:00,64244.5,64338.3
2025-10-30 09:30:00+00:00,64515.3,64244.5
2025-10-30 09:45:00+00:00,64689.2,64515.3
2025-10-30 10:00:00+00:00,64942.2,64689.2
2025-10-30 10:15:00+00:00,65090.5,64942.2
2025-10-30 10:30:00+00:00,64933.8,65090.5
2025-10-30 10:45:00+00:00,64869.9,64933.8
2025-10-30 11:00:00+00:00,64348.2,64869.9
2025-10-30 11:15:00+00:00,64133.0,64348.2
2025-10-30 11:30:00+00:00,64041.0,64133.0
2025-10-30 11:45:00+00:00,63563.1,64041.0
2025-10-30 12:00:00+00:00,62971.8,63563.1
2025-10-30 12:15:00+00:00,62304.1,62971.8
2025-10-30 12:30:00+00:00,61900.5,62304.1
2025-10-30 12:45:00+00:00,61190.2,61900.5
2025-10-30 13:00:00+00:00,61463.4,61190.2
2025-10-30 13:15:00+00:00,61479.4,61463.4
2025-10-30 13:30:00+00:00,61055.0,61479.4
2025-10-30 13:45:00+00:00,61246.8,61055.0
2025-10-30 14:00:00+00:00,62165.5,61246.8
2025-10-30 14:15:00+00:00,62106.2,62165.5
2025-10-30 14:30:00+00:00,62509.4,62106.2
2025-10-30 14:45:00+00:00,62581.8,62509.4
2025-10-30 15:00:00+00:00,63379.9,62581.8
2025-10-30 15:15:00+00:00,63406.5,63379.9
2025-10-30 15:30:00+00:00,64093.5,63406.5
2025-10-30 15:45:00+00:00,64478.4,64093.5
2025-10-30 16:00:00+00:00,66171.6,64478.4
2025-10-30 16:15:00+00:00,67401.2,66171.6
2025-10-30 16:30:00+00:00,68078.8,67401.2
2025-10-30 16:45:00+00:00,68542.1,68078.8
2025-10-30 17:00:00+00:00,68062.3,68542.1
2025-10-30 17:15:00+00:00,67830.9,68062.3
2025-10-30 17:30:00+00:00,67439.6,67830.9
2025-10-30 17:45:00+00:00,67050.0,67439.6
2025-10-30 18:00:00+00:00,66194.9,67050.0
2025-10-30 18:15:00+00:00,65595.7,66194.9
2025-10-30 18:30:00+00:00,65191.6,65595.7
2025-10-30 18:45:00+00:00,64624.7,65191.6
2025-10-30 19:00:00+00:00,63479.4,64624.7
2025-10-30 19:15:00+00:00,62713.2,63479.4
2025-10-30 19:30:00+00:00,61671.7,62713.2
2025-10-30 19:45:00+00:00,60937.0,61671.7
2025-10-30 20:00:00+00:00,60222.5,60937.0
2025-10-30 20:15:00+00:00,59468.9,60222.5
2025-10-30 20:30:00+00:00,58169.7,59468.9
2025-10-30 20:45:00+00:00,57326.3,58169.7
2025-10-30 21:00:00+00:00,56140.2,57326.3
2025-10-30 21:15:00+00:00,55621.6,56140.2
2025-10-30 21:30:00+00:00,54607.3,55621.6
2025-10-30 21:45:00+00:00,53508.8,54607.3
2025-10-30 22:00:00+00:00,52111.6,53508.8
2025-10-30 22:15:00+00:00,50929.8,52111.6
2025-10-30 22:30:00+00:00,50068.2,50929.8
2025-10-30 22:45:00+00:00,49250.4,50068.2
2025-10-30 23:00:00+00:00,48557.3,49250.4
2025-10-30 23:15:00+00:00,47615.8,48557.3
2025-10-30 23:30:00+00:00,47129.9,47615.8
2025-10-30 23:45:00+00:00,46795.4,47129.9
2025-10-31 00:00:00+00:00,46611.2,46795.4
2025-10-31 00:15:00+00:00,45589.5,46611.2
2025-10-31 00:30:00+00:00,45473.8,45589.5
2025-10-31 00:45:00+00:00,45076.2,45473.8
2025-10-31 01:00:00+00:00,44462.0,45076.2
2025-10-31 01:15:00+00:00,44341.8,44462.0
2025-10-31 01:30:00+00:00,44386.0,44341.8
2025-10-31 01:45:00+00:00,44267.0,44386.0
2025-10-31 02:00:00+00:00,44084.4,44267.0
2025-10-31 02:15:00+00:00,44298.3,44084.4
2025-10-31 02:30:00+00:00,44281.2,44298.3
2025-10-31 02:45:00+00:00,44551.2,44281.2
2025-10-31 03:00:00+00:00,44781.5,44551.2
2025-10-31 03:15:00+00:00,45173.7,44781.5
2025-10-31 03:30:00+00:00,45674.0,45173.7
2025-10-31 03:45:00+00:00,46021.8,45674.0
2025-10-31 04:00:00+00:00,47307.3,46021.8
2025-10-31 04:15:00+00:00,47688.9,47307.3
2025-10-31 04:30:00+00:00,48592.6,47688.9
2025-10-31 04:45:00+00:00,49687.8,48592.6
2025-10-31 05:00:00+00:00,51011.1,49687.8
2025-10-31 05:15:00+00:00,52332.1,51011.1
2025-10-31 05:30:00+00:00,53495.6,52332.1
2025-10-31 05:45:00+00:00,54610.7,53495.6
2025-10-31 06:00:00+00:00,55924.8,54610.7
2025-10-31 06:15:00+00:00,57048.5,55924.8
2025-10-31 06:30:00+00:00,57628.7,57048.5
2025-10-31 06:45:00+00:00,58173.3,57628.7
2025-10-31 07:00:00+00:00,58978.7,58173.3
2025-10-31 07:15:00+00:00,59172.2,58978.7
2025-10-31 07:30:00+00:00,59496.3,59172.2
2025-10-31 07:45:00+00:00,59900.7,59496.3
2025-10-31 08:00:00+00:00,59588.5,59900.7
2025-10-31 08:15:00+00:00,59838.3,59588.5
2025-10-31 08:30:00+00:00,60268.5,59838.3
2025-10-31 08:45:00+00:00,60124.9,60268.5
2025-10-31 09:00:00+00:00,60148.7,60124.9
2025-10-31 09:15:00+00:00,59647.6,60148.7
2025-10-31 09:30:00+00:00,59833.3,59647.6
2025-10-31 09:45:00+00:00,59953.4,59833.3
2025-10-31 10:00:00+00:00,59736.7,59953.4
2025-10-31 10:15:00+00:00,60456.4,59736.7
2025-10-31 10:30:00+00:00,60240.9,60456.4
2025-10-31 10:45:00+00:00,59819.6,60240.9
2025-10-31 11:00:00+00:00,59804.8,59819.6
2025-10-31 11:15:00+00:00,59149.2,59804.8
2025-10-31 11:30:00+00:00,58721.6,59149.2
2025-10-31 11:45:00+00:00,58668.7,58721.6
2025-10-31 12:00:00+00:00,58890.0,58668.7
2025-10-31 12:15:00+00:00,58072.1,58890.0
2025-10-31 12:30:00+00:00,57540.5,58072.1
2025-10-31 12:45:00+00:00,57135.5,57540.5
2025-10-31 13:00:00+00:00,57123.1,57135.5
2025-10-31 13:15:00+00:00,56748.1,57123.1
2025-10-31 13:30:00+00:00,56384.9,56748.1
2025-10-31 13:45:00+00:00,56252.8,56384.9
2025-10-31 14:00:00+00:00,56453.3,56252.8
2025-10-31 14:15:00+00:00,56320.0,56453.3
2025-10-31 14:30:00+00:00,56568.5,56320.0
2025-10-31 14:45:00+00:00,56411.1,56568.5
2025-10-31 15:00:00+00:00,57070.4,56411.1
2025-10-31 15:15:00+00:00,57127.1,57070.4
2025-10-31 15:30:00+00:00,57803.7,57127.1
2025-10-31 15:45:00+00:00,58442.0,57803.7
2025-10-31 16:00:00+00:00,59413.6,58442.0
2025-10-31 16:15:00+00:00,60126.4,59413.6
2025-10-31 16:30:00+00:00,60740.4,60126.4
2025-10-31 16:45:00+00:00,60703.3,60740.4
2025-10-31 17:00:00+00:00,60270.5,60703.3
2025-10-31 17:15:00+00:00,59961.7,60270.5
2025-10-31 17:30:00+00:00,59625.6,59961.7
2025-10-31 17:45:00+00:00,59334.5,59625.6
2025-10-31 18:00:00+00:00,58573.7,59334.5
2025-10-31 18:15:00+00:00,58127.1,58573.7
2025-10-31 18:30:00+00:00,57644.3,58127.1
2025-10-31 18:45:00+00:00,56803.3,57644.3
2025-10-31 19:00:00+00:00,55802.8,56803.3
2025-10-31 19:15:00+00:00,55675.5,55802.8
2025-10-31 19:30:00+00:00,54991.1,55675.5
2025-10-31 19:45:00+00:00,54282.5,54991.1
2025-10-31 20:00:00+00:00,53740.4,54282.5
2025-10-31 20:15:00+00:00,53500.8,53740.4
2025-10-31 20:30:00+00:00,52981.2,53500.8
2025-10-31 20:45:00+00:00,51758.7,52981.2
2025-10-31 21:00:00+00:00,50982.1,51758.7
2025-10-31 21:15:00+00:00,50547.1,50982.1
2025-10-31 21:30:00+00:00,49697.6,50547.1
2025-10-31 21:45:00+00:00,48599.4,49697.6
2025-10-31 22:00:00+00:00,47473.8,48599.4
2025-10-31 22:15:00+00:00,46528.5,47473.8
2025-10-31 22:30:00+00:00,46005.8,46528.5
2025-10-31 22:45:00+00:00,45319.7,46005.8
2025-10-31 23:00:00+00:00,44489.7,45319.7
2025-10-31 23:15:00+00:00,44323.2,44489.7
2025-10-31 23:30:00+00:00,43597.2,44323.2
2025-10-31 23:45:00+00:00,43280.6,43597.2
2025-11-01 00:00:00+00:00,42333.0,43280.6
2025-11-01 00:15:00+00:00,42198.9,42333.0
2025-11-01 00:30:00+00:00,41592.1,42198.9
2025-11-01 00:45:00+00:00,41644.5,41592.1
2025-11-01 01:00:00+00:00,41615.2,41644.5
2025-11-01 01:15:00+00:00,41348.2,41615.2
2025-11-01 01:30:00+00:00,41230.3,41348.2
2025-11-01 01:45:00+00:00,41077.6,41230.3
2025-11-01 02:00:00+00:00,40500.6,41077.6
2025-11-01 02:15:00+00:00,40499.9,40500.6
2025-11-01 02:30:00+00:00,40661.9,40499.9
2025-11-01 02:45:00+00:00,40748.0,40661.9
2025-11-01 03:00:00+00:00,40895.6,40748.0
2025-11-01 03:15:00+00:00,38388.4,40895.6
2025-11-01 03:30:00+00:00,39031.8,38388.4
2025-11-01 03:45:00+00:00,39155.2,39031.8
2025-11-01 04:00:00+00:00,39436.3,39155.2
2025-11-01 04:15:00+00:00,38934.9,39436.3
2025-11-01 04:30:00+00:00,39256.4,38934.9
2025-11-01 04:45:00+00:00,41156.2,39256.4
2025-11-01 05:00:00+00:00,41791.0,41156.2
2025-11-01 05:15:00+00:00,42025.9,41791.0
2025-11-01 05:30:00+00:00,42598.0,42025.9
2025-11-01 05:45:00+00:00,43155.9,42598.0
2025-11-01 06:00:00+00:00,43264.1,43155.9
2025-11-01 06:15:00+00:00,43502.9,43264.1
2025-11-01 06:30:00+00:00,44164.7,43502.9
2025-11-01 06:45:00+00:00,44842.4,44164.7
2025-11-01 07:00:00+00:00,45613.5,44842.4
2025-11-01 07:15:00+00:00,46236.7,45613.5
2025-11-01 07:30:00+00:00,47111.4,46236.7
2025-11-01 07:45:00+00:00,47939.1,47111.4
2025-11-01 08:00:00+00:00,48681.3,47939.1
2025-11-01 08:15:00+00:00,49043.7,48681.3
2025-11-01 08:30:00+00:00,49486.2,49043.7
2025-11-01 08:45:00+00:00,50006.5,49486.2
2025-11-01 09:00:00+00:00,50245.3,50006.5
2025-11-01 09:15:00+00:00,49879.5,50245.3
2025-11-01 09:30:00+00:00,49797.3,49879.5
2025-11-01 09:45:00+00:00,49923.2,49797.3
2025-11-01 10:00:00+00:00,51209.2,49923.2
2025-11-01 10:15:00+00:00,51643.5,51209.2
2025-11-01 10:30:00+00:00,52411.1,51643.5
2025-11-01 10:45:00+00:00,52376.8,52411.1
2025-11-01 11:00:00+00:00,52356.7,52376.8
2025-11-01 11:15:00+00:00,52678.6,52356.7
2025-11-01 11:30:00+00:00,52599.7,52678.6
2025-11-01 11:45:00+00:00,52134.0,52599.7
2025-11-01 12:00:00+00:00,51408.8,52134.0
2025-11-01 12:15:00+00:00,50995.4,51408.8
2025-11-01 12:30:00+00:00,50741.5,50995.4
2025-11-01 12:45:00+00:00,50784.3,50741.5
2025-11-01 13:00:00+00:00,51047.1,50784.3
2025-11-01 13:15:00+00:00,50997.0,51047.1
2025-11-01 13:30:00+00:00,51338.7,50997.0
2025-11-01 13:45:00+00:00,52023.3,51338.7
2025-11-01 14:00:00+00:00,52640.3,52023.3
2025-11-01 14:15:00+00:00,52802.2,52640.3
2025-11-01 14:30:00+00:00,52977.8,52802.2
2025-11-01 14:45:00+00:00,53671.1,52977.8
2025-11-01 15:00:00+00:00,54456.1,53671.1
2025-11-01 15:15:00+00:00,54151.6,54456.1
2025-11-01 15:30:00+00:00,54654.9,54151.6
2025-11-01 15:45:00+00:00,54871.8,54654.9
2025-11-01 16:00:00+00:00,55171.4,54871.8
2025-11-01 16:15:00+00:00,56518.8,55171.4
2025-11-01 16:30:00+00:00,56971.3,56518.8
2025-11-01 16:45:00+00:00,57156.2,56971.3
2025-11-01 17:00:00+00:00,56971.4,57156.2
2025-11-01 17:15:00+00:00,57138.6,56971.4
2025-11-01 17:30:00+00:00,56679.2,57138.6
2025-11-01 17:45:00+00:00,56170.8,56679.2
2025-11-01 18:00:00+00:00,55664.2,56170.8
2025-11-01 18:15:00+00:00,54926.9,55664.2
2025-11-01 18:30:00+00:00,54765.1,54926.9
2025-11-01 18:45:00+00:00,54204.1,54765.1
2025-11-01 19:00:00+00:00,53363.0,54204.1
2025-11-01 19:15:00+00:00,52463.9,53363.0
2025-11-01 19:30:00+00:00,51849.1,52463.9
2025-11-01 19:45:00+00:00,51308.9,51849.1
2025-11-01 20:00:00+00:00,50751.2,51308.9
2025-11-01 20:15:00+00:00,50033.5,50751.2
2025-11-01 20:30:00+00:00,49247.5,50033.5
2025-11-01 20:45:00+00:00,49030.6,49247.5
2025-11-01 21:00:00+00:00,48635.3,49030.6
2025-11-01 21:15:00+00:00,48090.3,48635.3
2025-11-01 21:30:00+00:00,47020.6,48090.3
2025-11-01 21:45:00+00:00,45937.3,47020.6
2025-11-01 22:00:00+00:00,44883.7,45937.3
2025-11-01 22:15:00+00:00,43939.8,44883.7
2025-11-01 22:30:00+00:00,43111.2,43939.8
2025-11-01 22:45:00+00:00,42457.5,43111.2
2025-11-01 23:00:00+00:00,41691.6,42457.5
2025-11-01 23:15:00+00:00,40881.3,41691.6
2025-11-01 23:30:00+00:00,40269.0,40881.3
2025-11-01 23:45:00+00:00,39792.0,40269.0
2025-11-02 00:00:00+00:00,39350.3,39792.0
2025-11-02 00:15:00+00:00,38797.9,39350.3
2025-11-02 00:30:00+00:00,38354.1,38797.9
2025-11-02 00:45:00+00:00,38244.8,38354.1
2025-11-02 01:00:00+00:00,38137.1,38244.8
2025-11-02 01:15:00+00:00,37857.5,38137.1
2025-11-02 01:30:00+00:00,37636.3,37857.5
2025-11-02 01:45:00+00:00,37561.5,37636.3
2025-11-02 02:00:00+00:00,37652.0,37561.5
2025-11-02 02:15:00+00:00,37665.7,37652.0
2025-11-02 02:30:00+00:00,37299.7,37665.7
2025-11-02 02:45:00+00:00,37475.2,37299.7
2025-11-02 03:00:00+00:00,37627.0,37475.2
2025-11-02 03:15:00+00:00,37581.3,37627.0
2025-11-02 03:30:00+00:00,38051.1,37581.3
2025-11-02 03:45:00+00:00,38306.4,38051.1
2025-11-02 04:00:00+00:00,38514.0,38306.4
2025-11-02 04:15:00+00:00,38323.6,38514.0
2025-11-02 04:30:00+00:00,38511.4,38323.6
2025-11-02 04:45:00+00:00,38809.4,38511.4
2025-11-02 05:00:00+00:00,39797.6,38809.4
2025-11-02 05:15:00+00:00,39732.6,39797.6
2025-11-02 05:30:00+00:00,39648.4,39732.6
2025-11-02 05:45:00+00:00,39926.2,39648.4
2025-11-02 06:00:00+00:00,40693.8,39926.2
2025-11-02 06:15:00+00:00,41013.2,40693.8
2025-11-02 06:30:00+00:00,41627.3,41013.2
2025-11-02 06:45:00+00:00,42499.1,41627.3
2025-11-02 07:00:00+00:00,43236.5,42499.1
2025-11-02 07:15:00+00:00,44329.3,43236.5
2025-11-02 07:30:00+00:00,45454.9,44329.3
2025-11-02 07:45:00+00:00,46245.8,45454.9
2025-11-02 08:00:00+00:00,47114.9,46245.8
2025-11-02 08:15:00+00:00,47650.1,47114.9
2025-11-02 08:30:00+00:00,48402.1,47650.1
2025-11-02 08:45:00+00:00,49089.4,48402.1
2025-11-02 09:00:00+00:00,49576.7,49089.4
2025-11-02 09:15:00+00:00,50128.7,49576.7
2025-11-02 09:30:00+00:00,50170.8,50128.7
2025-11-02 09:45:00+00:00,50742.1,50170.8
2025-11-02 10:00:00+00:00,51096.2,50742.1
2025-11-02 10:15:00+00:00,51627.9,51096.2
2025-11-02 10:30:00+00:00,51956.1,51627.9
2025-11-02 10:45:00+00:00,51765.2,51956.1
2025-11-02 11:00:00+00:00,51982.5,51765.2
2025-11-02 11:15:00+00:00,51821.6,51982.5
2025-11-02 11:30:00+00:00,51573.4,51821.6
2025-11-02 11:45:00+00:00,51202.4,51573.4
2025-11-02 12:00:00+00:00,50644.9,51202.4
2025-11-02 12:15:00+00:00,50395.8,50644.9
2025-11-02 12:30:00+00:00,50104.2,50395.8
2025-11-02 12:45:00+00:00,49495.7,50104.2
2025-11-02 13:00:00+00:00,49634.2,49495.7
2025-11-02 13:15:00+00:00,49404.0,49634.2
2025-11-02 13:30:00+00:00,49644.3,49404.0
2025-11-02 13:45:00+00:00,49403.9,49644.3
2025-11-02 14:00:00+00:00,49896.2,49403.9
2025-11-02 14:15:00+00:00,49643.1,49896.2
2025-11-02 14:30:00+00:00,49511.6,49643.1
2025-11-02 14:45:00+00:00,49400.0,49511.6
2025-11-02 15:00:00+00:00,49668.8,49400.0
2025-11-02 15:15:00+00:00,49995.2,49668.8
2025-11-02 15:30:00+00:00,50655.0,49995.2
2025-11-02 15:45:00+00:00,51438.3,50655.0
2025-11-02 16:00:00+00:00,52964.7,51438.3
2025-11-02 16:15:00+00:00,54346.1,52964.7
2025-11-02 16:30:00+00:00,55011.7,54346.1
2025-11-02 16:45:00+00:00,55365.7,55011.7
2025-11-02 17:00:00+00:00,55300.1,55365.7
2025-11-02 17:15:00+00:00,55527.9,55300.1
2025-11-02 17:30:00+00:00,55392.5,55527.9
2025-11-02 17:45:00+00:00,54902.1,55392.5
2025-11-02 18:00:00+00:00,54564.4,54902.1
2025-11-02 18:15:00+00:00,53686.4,54564.4
2025-11-02 18:30:00+00:00,52857.3,53686.4
2025-11-02 18:45:00+00:00,52418.0,52857.3
2025-11-02 19:00:00+00:00,51963.1,52418.0
2025-11-02 19:15:00+00:00,51438.8,51963.1
2025-11-02 19:30:00+00:00,50759.0,51438.8
2025-11-02 19:45:00+00:00,50310.9,50759.0
2025-11-02 20:00:00+00:00,49481.1,50310.9
2025-11-02 20:15:00+00:00,49113.6,49481.1
2025-11-02 20:30:00+00:00,48453.1,49113.6
2025-11-02 20:45:00+00:00,47961.7,48453.1
2025-11-02 21:00:00+00:00,47384.2,47961.7
2025-11-02 21:15:00+00:00,46977.8,47384.2
2025-11-02 21:30:00+00:00,46175.3,46977.8
2025-11-02 21:45:00+00:00,45634.5,46175.3
2025-11-02 22:00:00+00:00,44609.2,45634.5
2025-11-02 22:15:00+00:00,43675.3,44609.2
2025-11-02 22:30:00+00:00,43008.0,43675.3
2025-11-02 22:45:00+00:00,42985.7,43008.0
2025-11-02 23:00:00+00:00,41912.7,42985.7
2025-11-02 23:15:00+00:00,41671.2,41912.7
2025-11-02 23:30:00+00:00,41170.6,41671.2
2025-11-02 23:45:00+00:00,40916.5,41170.6
2025-11-03 00:00:00+00:00,40612.8,40916.5
2025-11-03 00:15:00+00:00,40348.9,40612.8
2025-11-03 00:30:00+00:00,40930.6,40348.9
2025-11-03 00:45:00+00:00,40688.8,40930.6
2025-11-03 01:00:00+00:00,40425.1,40688.8
2025-11-03 01:15:00+00:00,40201.2,40425.1
2025-11-03 01:30:00+00:00,40502.6,40201.2
2025-11-03 01:45:00+00:00,40649.1,40502.6
2025-11-03 02:00:00+00:00,40645.8,40649.1
2025-11-03 02:15:00+00:00,40704.3,40645.8
2025-11-03 02:30:00+00:00,41061.3,40704.3
2025-11-03 02:45:00+00:00,41246.2,41061.3
2025-11-03 03:00:00+00:00,41957.3,41246.2
2025-11-03 03:15:00+00:00,42260.7,41957.3
2025-11-03 03:30:00+00:00,42676.7,42260.7
2025-11-03 03:45:00+00:00,43478.5,42676.7
2025-11-03 04:00:00+00:00,45261.1,43478.5
2025-11-03 04:15:00+00:00,45787.4,45261.1
2025-11-03 04:30:00+00:00,47537.3,45787.4
2025-11-03 04:45:00+00:00,49158.9,47537.3
2025-11-03 05:00:00+00:00,53052.3,49158.9
2025-11-03 05:15:00+00:00,54956.6,53052.3
2025-11-03 05:30:00+00:00,57020.0,54956.6
2025-11-03 05:45:00+00:00,58459.9,57020.0
2025-11-03 06:00:00+00:00,60078.0,58459.9
2025-11-03 06:15:00+00:00,60906.0,60078.0
2025-11-03 06:30:00+00:00,61647.5,60906.0
2025-11-03 06:45:00+00:00,62251.4,61647.5
2025-11-03 07:00:00+00:00,63161.0,62251.4
2025-11-03 07:15:00+00:00,63988.3,63161.0
2025-11-03 07:30:00+00:00,64777.1,63988.3
2025-11-03 07:45:00+00:00,64928.2,64777.1
2025-11-03 08:00:00+00:00,64315.5,64928.2
2025-11-03 08:15:00+00:00,64612.3,64315.5
2025-11-03 08:30:00+00:00,65210.9,64612.3
2025-11-03 08:45:00+00:00,64817.5,65210.9
2025-11-03 09:00:00+00:00,64123.8,64817.5
2025-11-03 09:15:00+00:00,64595.1,64123.8
2025-11-03 09:30:00+00:00,64978.4,64595.1
2025-11-03 09:45:00+00:00,65547.1,64978.4
2025-11-03 10:00:00+00:00,65123.7,65547.1
2025-11-03 10:15:00+00:00,64957.2,65123.7
2025-11-03 10:30:00+00:00,64930.6,64957.2
2025-11-03 10:45:00+00:00,64714.4,64930.6
2025-11-03 11:00:00+00:00,64549.6,64714.4
2025-11-03 11:15:00+00:00,64460.5,64549.6
2025-11-03 11:30:00+00:00,64456.7,64460.5
2025-11-03 11:45:00+00:00,64411.0,64456.7
2025-11-03 12:00:00+00:00,64842.8,64411.0
2025-11-03 12:15:00+00:00,64293.2,64842.8
2025-11-03 12:30:00+00:00,63794.8,64293.2
2025-11-03 12:45:00+00:00,63281.2,63794.8
2025-11-03 13:00:00+00:00,63135.3,63281.2
2025-11-03 13:15:00+00:00,63335.5,63135.3
2025-11-03 13:30:00+00:00,62974.2,63335.5
2025-11-03 13:45:00+00:00,63028.3,62974.2
2025-11-03 14:00:00+00:00,63052.3,63028.3
2025-11-03 14:15:00+00:00,62727.5,63052.3
2025-11-03 14:30:00+00:00,62530.5,62727.5
2025-11-03 14:45:00+00:00,62786.5,62530.5
2025-11-03 15:00:00+00:00,63284.8,62786.5
2025-11-03 15:15:00+00:00,63708.3,63284.8
2025-11-03 15:30:00+00:00,63945.5,63708.3
2025-11-03 15:45:00+00:00,64697.4,63945.5
2025-11-03 16:00:00+00:00,66034.6,64697.4
2025-11-03 16:15:00+00:00,67055.7,66034.6
2025-11-03 16:30:00+00:00,67921.1,67055.7
2025-11-03 16:45:00+00:00,68415.5,67921.1
2025-11-03 17:00:00+00:00,67997.7,68415.5
2025-11-03 17:15:00+00:00,68036.0,67997.7
2025-11-03 17:30:00+00:00,67970.4,68036.0
2025-11-03 17:45:00+00:00,68041.0,67970.4
2025-11-03 18:00:00+00:00,68058.2,68041.0
2025-11-03 18:15:00+00:00,67237.7,68058.2
2025-11-03 18:30:00+00:00,66903.0,67237.7
2025-11-03 18:45:00+00:00,66339.2,66903.0
2025-11-03 19:00:00+00:00,65138.1,66339.2
2025-11-03 19:15:00+00:00,64231.8,65138.1
2025-11-03 19:30:00+00:00,63140.1,64231.8
2025-11-03 19:45:00+00:00,62211.9,63140.1
2025-11-03 20:00:00+00:00,61304.5,62211.9
2025-11-03 20:15:00+00:00,60529.3,61304.5
2025-11-03 20:30:00+00:00,59518.7,60529.3
2025-11-03 20:45:00+00:00,58434.5,59518.7
2025-11-03 21:00:00+00:00,57432.1,58434.5
2025-11-03 21:15:00+00:00,56602.8,57432.1
2025-11-03 21:30:00+00:00,55706.5,56602.8
2025-11-03 21:45:00+00:00,54842.3,55706.5
2025-11-03 22:00:00+00:00,54176.5,54842.3
2025-11-03 22:15:00+00:00,53078.7,54176.5
2025-11-03 22:30:00+00:00,52328.7,53078.7
2025-11-03 22:45:00+00:00,51648.3,52328.7
2025-11-03 23:00:00+00:00,49759.9,51648.3
2025-11-03 23:15:00+00:00,48967.7,49759.9
2025-11-03 23:30:00+00:00,48172.6,48967.7
2025-11-03 23:45:00+00:00,47771.8,48172.6
2025-11-04 00:00:00+00:00,47354.6,47771.8
2025-11-04 00:15:00+00:00,47117.6,47354.6
2025-11-04 00:30:00+00:00,46684.6,47117.6
2025-11-04 00:45:00+00:00,46735.8,46684.6
2025-11-04 01:00:00+00:00,46499.8,46735.8
2025-11-04 01:15:00+00:00,46222.7,46499.8
2025-11-04 01:30:00+00:00,46072.1,46222.7
2025-11-04 01:45:00+00:00,46396.8,46072.1
2025-11-04 02:00:00+00:00,46405.1,46396.8
2025-11-04 02:15:00+00:00,46370.6,46405.1
2025-11-04 02:30:00+00:00,46734.7,46370.6
2025-11-04 02:45:00+00:00,46869.0,46734.7
2025-11-04 03:00:00+00:00,47412.7,46869.0
2025-11-04 03:15:00+00:00,47886.1,47412.7
2025-11-04 03:30:00+00:00,48276.3,47886.1
2025-11-04 03:45:00+00:00,48726.4,48276.3
2025-11-04 04:00:00+00:00,50240.0,48726.4
2025-11-04 04:15:00+00:00,50810.6,50240.0
2025-11-04 04:30:00+00:00,52018.9,50810.6
2025-11-04 04:45:00+00:00,53392.8,52018.9
2025-11-04 05:00:00+00:00,56561.8,53392.8
2025-11-04 05:15:00+00:00,58647.7,56561.8
2025-11-04 05:30:00+00:00,60071.5,58647.7
2025-11-04 05:45:00+00:00,61296.2,60071.5
2025-11-04 06:00:00+00:00,62518.2,61296.2
2025-11-04 06:15:00+00:00,63351.7,62518.2
2025-11-04 06:30:00+00:00,63959.3,63351.7
2025-11-04 06:45:00+00:00,64353.3,63959.3
2025-11-04 07:00:00+00:00,64713.9,64353.3
2025-11-04 07:15:00+00:00,64906.4,64713.9
2025-11-04 07:30:00+00:00,65175.9,64906.4
2025-11-04 07:45:00+00:00,65148.1,65175.9
2025-11-04 08:00:00+00:00,64744.0,65148.1
2025-11-04 08:15:00+00:00,64640.4,64744.0
2025-11-04 08:30:00+00:00,64815.5,64640.4
2025-11-04 08:45:00+00:00,65022.9,64815.5
2025-11-04 09:00:00+00:00,65363.7,65022.9
2025-11-04 09:15:00+00:00,65330.7,65363.7
2025-11-04 09:30:00+00:00,65164.1,65330.7
2025-11-04 09:45:00+00:00,65104.3,65164.1
2025-11-04 10:00:00+00:00,64592.5,65104.3
2025-11-04 10:15:00+00:00,64150.1,64592.5
2025-11-04 10:30:00+00:00,63987.8,64150.1
2025-11-04 10:45:00+00:00,63522.5,63987.8
2025-11-04 11:00:00+00:00,63243.2,63522.5
2025-11-04 11:15:00+00:00,62900.9,63243.2
2025-11-04 11:30:00+00:00,62697.4,62900.9
2025-11-04 11:45:00+00:00,62428.7,62697.4
2025-11-04 12:00:00+00:00,62232.3,62428.7
2025-11-04 12:15:00+00:00,61815.8,62232.3
2025-11-04 12:30:00+00:00,61156.3,61815.8
2025-11-04 12:45:00+00:00,60854.9,61156.3
2025-11-04 13:00:00+00:00,60712.1,60854.9
2025-11-04 13:15:00+00:00,61033.4,60712.1
2025-11-04 13:30:00+00:00,60936.2,61033.4
2025-11-04 13:45:00+00:00,60818.5,60936.2
2025-11-04 14:00:00+00:00,60804.3,60818.5
2025-11-04 14:15:00+00:00,61054.3,60804.3
2025-11-04 14:30:00+00:00,61452.6,61054.3
2025-11-04 14:45:00+00:00,62220.4,61452.6
2025-11-04 15:00:00+00:00,62329.6,62220.4
2025-11-04 15:15:00+00:00,62564.2,62329.6
2025-11-04 15:30:00+00:00,63125.6,62564.2
2025-11-04 15:45:00+00:00,63837.6,63125.6
2025-11-04 16:00:00+00:00,65209.1,63837.6
2025-11-04 16:15:00+00:00,66225.2,65209.1
2025-11-04 16:30:00+00:00,66930.6,66225.2
2025-11-04 16:45:00+00:00,67869.1,66930.6
2025-11-04 17:00:00+00:00,68137.5,67869.1
2025-11-04 17:15:00+00:00,67658.0,68137.5
2025-11-04 17:30:00+00:00,67407.9,67658.0
2025-11-04 17:45:00+00:00,67678.7,67407.9
2025-11-04 18:00:00+00:00,67415.4,67678.7
2025-11-04 18:15:00+00:00,67211.7,67415.4
2025-11-04 18:30:00+00:00,66351.9,67211.7
2025-11-04 18:45:00+00:00,65664.0,66351.9
2025-11-04 19:00:00+00:00,64689.1,65664.0
2025-11-04 19:15:00+00:00,63500.9,64689.1
2025-11-04 19:30:00+00:00,62551.2,63500.9
2025-11-04 19:45:00+00:00,61315.7,62551.2
2025-11-04 20:00:00+00:00,60572.0,61315.7
2025-11-04 20:15:00+00:00,59523.3,60572.0
2025-11-04 20:30:00+00:00,58861.6,59523.3
2025-11-04 20:45:00+00:00,57774.7,58861.6
2025-11-04 21:00:00+00:00,56265.5,57774.7
2025-11-04 21:15:00+00:00,55688.8,56265.5
2025-11-04 21:30:00+00:00,54966.2,55688.8
2025-11-04 21:45:00+00:00,53758.4,54966.2
2025-11-04 22:00:00+00:00,52473.5,53758.4
2025-11-04 22:15:00+00:00,51659.8,52473.5
2025-11-04 22:30:00+00:00,51211.3,51659.8
2025-11-04 22:45:00+00:00,50222.9,51211.3
2025-11-04 23:00:00+00:00,49714.8,50222.9
2025-11-04 23:15:00+00:00,49029.2,49714.8
2025-11-04 23:30:00+00:00,48391.6,49029.2
2025-11-04 23:45:00+00:00,47715.6,48391.6
2025-11-05 00:00:00+00:00,47177.0,47715.6
2025-11-05 00:15:00+00:00,46658.5,47177.0
2025-11-05 00:30:00+00:00,46508.7,46658.5
2025-11-05 00:45:00+00:00,46124.0,46508.7
2025-11-05 01:00:00+00:00,45588.1,46124.0
2025-11-05 01:15:00+00:00,45378.9,45588.1
2025-11-05 01:30:00+00:00,45347.1,45378.9
2025-11-05 01:45:00+00:00,45640.3,45347.1
2025-11-05 02:00:00+00:00,45987.2,45640.3
2025-11-05 02:15:00+00:00,45754.2,45987.2
2025-11-05 02:30:00+00:00,45987.0,45754.2
2025-11-05 02:45:00+00:00,46378.0,45987.0
2025-11-05 03:00:00+00:00,47008.6,46378.0
2025-11-05 03:15:00+00:00,47508.6,47008.6
2025-11-05 03:30:00+00:00,47939.3,47508.6
2025-11-05 03:45:00+00:00,48784.3,47939.3
2025-11-05 04:00:00+00:00,50298.1,48784.3
2025-11-05 04:15:00+00:00,51464.3,50298.1
2025-11-05 04:30:00+00:00,52579.4,51464.3
2025-11-05 04:45:00+00:00,54820.1,52579.4
2025-11-05 05:00:00+00:00,58473.0,54820.1
2025-11-05 05:15:00+00:00,60672.7,58473.0
2025-11-05 05:30:00+00:00,62314.4,60672.7
2025-11-05 05:45:00+00:00,63631.1,62314.4
2025-11-05 06:00:00+00:00,64664.6,63631.1
2025-11-05 06:15:00+00:00,65230.2,64664.6
2025-11-05 06:30:00+00:00,65172.1,65230.2
2025-11-05 06:45:00+00:00,65495.8,65172.1
2025-11-05 07:00:00+00:00,66697.0,65495.8
2025-11-05 07:15:00+00:00,66953.0,66697.0
2025-11-05 07:30:00+00:00,67370.7,66953.0
2025-11-05 07:45:00+00:00,67251.7,67370.7
2025-11-05 08:00:00+00:00,66453.6,67251.7
2025-11-05 08:15:00+00:00,66077.9,66453.6
2025-11-05 08:30:00+00:00,66086.8,66077.9
2025-11-05 08:45:00+00:00,66067.8,66086.8
2025-11-05 09:00:00+00:00,65160.8,66067.8
2025-11-05 09:15:00+00:00,64549.0,65160.8
2025-11-05 09:30:00+00:00,64575.4,64549.0
2025-11-05 09:45:00+00:00,64635.9,64575.4
2025-11-05 10:00:00+00:00,63921.9,64635.9
2025-11-05 10:15:00+00:00,64004.9,63921.9
2025-11-05 10:30:00+00:00,63816.7,64004.9
2025-11-05 10:45:00+00:00,63671.7,63816.7
2025-11-05 11:00:00+00:00,63371.1,63671.7
2025-11-05 11:15:00+00:00,63072.1,63371.1
2025-11-05 11:30:00+00:00,62850.9,63072.1
2025-11-05 11:45:00+00:00,62386.9,62850.9
2025-11-05 12:00:00+00:00,61927.3,62386.9
2025-11-05 12:15:00+00:00,61675.9,61927.3
2025-11-05 12:30:00+00:00,60791.7,61675.9
2025-11-05 12:45:00+00:00,60024.8,60791.7
2025-11-05 13:00:00+00:00,59846.1,60024.8
2025-11-05 13:15:00+00:00,59659.1,59846.1
2025-11-05 13:30:00+00:00,59625.0,59659.1
2025-11-05 13:45:00+00:00,60271.2,59625.0
2025-11-05 14:00:00+00:00,61069.7,60271.2
2025-11-05 14:15:00+00:00,61380.5,61069.7
2025-11-05 14:30:00+00:00,61094.2,61380.5
2025-11-05 14:45:00+00:00,61635.2,61094.2
2025-11-05 15:00:00+00:00,62022.4,61635.2
2025-11-05 15:15:00+00:00,62621.5,62022.4
2025-11-05 15:30:00+00:00,62868.8,62621.5
2025-11-05 15:45:00+00:00,63567.0,62868.8
2025-11-05 16:00:00+00:00,64890.6,63567.0
2025-11-05 16:15:00+00:00,66150.5,64890.6
2025-11-05 16:30:00+00:00,67001.3,66150.5
2025-11-05 16:45:00+00:00,66818.3,67001.3
2025-11-05 17:00:00+00:00,66896.4,66818.3
2025-11-05 17:15:00+00:00,66829.3,66896.4
2025-11-05 17:30:00+00:00,67029.2,66829.3
2025-11-05 17:45:00+00:00,66835.2,67029.2
2025-11-05 18:00:00+00:00,66525.2,66835.2
2025-11-05 18:15:00+00:00,65954.3,66525.2
2025-11-05 18:30:00+00:00,65594.7,65954.3
2025-11-05 18:45:00+00:00,64852.0,65594.7
2025-11-05 19:00:00+00:00,63541.6,64852.0
2025-11-05 19:15:00+00:00,62698.9,63541.6
2025-11-05 19:30:00+00:00,61798.5,62698.9
2025-11-05 19:45:00+00:00,60572.7,61798.5
2025-11-05 20:00:00+00:00,59460.6,60572.7
2025-11-05 20:15:00+00:00,58457.1,59460.6
2025-11-05 20:30:00+00:00,57475.1,58457.1
2025-11-05 20:45:00+00:00,56320.6,57475.1
2025-11-05 21:00:00+00:00,54902.1,56320.6
2025-11-05 21:15:00+00:00,54082.8,54902.1
2025-11-05 21:30:00+00:00,53595.2,54082.8
2025-11-05 21:45:00+00:00,52570.2,53595.2
2025-11-05 22:00:00+00:00,51318.8,52570.2
2025-11-05 22:15:00+00:00,50412.0,51318.8
2025-11-05 22:30:00+00:00,49865.1,50412.0
2025-11-05 22:45:00+00:00,49485.8,49865.1
2025-11-05 23:00:00+00:00,48869.2,49485.8
2025-11-05 23:15:00+00:00,47999.0,48869.2
2025-11-05 23:30:00+00:00,47498.8,47999.0
2025-11-05 23:45:00+00:00,47014.6,47498.8
2025-11-06 00:00:00+00:00,46582.6,47014.6
2025-11-06 00:15:00+00:00,46167.7,46582.6
2025-11-06 00:30:00+00:00,45576.1,46167.7
2025-11-06 00:45:00+00:00,45749.6,45576.1
2025-11-06 01:00:00+00:00,45663.6,45749.6
2025-11-06 01:15:00+00:00,45500.8,45663.6
2025-11-06 01:30:00+00:00,45468.5,45500.8
2025-11-06 01:45:00+00:00,45444.1,45468.5
2025-11-06 02:00:00+00:00,45706.5,45444.1
2025-11-06 02:15:00+00:00,45717.3,45706.5
2025-11-06 02:30:00+00:00,45906.5,45717.3
2025-11-06 02:45:00+00:00,46283.3,45906.5
2025-11-06 03:00:00+00:00,46741.9,46283.3
2025-11-06 03:15:00+00:00,47094.4,46741.9
2025-11-06 03:30:00+00:00,47613.9,47094.4
2025-11-06 03:45:00+00:00,48104.7,47613.9
2025-11-06 04:00:00+00:00,49469.7,48104.7
2025-11-06 04:15:00+00:00,50335.1,49469.7
2025-11-06 04:30:00+00:00,51811.8,50335.1
2025-11-06 04:45:00+00:00,53476.9,51811.8
2025-11-06 05:00:00+00:00,57020.6,53476.9
2025-11-06 05:15:00+00:00,58913.9,57020.6
2025-11-06 05:30:00+00:00,60809.5,58913.9
2025-11-06 05:45:00+00:00,62208.1,60809.5
2025-11-06 06:00:00+00:00,63496.6,62208.1
2025-11-06 06:15:00+00:00,64357.0,63496.6
2025-11-06 06:30:00+00:00,64510.2,64357.0
2025-11-06 06:45:00+00:00,64916.4,64510.2
2025-11-06 07:00:00+00:00,65690.6,64916.4
2025-11-06 07:15:00+00:00,66365.1,65690.6
2025-11-06 07:30:00+00:00,66469.6,66365.1
2025-11-06 07:45:00+00:00,66476.9,66469.6
2025-11-06 08:00:00+00:00,65595.0,66476.9
2025-11-06 08:15:00+00:00,65832.0,65595.0
2025-11-06 08:30:00+00:00,66135.1,65832.0
2025-11-06 08:45:00+00:00,65874.6,66135.1
2025-11-06 09:00:00+00:00,65889.5,65874.6
2025-11-06 09:15:00+00:00,65382.2,65889.5
2025-11-06 09:30:00+00:00,65317.1,65382.2
2025-11-06 09:45:00+00:00,65394.4,65317.1
2025-11-06 10:00:00+00:00,65052.3,65394.4
2025-11-06 10:15:00+00:00,64594.4,65052.3
2025-11-06 10:30:00+00:00,64547.4,64594.4
2025-11-06 10:45:00+00:00,64426.2,64547.4
2025-11-06 11:00:00+00:00,64062.7,64426.2
2025-11-06 11:15:00+00:00,63916.5,64062.7
2025-11-06 11:30:00+00:00,63460.3,63916.5
2025-11-06 11:45:00+00:00,63206.8,63460.3
2025-11-06 12:00:00+00:00,62995.0,63206.8
2025-11-06 12:15:00+00:00,62771.6,62995.0
2025-11-06 12:30:00+00:00,61749.3,62771.6
2025-11-06 12:45:00+00:00,61335.6,61749.3
2025-11-06 13:00:00+00:00,61432.5,61335.6
2025-11-06 13:15:00+00:00,61411.4,61432.5
2025-11-06 13:30:00+00:00,61283.6,61411.4
2025-11-06 13:45:00+00:00,61101.8,61283.6
2025-11-06 14:00:00+00:00,61707.8,61101.8
2025-11-06 14:15:00+00:00,61872.8,61707.8
2025-11-06 14:30:00+00:00,61946.9,61872.8
2025-11-06 14:45:00+00:00,62224.3,61946.9
2025-11-06 15:00:00+00:00,62641.0,62224.3
2025-11-06 15:15:00+00:00,62935.5,62641.0
2025-11-06 15:30:00+00:00,63237.6,62935.5
2025-11-06 15:45:00+00:00,64429.0,63237.6
2025-11-06 16:00:00+00:00,65814.9,64429.0
2025-11-06 16:15:00+00:00,66671.9,65814.9
2025-11-06 16:30:00+00:00,67319.3,66671.9
2025-11-06 16:45:00+00:00,67500.5,67319.3
2025-11-06 17:00:00+00:00,67304.0,67500.5
2025-11-06 17:15:00+00:00,66850.4,67304.0
2025-11-06 17:30:00+00:00,67249.0,66850.4
2025-11-06 17:45:00+00:00,66842.0,67249.0
2025-11-06 18:00:00+00:00,66513.9,66842.0
2025-11-06 18:15:00+00:00,66160.5,66513.9
2025-11-06 18:30:00+00:00,65933.7,66160.5
2025-11-06 18:45:00+00:00,65492.9,65933.7
2025-11-06 19:00:00+00:00,64470.5,65492.9
2025-11-06 19:15:00+00:00,63402.9,64470.5
2025-11-06 19:30:00+00:00,62741.2,63402.9
2025-11-06 19:45:00+00:00,61577.3,62741.2
2025-11-06 20:00:00+00:00,60714.1,61577.3
2025-11-06 20:15:00+00:00,59911.7,60714.1
2025-11-06 20:30:00+00:00,58766.0,59911.7
2025-11-06 20:45:00+00:00,58166.4,58766.0
2025-11-06 21:00:00+00:00,57234.5,58166.4
2025-11-06 21:15:00+00:00,56315.6,57234.5
2025-11-06 21:30:00+00:00,55129.3,56315.6
2025-11-06 21:45:00+00:00,54426.4,55129.3
2025-11-06 22:00:00+00:00,52583.3,54426.4
2025-11-06 22:15:00+00:00,51463.6,52583.3
2025-11-06 22:30:00+00:00,50859.8,51463.6
2025-11-06 22:45:00+00:00,50278.9,50859.8
2025-11-06 23:00:00+00:00,49397.8,50278.9
2025-11-06 23:15:00+00:00,48556.5,49397.8
2025-11-06 23:30:00+00:00,48177.2,48556.5
2025-11-06 23:45:00+00:00,47679.9,48177.2
2025-11-07 00:00:00+00:00,47350.4,47679.9
2025-11-07 00:15:00+00:00,46613.0,47350.4
2025-11-07 00:30:00+00:00,46619.5,46613.0
2025-11-07 00:45:00+00:00,46411.6,46619.5
2025-11-07 01:00:00+00:00,46163.7,46411.6
2025-11-07 01:15:00+00:00,46109.4,46163.7
2025-11-07 01:30:00+00:00,46054.0,46109.4
2025-11-07 01:45:00+00:00,46327.1,46054.0
2025-11-07 02:00:00+00:00,46555.1,46327.1
2025-11-07 02:15:00+00:00,46604.8,46555.1
2025-11-07 02:30:00+00:00,46873.8,46604.8
2025-11-07 02:45:00+00:00,47276.2,46873.8
2025-11-07 03:00:00+00:00,47469.4,47276.2
2025-11-07 03:15:00+00:00,47800.6,47469.4
2025-11-07 03:30:00+00:00,48215.1,47800.6
2025-11-07 03:45:00+00:00,48761.3,48215.1
2025-11-07 04:00:00+00:00,50149.7,48761.3
2025-11-07 04:15:00+00:00,50748.3,50149.7
2025-11-07 04:30:00+00:00,51976.7,50748.3
2025-11-07 04:45:00+00:00,53871.6,51976.7
2025-11-07 05:00:00+00:00,56660.8,53871.6
2025-11-07 05:15:00+00:00,58597.5,56660.8
2025-11-07 05:30:00+00:00,60262.5,58597.5
2025-11-07 05:45:00+00:00,61864.1,60262.5
2025-11-07 06:00:00+00:00,63225.8,61864.1
2025-11-07 06:15:00+00:00,64252.2,63225.8
2025-11-07 06:30:00+00:00,65125.9,64252.2
2025-11-07 06:45:00+00:00,65925.0,65125.9
2025-11-07 07:00:00+00:00,66346.8,65925.0
2025-11-07 07:15:00+00:00,66844.5,66346.8
2025-11-07 07:30:00+00:00,67108.6,66844.5
2025-11-07 07:45:00+00:00,67012.6,67108.6
2025-11-07 08:00:00+00:00,66357.8,67012.6
2025-11-07 08:15:00+00:00,66561.9,66357.8
2025-11-07 08:30:00+00:00,66375.0,66561.9
2025-11-07 08:45:00+00:00,66470.2,66375.0
2025-11-07 09:00:00+00:00,66854.6,66470.2
2025-11-07 09:15:00+00:00,66885.5,66854.6
2025-11-07 09:30:00+00:00,67169.7,66885.5
2025-11-07 09:45:00+00:00,66964.3,67169.7
2025-11-07 10:00:00+00:00,66771.5,66964.3
2025-11-07 10:15:00+00:00,66431.8,66771.5
2025-11-07 10:30:00+00:00,66571.7,66431.8
2025-11-07 10:45:00+00:00,66273.2,66571.7
2025-11-07 11:00:00+00:00,66379.2,66273.2
2025-11-07 11:15:00+00:00,65940.5,66379.2
2025-11-07 11:30:00+00:00,65720.7,65940.5
2025-11-07 11:45:00+00:00,65607.5,65720.7
2025-11-07 12:00:00+00:00,65285.7,65607.5
2025-11-07 12:15:00+00:00,64427.7,65285.7
2025-11-07 12:30:00+00:00,63755.7,64427.7
2025-11-07 12:45:00+00:00,63389.7,63755.7
2025-11-07 13:00:00+00:00,63478.8,63389.7
2025-11-07 13:15:00+00:00,62980.8,63478.8
2025-11-07 13:30:00+00:00,62595.6,62980.8
2025-11-07 13:45:00+00:00,62590.7,62595.6
2025-11-07 14:00:00+00:00,62860.1,62590.7
2025-11-07 14:15:00+00:00,62773.5,62860.1
2025-11-07 14:30:00+00:00,62817.7,62773.5
2025-11-07 14:45:00+00:00,62975.1,62817.7
2025-11-07 15:00:00+00:00,63626.2,62975.1
2025-11-07 15:15:00+00:00,63555.8,63626.2
2025-11-07 15:30:00+00:00,63999.1,63555.8
2025-11-07 15:45:00+00:00,64537.3,63999.1
2025-11-07 16:00:00+00:00,65571.7,64537.3
2025-11-07 16:15:00+00:00,66158.4,65571.7
2025-11-07 16:30:00+00:00,66726.9,66158.4
2025-11-07 16:45:00+00:00,66592.9,66726.9
2025-11-07 17:00:00+00:00,66007.8,66592.9
2025-11-07 17:15:00+00:00,65602.5,66007.8
2025-11-07 17:30:00+00:00,65199.7,65602.5
2025-11-07 17:45:00+00:00,64808.5,65199.7
2025-11-07 18:00:00+00:00,63860.0,64808.5
2025-11-07 18:15:00+00:00,63260.9,63860.0
2025-11-07 18:30:00+00:00,62670.0,63260.9
2025-11-07 18:45:00+00:00,62140.0,62670.0
2025-11-07 19:00:00+00:00,60975.7,62140.0
2025-11-07 19:15:00+00:00,59928.0,60975.7
2025-11-07 19:30:00+00:00,58902.1,59928.0
2025-11-07 19:45:00+00:00,58049.5,58902.1
2025-11-07 20:00:00+00:00,56994.4,58049.5
2025-11-07 20:15:00+00:00,56027.4,56994.4
2025-11-07 20:30:00+00:00,55006.8,56027.4
2025-11-07 20:45:00+00:00,54435.8,55006.8
2025-11-07 21:00:00+00:00,53614.5,54435.8
2025-11-07 21:15:00+00:00,52731.6,53614.5
2025-11-07 21:30:00+00:00,51988.7,52731.6
2025-11-07 21:45:00+00:00,51397.4,51988.7
2025-11-07 22:00:00+00:00,50513.4,51397.4
2025-11-07 22:15:00+00:00,49681.1,50513.4
2025-11-07 22:30:00+00:00,49032.9,49681.1
2025-11-07 22:45:00+00:00,48431.0,49032.9
2025-11-07 23:00:00+00:00,47273.8,48431.0
2025-11-07 23:15:00+00:00,46767.2,47273.8
2025-11-07 23:30:00+00:00,46204.4,46767.2
2025-11-07 23:45:00+00:00,45711.1,46204.4
2025-11-08 00:00:00+00:00,45209.2,45711.1
2025-11-08 00:15:00+00:00,44692.4,45209.2
2025-11-08 00:30:00+00:00,44457.8,44692.4
2025-11-08 00:45:00+00:00,44132.6,44457.8
2025-11-08 01:00:00+00:00,43747.4,44132.6
2025-11-08 01:15:00+00:00,43431.0,43747.4
2025-11-08 01:30:00+00:00,43448.1,43431.0
2025-11-08 01:45:00+00:00,43199.0,43448.1
2025-11-08 02:00:00+00:00,43069.5,43199.0
2025-11-08 02:15:00+00:00,43196.3,43069.5
2025-11-08 02:30:00+00:00,42994.8,43196.3
2025-11-08 02:45:00+00:00,43043.4,42994.8
2025-11-08 03:00:00+00:00,43278.8,43043.4
2025-11-08 03:15:00+00:00,43251.9,43278.8
2025-11-08 03:30:00+00:00,43260.9,43251.9
2025-11-08 03:45:00+00:00,43364.3,43260.9
2025-11-08 04:00:00+00:00,43989.2,43364.3
2025-11-08 04:15:00+00:00,44012.1,43989.2
2025-11-08 04:30:00+00:00,44215.3,44012.1
2025-11-08 04:45:00+00:00,44532.9,44215.3
2025-11-08 05:00:00+00:00,45329.8,44532.9
2025-11-08 05:15:00+00:00,45658.8,45329.8
2025-11-08 05:30:00+00:00,46248.4,45658.8
2025-11-08 05:45:00+00:00,46774.6,46248.4
2025-11-08 06:00:00+00:00,47818.1,46774.6
2025-11-08 06:15:00+00:00,48252.8,47818.1
2025-11-08 06:30:00+00:00,48953.5,48252.8
2025-11-08 06:45:00+00:00,50092.3,48953.5
2025-11-08 07:00:00+00:00,51080.9,50092.3
2025-11-08 07:15:00+00:00,51603.4,51080.9
2025-11-08 07:30:00+00:00,52430.3,51603.4
2025-11-08 07:45:00+00:00,53005.7,52430.3
2025-11-08 08:00:00+00:00,53740.9,53005.7
2025-11-08 08:15:00+00:00,54159.4,53740.9
2025-11-08 08:30:00+00:00,54725.2,54159.4
2025-11-08 08:45:00+00:00,55220.4,54725.2
2025-11-08 09:00:00+00:00,55301.0,55220.4
2025-11-08 09:15:00+00:00,55517.1,55301.0
2025-11-08 09:30:00+00:00,55766.6,55517.1
2025-11-08 09:45:00+00:00,55963.8,55766.6
2025-11-08 10:00:00+00:00,56168.2,55963.8
2025-11-08 10:15:00+00:00,56663.9,56168.2
2025-11-08 10:30:00+00:00,57059.9,56663.9
2025-11-08 10:45:00+00:00,57271.6,57059.9
2025-11-08 11:00:00+00:00,57255.8,57271.6
2025-11-08 11:15:00+00:00,56788.8,57255.8
2025-11-08 11:30:00+00:00,56648.3,56788.8
2025-11-08 11:45:00+00:00,56491.0,56648.3
2025-11-08 12:00:00+00:00,55632.8,56491.0
2025-11-08 12:15:00+00:00,54804.8,55632.8
2025-11-08 12:30:00+00:00,54663.1,54804.8
2025-11-08 12:45:00+00:00,54096.8,54663.1
2025-11-08 13:00:00+00:00,54231.7,54096.8
2025-11-08 13:15:00+00:00,53597.3,54231.7
2025-11-08 13:30:00+00:00,53555.4,53597.3
2025-11-08 13:45:00+00:00,53582.7,53555.4
2025-11-08 14:00:00+00:00,53688.3,53582.7
2025-11-08 14:15:00+00:00,53741.5,53688.3
2025-11-08 14:30:00+00:00,53750.5,53741.5
2025-11-08 14:45:00+00:00,54387.8,53750.5
2025-11-08 15:00:00+00:00,54694.3,54387.8
2025-11-08 15:15:00+00:00,54799.9,54694.3
2025-11-08 15:30:00+00:00,55443.9,54799.9
2025-11-08 15:45:00+00:00,56253.2,55443.9
2025-11-08 16:00:00+00:00,57431.3,56253.2
2025-11-08 16:15:00+00:00,57928.6,57431.3
2025-11-08 16:30:00+00:00,58235.7,57928.6
2025-11-08 16:45:00+00:00,58444.4,58235.7
2025-11-08 17:00:00+00:00,58298.7,58444.4
2025-11-08 17:15:00+00:00,58052.0,58298.7
2025-11-08 17:30:00+00:00,57362.9,58052.0
2025-11-08 17:45:00+00:00,56889.0,57362.9
2025-11-08 18:00:00+00:00,56735.2,56889.0
2025-11-08 18:15:00+00:00,55992.6,56735.2
2025-11-08 18:30:00+00:00,55131.5,55992.6
2025-11-08 18:45:00+00:00,54520.9,55131.5
2025-11-08 19:00:00+00:00,53646.0,54520.9
2025-11-08 19:15:00+00:00,52642.4,53646.0
2025-11-08 19:30:00+00:00,51617.6,52642.4
2025-11-08 19:45:00+00:00,50990.5,51617.6
2025-11-08 20:00:00+00:00,50477.6,50990.5
2025-11-08 20:15:00+00:00,49950.8,50477.6
2025-11-08 20:30:00+00:00,49320.9,49950.8
2025-11-08 20:45:00+00:00,48914.6,49320.9
2025-11-08 21:00:00+00:00,48799.4,48914.6
2025-11-08 21:15:00+00:00,48262.7,48799.4
2025-11-08 21:30:00+00:00,47493.4,48262.7
2025-11-08 21:45:00+00:00,46954.1,47493.4
2025-11-08 22:00:00+00:00,46125.7,46954.1
2025-11-08 22:15:00+00:00,45300.8,46125.7
2025-11-08 22:30:00+00:00,44503.4,45300.8
2025-11-08 22:45:00+00:00,44252.1,44503.4
2025-11-08 23:00:00+00:00,43555.6,44252.1
2025-11-08 23:15:00+00:00,42946.0,43555.6
2025-11-08 23:30:00+00:00,42259.0,42946.0
2025-11-08 23:45:00+00:00,41688.9,42259.0
2025-11-09 00:00:00+00:00,40911.2,41688.9
2025-11-09 00:15:00+00:00,40697.0,40911.2
2025-11-09 00:30:00+00:00,40340.4,40697.0
2025-11-09 00:45:00+00:00,39100.6,40340.4
2025-11-09 01:00:00+00:00,38977.7,39100.6
2025-11-09 01:15:00+00:00,38557.2,38977.7
2025-11-09 01:30:00+00:00,38473.0,38557.2
2025-11-09 01:45:00+00:00,38425.6,38473.0
2025-11-09 02:00:00+00:00,38220.1,38425.6
2025-11-09 02:15:00+00:00,38179.2,38220.1
2025-11-09 02:30:00+00:00,38163.2,38179.2
2025-11-09 02:45:00+00:00,38429.3,38163.2
2025-11-09 03:00:00+00:00,38475.4,38429.3
2025-11-09 03:15:00+00:00,38489.9,38475.4
2025-11-09 03:30:00+00:00,38499.2,38489.9
2025-11-09 03:45:00+00:00,38758.2,38499.2
2025-11-09 04:00:00+00:00,39134.8,38758.2
2025-11-09 04:15:00+00:00,39038.7,39134.8
2025-11-09 04:30:00+00:00,38746.5,39038.7
2025-11-09 04:45:00+00:00,39022.3,38746.5
2025-11-09 05:00:00+00:00,39850.0,39022.3
2025-11-09 05:15:00+00:00,40093.2,39850.0
2025-11-09 05:30:00+00:00,40446.1,40093.2
2025-11-09 05:45:00+00:00,40910.7,40446.1
2025-11-09 06:00:00+00:00,41548.7,40910.7
2025-11-09 06:15:00+00:00,41973.0,41548.7
2025-11-09 06:30:00+00:00,42586.8,41973.0
2025-11-09 06:45:00+00:00,43335.3,42586.8
2025-11-09 07:00:00+00:00,44476.8,43335.3
2025-11-09 07:15:00+00:00,45354.0,44476.8
2025-11-09 07:30:00+00:00,46022.2,45354.0
2025-11-09 07:45:00+00:00,46716.2,46022.2
2025-11-09 08:00:00+00:00,47653.0,46716.2
2025-11-09 08:15:00+00:00,48328.8,47653.0
2025-11-09 08:30:00+00:00,49282.1,48328.8
2025-11-09 08:45:00+00:00,49623.2,49282.1
2025-11-09 09:00:00+00:00,50159.0,49623.2
2025-11-09 09:15:00+00:00,50768.1,50159.0
2025-11-09 09:30:00+00:00,51311.8,50768.1
2025-11-09 09:45:00+00:00,51764.0,51311.8
2025-11-09 10:00:00+00:00,52537.7,51764.0
2025-11-09 10:15:00+00:00,53387.8,52537.7
2025-11-09 10:30:00+00:00,53792.0,53387.8
2025-11-09 10:45:00+00:00,53883.9,53792.0
2025-11-09 11:00:00+00:00,53863.3,53883.9
2025-11-09 11:15:00+00:00,54156.6,53863.3
2025-11-09 11:30:00+00:00,53872.0,54156.6
2025-11-09 11:45:00+00:00,53351.2,53872.0
2025-11-09 12:00:00+00:00,52988.6,53351.2
2025-11-09 12:15:00+00:00,52712.9,52988.6
2025-11-09 12:30:00+00:00,52346.0,52712.9
2025-11-09 12:45:00+00:00,52062.7,52346.0
2025-11-09 13:00:00+00:00,51799.7,52062.7
2025-11-09 13:15:00+00:00,51399.9,51799.7
2025-11-09 13:30:00+00:00,51493.9,51399.9
2025-11-09 13:45:00+00:00,51698.7,51493.9
2025-11-09 14:00:00+00:00,51727.2,51698.7
2025-11-09 14:15:00+00:00,51716.4,51727.2
2025-11-09 14:30:00+00:00,51627.3,51716.4
2025-11-09 14:45:00+00:00,51547.3,51627.3
2025-11-09 15:00:00+00:00,52121.9,51547.3
2025-11-09 15:15:00+00:00,52372.1,52121.9
2025-11-09 15:30:00+00:00,52829.1,52372.1
2025-11-09 15:45:00+00:00,53823.6,52829.1
2025-11-09 16:00:00+00:00,55038.9,53823.6
2025-11-09 16:15:00+00:00,55986.5,55038.9
2025-11-09 16:30:00+00:00,56296.4,55986.5
2025-11-09 16:45:00+00:00,56470.4,56296.4
2025-11-09 17:00:00+00:00,56360.2,56470.4
2025-11-09 17:15:00+00:00,56194.2,56360.2
2025-11-09 17:30:00+00:00,55842.2,56194.2
2025-11-09 17:45:00+00:00,55402.8,55842.2
2025-11-09 18:00:00+00:00,54911.2,55402.8
2025-11-09 18:15:00+00:00,54409.6,54911.2
2025-11-09 18:30:00+00:00,53871.4,54409.6
2025-11-09 18:45:00+00:00,53347.5,53871.4
2025-11-09 19:00:00+00:00,52927.6,53347.5
2025-11-09 19:15:00+00:00,52220.4,52927.6
2025-11-09 19:30:00+00:00,51425.9,52220.4
2025-11-09 19:45:00+00:00,51169.7,51425.9
2025-11-09 20:00:00+00:00,50578.4,51169.7
2025-11-09 20:15:00+00:00,49992.4,50578.4
2025-11-09 20:30:00+00:00,49532.5,49992.4
2025-11-09 20:45:00+00:00,49064.9,49532.5
2025-11-09 21:00:00+00:00,49144.6,49064.9
2025-11-09 21:15:00+00:00,48625.7,49144.6
2025-11-09 21:30:00+00:00,48058.8,48625.7
2025-11-09 21:45:00+00:00,47737.4,48058.8
2025-11-09 22:00:00+00:00,46511.6,47737.4
2025-11-09 22:15:00+00:00,45707.7,46511.6
2025-11-09 22:30:00+00:00,45034.1,45707.7
2025-11-09 22:45:00+00:00,44409.2,45034.1
2025-11-09 23:00:00+00:00,43818.1,44409.2
2025-11-09 23:15:00+00:00,43178.0,43818.1
2025-11-09 23:30:00+00:00,42638.8,43178.0
2025-11-09 23:45:00+00:00,42200.7,42638.8
2025-11-10 00:00:00+00:00,41612.7,42200.7
2025-11-10 00:15:00+00:00,41479.5,41612.7
2025-11-10 00:30:00+00:00,41122.4,41479.5
2025-11-10 00:45:00+00:00,40945.3,41122.4
2025-11-10 01:00:00+00:00,40836.6,40945.3
2025-11-10 01:15:00+00:00,40716.4,40836.6
2025-11-10 01:30:00+00:00,40757.2,40716.4
2025-11-10 01:45:00+00:00,40904.6,40757.2
2025-11-10 02:00:00+00:00,41000.8,40904.6
2025-11-10 02:15:00+00:00,41320.8,41000.8
2025-11-10 02:30:00+00:00,41536.2,41320.8
2025-11-10 02:45:00+00:00,41810.6,41536.2
2025-11-10 03:00:00+00:00,42512.1,41810.6
2025-11-10 03:15:00+00:00,43033.6,42512.1
2025-11-10 03:30:00+00:00,43515.1,43033.6
2025-11-10 03:45:00+00:00,44102.7,43515.1
2025-11-10 04:00:00+00:00,45902.8,44102.7
2025-11-10 04:15:00+00:00,46962.1,45902.8
2025-11-10 04:30:00+00:00,48521.3,46962.1
2025-11-10 04:45:00+00:00,50009.8,48521.3
2025-11-10 05:00:00+00:00,53460.8,50009.8
2025-11-10 05:15:00+00:00,56008.2,53460.8
2025-11-10 05:30:00+00:00,57768.8,56008.2
2025-11-10 05:45:00+00:00,59461.0,57768.8
2025-11-10 06:00:00+00:00,61112.6,59461.0
2025-11-10 06:15:00+00:00,61999.5,61112.6
2025-11-10 06:30:00+00:00,62645.6,61999.5
2025-11-10 06:45:00+00:00,63196.6,62645.6
2025-11-10 07:00:00+00:00,64192.3,63196.6
2025-11-10 07:15:00+00:00,65052.8,64192.3
2025-11-10 07:30:00+00:00,65123.7,65052.8
2025-11-10 07:45:00+00:00,65442.3,65123.7
2025-11-10 08:00:00+00:00,65356.8,65442.3
2025-11-10 08:15:00+00:00,65270.2,65356.8
2025-11-10 08:30:00+00:00,65808.4,65270.2
2025-11-10 08:45:00+00:00,65921.2,65808.4
2025-11-10 09:00:00+00:00,65772.5,65921.2
2025-11-10 09:15:00+00:00,65508.9,65772.5
2025-11-10 09:30:00+00:00,65901.0,65508.9
2025-11-10 09:45:00+00:00,65884.8,65901.0
2025-11-10 10:00:00+00:00,65784.1,65884.8
2025-11-10 10:15:00+00:00,65723.5,65784.1
2025-11-10 10:30:00+00:00,65693.0,65723.5
2025-11-10 10:45:00+00:00,65855.0,65693.0
2025-11-10 11:00:00+00:00,65624.2,65855.0
2025-11-10 11:15:00+00:00,65403.2,65624.2
2025-11-10 11:30:00+00:00,65450.3,65403.2
2025-11-10 11:45:00+00:00,65351.6,65450.3
2025-11-10 12:00:00+00:00,65296.0,65351.6
2025-11-10 12:15:00+00:00,64663.9,65296.0
2025-11-10 12:30:00+00:00,64161.6,64663.9
2025-11-10 12:45:00+00:00,63853.5,64161.6
2025-11-10 13:00:00+00:00,63872.4,63853.5
2025-11-10 13:15:00+00:00,63557.1,63872.4
2025-11-10 13:30:00+00:00,62889.2,63557.1
2025-11-10 13:45:00+00:00,62869.2,62889.2
2025-11-10 14:00:00+00:00,63226.2,62869.2
2025-11-10 14:15:00+00:00,62983.7,63226.2
2025-11-10 14:30:00+00:00,62731.8,62983.7
2025-11-10 14:45:00+00:00,62949.3,62731.8
2025-11-10 15:00:00+00:00,63036.9,62949.3
2025-11-10 15:15:00+00:00,63456.7,63036.9
2025-11-10 15:30:00+00:00,63921.9,63456.7
2025-11-10 15:45:00+00:00,64692.2,63921.9
2025-11-10 16:00:00+00:00,65837.6,64692.2
2025-11-10 16:15:00+00:00,66315.2,65837.6
2025-11-10 16:30:00+00:00,66767.2,66315.2
2025-11-10 16:45:00+00:00,67088.9,66767.2
2025-11-10 17:00:00+00:00,66533.2,67088.9
2025-11-10 17:15:00+00:00,66451.1,66533.2
2025-11-10 17:30:00+00:00,66346.6,66451.1
2025-11-10 17:45:00+00:00,65932.6,66346.6
2025-11-10 18:00:00+00:00,65577.0,65932.6
2025-11-10 18:15:00+00:00,64877.4,65577.0
2025-11-10 18:30:00+00:00,64283.0,64877.4
2025-11-10 18:45:00+00:00,63971.2,64283.0
2025-11-10 19:00:00+00:00,62982.0,63971.2
2025-11-10 19:15:00+00:00,61926.8,62982.0
2025-11-10 19:30:00+00:00,61093.9,61926.8
2025-11-10 19:45:00+00:00,60545.5,61093.9
2025-11-10 20:00:00+00:00,59586.6,60545.5
2025-11-10 20:15:00+00:00,58648.3,59586.6
2025-11-10 20:30:00+00:00,57535.8,58648.3
2025-11-10 20:45:00+00:00,56600.6,57535.8
2025-11-10 21:00:00+00:00,55755.0,56600.6
2025-11-10 21:15:00+00:00,54964.0,55755.0
2025-11-10 21:30:00+00:00,54018.7,54964.0
2025-11-10 21:45:00+00:00,53006.4,54018.7
2025-11-10 22:00:00+00:00,52042.8,53006.4
2025-11-10 22:15:00+00:00,51003.1,52042.8
2025-11-10 22:30:00+00:00,50190.5,51003.1
2025-11-10 22:45:00+00:00,49215.2,50190.5
2025-11-10 23:00:00+00:00,48865.7,49215.2
2025-11-10 23:15:00+00:00,48327.4,48865.7
2025-11-10 23:30:00+00:00,47996.1,48327.4
2025-11-10 23:45:00+00:00,47265.2,47996.1
2025-11-11 00:00:00+00:00,46729.2,47265.2
2025-11-11 00:15:00+00:00,46092.4,46729.2
2025-11-11 00:30:00+00:00,45924.8,46092.4
2025-11-11 00:45:00+00:00,45705.3,45924.8
2025-11-11 01:00:00+00:00,45238.4,45705.3
2025-11-11 01:15:00+00:00,45235.5,45238.4
2025-11-11 01:30:00+00:00,45211.2,45235.5
2025-11-11 01:45:00+00:00,45641.4,45211.2
2025-11-11 02:00:00+00:00,46257.8,45641.4
2025-11-11 02:15:00+00:00,46143.0,46257.8
2025-11-11 02:30:00+00:00,46149.5,46143.0
2025-11-11 02:45:00+00:00,46284.2,46149.5
2025-11-11 03:00:00+00:00,47478.2,46284.2
2025-11-11 03:15:00+00:00,47660.1,47478.2
2025-11-11 03:30:00+00:00,48089.3,47660.1
2025-11-11 03:45:00+00:00,48312.7,48089.3
2025-11-11 04:00:00+00:00,49653.1,48312.7
2025-11-11 04:15:00+00:00,50412.6,49653.1
2025-11-11 04:30:00+00:00,51442.8,50412.6
2025-11-11 04:45:00+00:00,52845.9,51442.8
2025-11-11 05:00:00+00:00,56093.2,52845.9
2025-11-11 05:15:00+00:00,58543.5,56093.2
2025-11-11 05:30:00+00:00,60402.8,58543.5
2025-11-11 05:45:00+00:00,61765.7,60402.8
2025-11-11 06:00:00+00:00,63395.7,61765.7
2025-11-11 06:15:00+00:00,64219.6,63395.7
2025-11-11 06:30:00+00:00,64609.0,64219.6
2025-11-11 06:45:00+00:00,65285.9,64609.0
2025-11-11 07:00:00+00:00,66097.9,65285.9
2025-11-11 07:15:00+00:00,66676.4,66097.9
2025-11-11 07:30:00+00:00,66952.3,66676.4
2025-11-11 07:45:00+00:00,66721.8,66952.3
2025-11-11 08:00:00+00:00,66112.8,66721.8
2025-11-11 08:15:00+00:00,66436.5,66112.8
2025-11-11 08:30:00+00:00,66720.9,66436.5
2025-11-11 08:45:00+00:00,67115.9,66720.9
2025-11-11 09:00:00+00:00,66476.8,67115.9
2025-11-11 09:15:00+00:00,66329.7,66476.8
2025-11-11 09:30:00+00:00,66232.5,66329.7
2025-11-11 09:45:00+00:00,66179.6,66232.5
2025-11-11 10:00:00+00:00,66152.2,66179.6
2025-11-11 10:15:00+00:00,66126.3,66152.2
2025-11-11 10:30:00+00:00,66464.0,66126.3
2025-11-11 10:45:00+00:00,65908.3,66464.0
2025-11-11 11:00:00+00:00,65441.4,65908.3
2025-11-11 11:15:00+00:00,65065.5,65441.4
2025-11-11 11:30:00+00:00,64682.6,65065.5
2025-11-11 11:45:00+00:00,64984.2,64682.6
2025-11-11 12:00:00+00:00,65108.2,64984.2
2025-11-11 12:15:00+00:00,64771.6,65108.2
2025-11-11 12:30:00+00:00,63969.3,64771.6
2025-11-11 12:45:00+00:00,63521.1,63969.3
2025-11-11 13:00:00+00:00,63519.7,63521.1
2025-11-11 13:15:00+00:00,63261.3,63519.7
2025-11-11 13:30:00+00:00,63087.1,63261.3
2025-11-11 13:45:00+00:00,62958.6,63087.1
2025-11-11 14:00:00+00:00,62954.0,62958.6
2025-11-11 14:15:00+00:00,63047.9,62954.0
2025-11-11 14:30:00+00:00,62956.5,63047.9
2025-11-11 14:45:00+00:00,63116.8,62956.5
2025-11-11 15:00:00+00:00,63157.8,63116.8
2025-11-11 15:15:00+00:00,63680.3,63157.8
2025-11-11 15:30:00+00:00,64488.4,63680.3
2025-11-11 15:45:00+00:00,65417.5,64488.4
2025-11-11 16:00:00+00:00,66442.5,65417.5
2025-11-11 16:15:00+00:00,67049.2,66442.5
2025-11-11 16:30:00+00:00,67181.6,67049.2
2025-11-11 16:45:00+00:00,67232.4,67181.6
2025-11-11 17:00:00+00:00,67177.7,67232.4
2025-11-11 17:15:00+00:00,67251.8,67177.7
2025-11-11 17:30:00+00:00,67175.1,67251.8
2025-11-11 17:45:00+00:00,66777.2,67175.1
2025-11-11 18:00:00+00:00,66447.2,66777.2
2025-11-11 18:15:00+00:00,65736.3,66447.2
2025-11-11 18:30:00+00:00,65391.2,65736.3
2025-11-11 18:45:00+00:00,64994.1,65391.2
2025-11-11 19:00:00+00:00,63688.8,64994.1
2025-11-11 19:15:00+00:00,62676.0,63688.8
2025-11-11 19:30:00+00:00,61981.1,62676.0
2025-11-11 19:45:00+00:00,61235.1,61981.1
2025-11-11 20:00:00+00:00,59645.3,61235.1
2025-11-11 20:15:00+00:00,58774.4,59645.3
2025-11-11 20:30:00+00:00,58057.4,58774.4
2025-11-11 20:45:00+00:00,56957.3,58057.4
2025-11-11 21:00:00+00:00,55933.7,56957.3
2025-11-11 21:15:00+00:00,55071.5,55933.7
2025-11-11 21:30:00+00:00,54201.9,55071.5
2025-11-11 21:45:00+00:00,53268.9,54201.9
2025-11-11 22:00:00+00:00,52075.4,53268.9
2025-11-11 22:15:00+00:00,50979.8,52075.4
2025-11-11 22:30:00+00:00,50450.8,50979.8
2025-11-11 22:45:00+00:00,49939.9,50450.8
2025-11-11 23:00:00+00:00,48957.4,49939.9
2025-11-11 23:15:00+00:00,48171.8,48957.4
2025-11-11 23:30:00+00:00,47443.8,48171.8
2025-11-11 23:45:00+00:00,47078.2,47443.8
2025-11-12 00:00:00+00:00,46905.1,47078.2
2025-11-12 00:15:00+00:00,46199.5,46905.1
2025-11-12 00:30:00+00:00,46127.9,46199.5
2025-11-12 00:45:00+00:00,45812.5,46127.9
2025-11-12 01:00:00+00:00,45351.0,45812.5
2025-11-12 01:15:00+00:00,45140.9,45351.0
2025-11-12 01:30:00+00:00,45028.8,45140.9
2025-11-12 01:45:00+00:00,45214.6,45028.8
2025-11-12 02:00:00+00:00,45293.3,45214.6
2025-11-12 02:15:00+00:00,45558.5,45293.3
2025-11-12 02:30:00+00:00,45869.2,45558.5
2025-11-12 02:45:00+00:00,45942.0,45869.2
2025-11-12 03:00:00+00:00,46844.8,45942.0
2025-11-12 03:15:00+00:00,47061.3,46844.8
2025-11-12 03:30:00+00:00,47647.0,47061.3
2025-11-12 03:45:00+00:00,48607.3,47647.0
2025-11-12 04:00:00+00:00,49842.4,48607.3
2025-11-12 04:15:00+00:00,50844.0,49842.4
2025-11-12 04:30:00+00:00,51886.7,50844.0
2025-11-12 04:45:00+00:00,53399.8,51886.7
2025-11-12 05:00:00+00:00,56327.0,53399.8
2025-11-12 05:15:00+00:00,58746.1,56327.0
2025-11-12 05:30:00+00:00,60668.9,58746.1
2025-11-12 05:45:00+00:00,62235.8,60668.9
2025-11-12 06:00:00+00:00,63832.1,62235.8
2025-11-12 06:15:00+00:00,64692.7,63832.1
2025-11-12 06:30:00+00:00,65808.6,64692.7
2025-11-12 06:45:00+00:00,66287.9,65808.6
2025-11-12 07:00:00+00:00,66911.1,66287.9
2025-11-12 07:15:00+00:00,67299.0,66911.1
2025-11-12 07:30:00+00:00,68034.1,67299.0
2025-11-12 07:45:00+00:00,68362.9,68034.1
2025-11-12 08:00:00+00:00,67852.4,68362.9
2025-11-12 08:15:00+00:00,67896.3,67852.4
2025-11-12 08:30:00+00:00,68548.5,67896.3
2025-11-12 08:45:00+00:00,68878.0,68548.5
2025-11-12 09:00:00+00:00,67042.4,68878.0
2025-11-12 09:15:00+00:00,67164.7,67042.4
2025-11-12 09:30:00+00:00,67252.0,67164.7
2025-11-12 09:45:00+00:00,67335.0,67252.0
2025-11-12 10:00:00+00:00,66874.6,67335.0
2025-11-12 10:15:00+00:00,67000.6,66874.6
2025-11-12 10:30:00+00:00,67031.2,67000.6
2025-11-12 10:45:00+00:00,66414.4,67031.2
2025-11-12 11:00:00+00:00,66312.1,66414.4
2025-11-12 11:15:00+00:00,65813.2,66312.1
2025-11-12 11:30:00+00:00,66098.3,65813.2
2025-11-12 11:45:00+00:00,65530.7,66098.3
2025-11-12 12:00:00+00:00,65628.9,65530.7
2025-11-12 12:15:00+00:00,65028.4,65628.9
2025-11-12 12:30:00+00:00,64524.4,65028.4
2025-11-12 12:45:00+00:00,64001.0,64524.4
2025-11-12 13:00:00+00:00,63285.3,64001.0
2025-11-12 13:15:00+00:00,63436.6,63285.3
2025-11-12 13:30:00+00:00,63167.1,63436.6
2025-11-12 13:45:00+00:00,62949.6,63167.1
2025-11-12 14:00:00+00:00,63180.4,62949.6
2025-11-12 14:15:00+00:00,63513.2,63180.4
2025-11-12 14:30:00+00:00,63753.7,63513.2
2025-11-12 14:45:00+00:00,63767.3,63753.7
2025-11-12 15:00:00+00:00,64782.0,63767.3
2025-11-12 15:15:00+00:00,64972.9,64782.0
2025-11-12 15:30:00+00:00,65856.7,64972.9
2025-11-12 15:45:00+00:00,66709.9,65856.7
2025-11-12 16:00:00+00:00,67992.6,66709.9
2025-11-12 16:15:00+00:00,68532.9,67992.6
2025-11-12 16:30:00+00:00,68892.1,68532.9
2025-11-12 16:45:00+00:00,68837.8,68892.1
2025-11-12 17:00:00+00:00,69045.3,68837.8
2025-11-12 17:15:00+00:00,68648.1,69045.3
2025-11-12 17:30:00+00:00,68435.0,68648.1
2025-11-12 17:45:00+00:00,68209.7,68435.0
2025-11-12 18:00:00+00:00,67814.0,68209.7
2025-11-12 18:15:00+00:00,67098.4,67814.0
2025-11-12 18:30:00+00:00,66600.8,67098.4
2025-11-12 18:45:00+00:00,66077.8,66600.8
2025-11-12 19:00:00+00:00,64634.8,66077.8
2025-11-12 19:15:00+00:00,63906.5,64634.8
2025-11-12 19:30:00+00:00,62801.9,63906.5
2025-11-12 19:45:00+00:00,61921.3,62801.9
2025-11-12 20:00:00+00:00,60992.5,61921.3
2025-11-12 20:15:00+00:00,59933.9,60992.5
2025-11-12 20:30:00+00:00,58890.8,59933.9
2025-11-12 20:45:00+00:00,57981.9,58890.8
2025-11-12 21:00:00+00:00,57164.5,57981.9
2025-11-12 21:15:00+00:00,56115.9,57164.5
2025-11-12 21:30:00+00:00,55054.7,56115.9
2025-11-12 21:45:00+00:00,54042.1,55054.7
2025-11-12 22:00:00+00:00,53118.0,54042.1
2025-11-12 22:15:00+00:00,52109.1,53118.0
2025-11-12 22:30:00+00:00,51329.7,52109.1
2025-11-12 22:45:00+00:00,50414.5,51329.7
2025-11-12 23:00:00+00:00,49339.9,50414.5
2025-11-12 23:15:00+00:00,48869.0,49339.9
2025-11-12 23:30:00+00:00,48466.5,48869.0
2025-11-12 23:45:00+00:00,47719.9,48466.5
2025-11-13 00:00:00+00:00,47685.9,47719.9
2025-11-13 00:15:00+00:00,47654.7,47685.9
2025-11-13 00:30:00+00:00,47467.6,47654.7
2025-11-13 00:45:00+00:00,47288.9,47467.6
2025-11-13 01:00:00+00:00,46954.4,47288.9
2025-11-13 01:15:00+00:00,46741.4,46954.4
2025-11-13 01:30:00+00:00,46916.2,46741.4
2025-11-13 01:45:00+00:00,46928.5,46916.2
2025-11-13 02:00:00+00:00,47113.4,46928.5
2025-11-13 02:15:00+00:00,47214.1,47113.4
2025-11-13 02:30:00+00:00,47361.6,47214.1
2025-11-13 02:45:00+00:00,47720.2,47361.6
2025-11-13 03:00:00+00:00,48271.3,47720.2
2025-11-13 03:15:00+00:00,48531.1,48271.3
2025-11-13 03:30:00+00:00,48910.5,48531.1
2025-11-13 03:45:00+00:00,49552.6,48910.5
2025-11-13 04:00:00+00:00,50789.9,49552.6
2025-11-13 04:15:00+00:00,51387.7,50789.9
2025-11-13 04:30:00+00:00,52804.3,51387.7
2025-11-13 04:45:00+00:00,53947.2,52804.3
2025-11-13 05:00:00+00:00,57282.5,53947.2
2025-11-13 05:15:00+00:00,59142.2,57282.5
2025-11-13 05:30:00+00:00,61115.7,59142.2
2025-11-13 05:45:00+00:00,62669.3,61115.7
2025-11-13 06:00:00+00:00,64441.6,62669.3
2025-11-13 06:15:00+00:00,65104.6,64441.6
2025-11-13 06:30:00+00:00,65959.0,65104.6
2025-11-13 06:45:00+00:00,66370.3,65959.0
2025-11-13 07:00:00+00:00,67204.6,66370.3
2025-11-13 07:15:00+00:00,67406.6,67204.6
2025-11-13 07:30:00+00:00,67591.4,67406.6
2025-11-13 07:45:00+00:00,67015.8,67591.4
2025-11-13 08:00:00+00:00,67478.0,67015.8
2025-11-13 08:15:00+00:00,67283.5,67478.0
2025-11-13 08:30:00+00:00,67416.5,67283.5
2025-11-13 08:45:00+00:00,68689.0,67416.5
2025-11-13 09:00:00+00:00,68579.6,68689.0
2025-11-13 09:15:00+00:00,68792.3,68579.6
2025-11-13 09:30:00+00:00,68672.9,68792.3
2025-11-13 09:45:00+00:00,68608.3,68672.9
2025-11-13 10:00:00+00:00,68388.0,68608.3
2025-11-13 10:15:00+00:00,68373.9,68388.0
2025-11-13 10:30:00+00:00,68154.3,68373.9
2025-11-13 10:45:00+00:00,68280.2,68154.3
2025-11-13 11:00:00+00:00,67663.9,68280.2
2025-11-13 11:15:00+00:00,67403.2,67663.9
2025-11-13 11:30:00+00:00,67484.1,67403.2
2025-11-13 11:45:00+00:00,67467.7,67484.1
2025-11-13 12:00:00+00:00,67132.0,67467.7
2025-11-13 12:15:00+00:00,66428.3,67132.0
2025-11-13 12:30:00+00:00,65826.7,66428.3
2025-11-13 12:45:00+00:00,65282.5,65826.7
2025-11-13 13:00:00+00:00,65820.3,65282.5
2025-11-13 13:15:00+00:00,65438.9,65820.3
2025-11-13 13:30:00+00:00,64623.8,65438.9
2025-11-13 13:45:00+00:00,65373.9,64623.8
2025-11-13 14:00:00+00:00,65156.6,65373.9
2025-11-13 14:15:00+00:00,64987.1,65156.6
2025-11-13 14:30:00+00:00,65017.0,64987.1
2025-11-13 14:45:00+00:00,65176.3,65017.0
2025-11-13 15:00:00+00:00,66098.0,65176.3
2025-11-13 15:15:00+00:00,66890.6,66098.0
2025-11-13 15:30:00+00:00,67533.5,66890.6
2025-11-13 15:45:00+00:00,67806.5,67533.5
2025-11-13 16:00:00+00:00,68594.3,67806.5
2025-11-13 16:15:00+00:00,69098.0,68594.3
2025-11-13 16:30:00+00:00,69673.7,69098.0
2025-11-13 16:45:00+00:00,69572.3,69673.7
2025-11-13 17:00:00+00:00,69244.0,69572.3
2025-11-13 17:15:00+00:00,69422.3,69244.0
2025-11-13 17:30:00+00:00,69145.4,69422.3
2025-11-13 17:45:00+00:00,68635.3,69145.4
2025-11-13 18:00:00+00:00,68076.8,68635.3
2025-11-13 18:15:00+00:00,66707.7,68076.8
2025-11-13 18:30:00+00:00,66010.1,66707.7
2025-11-13 18:45:00+00:00,65589.7,66010.1
2025-11-13 19:00:00+00:00,64687.4,65589.7
2025-11-13 19:15:00+00:00,63838.1,64687.4
2025-11-13 19:30:00+00:00,62638.6,63838.1
2025-11-13 19:45:00+00:00,61677.8,62638.6
2025-11-13 20:00:00+00:00,60860.0,61677.8
2025-11-13 20:15:00+00:00,60202.6,60860.0
2025-11-13 20:30:00+00:00,59118.5,60202.6
2025-11-13 20:45:00+00:00,58005.8,59118.5
2025-11-13 21:00:00+00:00,57011.7,58005.8
2025-11-13 21:15:00+00:00,56190.7,57011.7
2025-11-13 21:30:00+00:00,55175.2,56190.7
2025-11-13 21:45:00+00:00,53754.6,55175.2
2025-11-13 22:00:00+00:00,52541.6,53754.6
2025-11-13 22:15:00+00:00,51447.9,52541.6
2025-11-13 22:30:00+00:00,50954.9,51447.9
2025-11-13 22:45:00+00:00,50034.2,50954.9
2025-11-13 23:00:00+00:00,48883.4,50034.2
2025-11-13 23:15:00+00:00,47988.6,48883.4
2025-11-13 23:30:00+00:00,47300.7,47988.6
2025-11-13 23:45:00+00:00,46348.8,47300.7
2025-11-14 00:00:00+00:00,45930.7,46348.8
2025-11-14 00:15:00+00:00,45677.4,45930.7
2025-11-14 00:30:00+00:00,45009.4,45677.4
2025-11-14 00:45:00+00:00,44398.4,45009.4
2025-11-14 01:00:00+00:00,44292.6,44398.4
2025-11-14 01:15:00+00:00,44475.3,44292.6
2025-11-14 01:30:00+00:00,44597.5,44475.3
2025-11-14 01:45:00+00:00,44704.2,44597.5
2025-11-14 02:00:00+00:00,45006.0,44704.2
2025-11-14 02:15:00+00:00,44760.2,45006.0
2025-11-14 02:30:00+00:00,44941.9,44760.2
2025-11-14 02:45:00+00:00,44781.2,44941.9
2025-11-14 03:00:00+00:00,45420.2,44781.2
2025-11-14 03:15:00+00:00,45469.2,45420.2
2025-11-14 03:30:00+00:00,46247.4,45469.2
2025-11-14 03:45:00+00:00,46807.5,46247.4
2025-11-14 04:00:00+00:00,47756.9,46807.5
2025-11-14 04:15:00+00:00,48575.6,47756.9
2025-11-14 04:30:00+00:00,49900.3,48575.6
2025-11-14 04:45:00+00:00,51782.1,49900.3
2025-11-14 05:00:00+00:00,54620.6,51782.1
2025-11-14 05:15:00+00:00,56869.5,54620.6
2025-11-14 05:30:00+00:00,58559.0,56869.5
2025-11-14 05:45:00+00:00,60233.8,58559.0
2025-11-14 06:00:00+00:00,61756.2,60233.8
2025-11-14 06:15:00+00:00,62738.9,61756.2
2025-11-14 06:30:00+00:00,63195.0,62738.9
2025-11-14 06:45:00+00:00,63723.7,63195.0
2025-11-14 07:00:00+00:00,64525.7,63723.7
2025-11-14 07:15:00+00:00,65041.6,64525.7
2025-11-14 07:30:00+00:00,65034.8,65041.6
2025-11-14 07:45:00+00:00,65249.7,65034.8
2025-11-14 08:00:00+00:00,65064.8,65249.7
2025-11-14 08:15:00+00:00,64767.6,65064.8
2025-11-14 08:30:00+00:00,64877.6,64767.6
2025-11-14 08:45:00+00:00,65501.0,64877.6
2025-11-14 09:00:00+00:00,65404.2,65501.0
2025-11-14 09:15:00+00:00,65449.8,65404.2
2025-11-14 09:30:00+00:00,65305.2,65449.8
2025-11-14 09:45:00+00:00,65389.2,65305.2
2025-11-14 10:00:00+00:00,65506.3,65389.2
2025-11-14 10:15:00+00:00,65423.3,65506.3
2025-11-14 10:30:00+00:00,65489.2,65423.3
2025-11-14 10:45:00+00:00,65633.5,65489.2
2025-11-14 11:00:00+00:00,65274.6,65633.5
2025-11-14 11:15:00+00:00,64876.9,65274.6
2025-11-14 11:30:00+00:00,65040.1,64876.9
2025-11-14 11:45:00+00:00,64516.5,65040.1
2025-11-14 12:00:00+00:00,63934.8,64516.5
2025-11-14 12:15:00+00:00,63714.8,63934.8
2025-11-14 12:30:00+00:00,63362.8,63714.8
2025-11-14 12:45:00+00:00,62642.0,63362.8
2025-11-14 13:00:00+00:00,62428.9,62642.0
2025-11-14 13:15:00+00:00,62460.0,62428.9
2025-11-14 13:30:00+00:00,62308.5,62460.0
2025-11-14 13:45:00+00:00,62474.8,62308.5
2025-11-14 14:00:00+00:00,62673.2,62474.8
2025-11-14 14:15:00+00:00,62721.3,62673.2
2025-11-14 14:30:00+00:00,62753.2,62721.3
2025-11-14 14:45:00+00:00,62681.1,62753.2
2025-11-14 15:00:00+00:00,63400.2,62681.1
2025-11-14 15:15:00+00:00,63965.8,63400.2
2025-11-14 15:30:00+00:00,64266.0,63965.8
2025-11-14 15:45:00+00:00,65046.8,64266.0
2025-11-14 16:00:00+00:00,65922.3,65046.8
2025-11-14 16:15:00+00:00,66428.0,65922.3
2025-11-14 16:30:00+00:00,66657.2,66428.0
2025-11-14 16:45:00+00:00,66691.8,66657.2
2025-11-14 17:00:00+00:00,66389.1,66691.8
2025-11-14 17:15:00+00:00,65984.8,66389.1
2025-11-14 17:30:00+00:00,65596.2,65984.8
2025-11-14 17:45:00+00:00,65504.2,65596.2
2025-11-14 18:00:00+00:00,64297.4,65504.2
2025-11-14 18:15:00+00:00,63437.8,64297.4
2025-11-14 18:30:00+00:00,62984.7,63437.8
2025-11-14 18:45:00+00:00,62141.1,62984.7
2025-11-14 19:00:00+00:00,60547.7,62141.1
2025-11-14 19:15:00+00:00,59558.2,60547.7
2025-11-14 19:30:00+00:00,58909.6,59558.2
2025-11-14 19:45:00+00:00,58072.6,58909.6
2025-11-14 20:00:00+00:00,57548.5,58072.6
2025-11-14 20:15:00+00:00,56542.4,57548.5
2025-11-14 20:30:00+00:00,55759.6,56542.4
2025-11-14 20:45:00+00:00,55205.9,55759.6
2025-11-14 21:00:00+00:00,54307.4,55205.9
2025-11-14 21:15:00+00:00,53690.3,54307.4
2025-11-14 21:30:00+00:00,53012.1,53690.3
2025-11-14 21:45:00+00:00,51893.3,53012.1
2025-11-14 22:00:00+00:00,50887.7,51893.3
2025-11-14 22:15:00+00:00,50231.1,50887.7
2025-11-14 22:30:00+00:00,49755.8,50231.1
2025-11-14 22:45:00+00:00,48944.9,49755.8
2025-11-14 23:00:00+00:00,47607.1,48944.9
2025-11-14 23:15:00+00:00,47266.3,47607.1
2025-11-14 23:30:00+00:00,46840.0,47266.3
2025-11-14 23:45:00+00:00,46664.4,46840.0
2025-11-15 00:00:00+00:00,45968.6,46664.4
2025-11-15 00:15:00+00:00,45548.6,45968.6
2025-11-15 00:30:00+00:00,44962.1,45548.6
2025-11-15 00:45:00+00:00,44775.0,44962.1
2025-11-15 01:00:00+00:00,44264.8,44775.0
2025-11-15 01:15:00+00:00,43905.6,44264.8
2025-11-15 01:30:00+00:00,43688.9,43905.6
2025-11-15 01:45:00+00:00,43625.8,43688.9
2025-11-15 02:00:00+00:00,42778.5,43625.8
2025-11-15 02:15:00+00:00,42663.5,42778.5
2025-11-15 02:30:00+00:00,42960.6,42663.5
2025-11-15 02:45:00+00:00,42923.0,42960.6
2025-11-15 03:00:00+00:00,43028.3,42923.0
2025-11-15 03:15:00+00:00,43516.7,43028.3
2025-11-15 03:30:00+00:00,44018.4,43516.7
2025-11-15 03:45:00+00:00,44029.4,44018.4
2025-11-15 04:00:00+00:00,44400.0,44029.4
2025-11-15 04:15:00+00:00,44228.0,44400.0
2025-11-15 04:30:00+00:00,44551.7,44228.0
2025-11-15 04:45:00+00:00,44996.3,44551.7
2025-11-15 05:00:00+00:00,46689.0,44996.3
2025-11-15 05:15:00+00:00,47073.0,46689.0
2025-11-15 05:30:00+00:00,47829.5,47073.0
2025-11-15 05:45:00+00:00,48523.3,47829.5
2025-11-15 06:00:00+00:00,49334.1,48523.3
2025-11-15 06:15:00+00:00,49867.8,49334.1
2025-11-15 06:30:00+00:00,50136.3,49867.8
2025-11-15 06:45:00+00:00,50366.4,50136.3
2025-11-15 07:00:00+00:00,51628.5,50366.4
2025-11-15 07:15:00+00:00,52198.5,51628.5
2025-11-15 07:30:00+00:00,53077.6,52198.5
2025-11-15 07:45:00+00:00,53406.1,53077.6
2025-11-15 08:00:00+00:00,54380.9,53406.1
2025-11-15 08:15:00+00:00,54969.7,54380.9
2025-11-15 08:30:00+00:00,55445.3,54969.7
2025-11-15 08:45:00+00:00,55671.7,55445.3
2025-11-15 09:00:00+00:00,56318.8,55671.7
2025-11-15 09:15:00+00:00,56537.2,56318.8
2025-11-15 09:30:00+00:00,56891.3,56537.2
2025-11-15 09:45:00+00:00,57203.7,56891.3
2025-11-15 10:00:00+00:00,57594.9,57203.7
2025-11-15 10:15:00+00:00,57559.4,57594.9
2025-11-15 10:30:00+00:00,57820.2,57559.4
2025-11-15 10:45:00+00:00,57480.8,57820.2
2025-11-15 11:00:00+00:00,56967.8,57480.8
2025-11-15 11:15:00+00:00,56708.1,56967.8
2025-11-15 11:30:00+00:00,56032.4,56708.1
2025-11-15 11:45:00+00:00,55661.3,56032.4
2025-11-15 12:00:00+00:00,55590.9,55661.3
2025-11-15 12:15:00+00:00,54985.5,55590.9
2025-11-15 12:30:00+00:00,54957.1,54985.5
2025-11-15 12:45:00+00:00,54758.0,54957.1
2025-11-15 13:00:00+00:00,54912.8,54758.0
2025-11-15 13:15:00+00:00,54519.2,54912.8
2025-11-15 13:30:00+00:00,54342.2,54519.2
2025-11-15 13:45:00+00:00,54345.7,54342.2
2025-11-15 14:00:00+00:00,54497.0,54345.7
2025-11-15 14:15:00+00:00,54471.3,54497.0
2025-11-15 14:30:00+00:00,54822.9,54471.3
2025-11-15 14:45:00+00:00,54990.7,54822.9
2025-11-15 15:00:00+00:00,55452.7,54990.7
2025-11-15 15:15:00+00:00,55884.5,55452.7
2025-11-15 15:30:00+00:00,56350.2,55884.5
2025-11-15 15:45:00+00:00,56867.6,56350.2
2025-11-15 16:00:00+00:00,57920.1,56867.6
2025-11-15 16:15:00+00:00,58321.4,57920.1
2025-11-15 16:30:00+00:00,58603.3,58321.4
2025-11-15 16:45:00+00:00,58636.8,58603.3
2025-11-15 17:00:00+00:00,58874.2,58636.8
2025-11-15 17:15:00+00:00,58780.8,58874.2
2025-11-15 17:30:00+00:00,58364.3,58780.8
2025-11-15 17:45:00+00:00,57859.6,58364.3
2025-11-15 18:00:00+00:00,56863.9,57859.6
2025-11-15 18:15:00+00:00,56355.4,56863.9
2025-11-15 18:30:00+00:00,55580.6,56355.4
2025-11-15 18:45:00+00:00,54848.6,55580.6
2025-11-15 19:00:00+00:00,54505.3,54848.6
2025-11-15 19:15:00+00:00,53406.7,54505.3
2025-11-15 19:30:00+00:00,52699.1,53406.7
2025-11-15 19:45:00+00:00,51865.2,52699.1
2025-11-15 20:00:00+00:00,51277.3,51865.2
2025-11-15 20:15:00+00:00,50401.2,51277.3
2025-11-15 20:30:00+00:00,49811.6,50401.2
2025-11-15 20:45:00+00:00,49263.5,49811.6
2025-11-15 21:00:00+00:00,49156.9,49263.5
2025-11-15 21:15:00+00:00,48600.6,49156.9
2025-11-15 21:30:00+00:00,47607.3,48600.6
2025-11-15 21:45:00+00:00,46967.3,47607.3
2025-11-15 22:00:00+00:00,46401.2,46967.3
2025-11-15 22:15:00+00:00,45703.8,46401.2
2025-11-15 22:30:00+00:00,44741.6,45703.8
2025-11-15 22:45:00+00:00,44074.9,44741.6
2025-11-15 23:00:00+00:00,43776.6,44074.9
2025-11-15 23:15:00+00:00,43023.4,43776.6
2025-11-15 23:30:00+00:00,42674.2,43023.4
2025-11-15 23:45:00+00:00,41876.5,42674.2
2025-11-16 00:00:00+00:00,41319.6,41876.5
2025-11-16 00:15:00+00:00,40868.5,41319.6
2025-11-16 00:30:00+00:00,40425.0,40868.5
2025-11-16 00:45:00+00:00,39883.4,40425.0
2025-11-16 01:00:00+00:00,39996.7,39883.4
2025-11-16 01:15:00+00:00,39775.4,39996.7
2025-11-16 01:30:00+00:00,39790.2,39775.4
2025-11-16 01:45:00+00:00,39295.3,39790.2
2025-11-16 02:00:00+00:00,39295.3,39295.3
2025-11-16 02:15:00+00:00,39201.9,39295.3
2025-11-16 02:30:00+00:00,39180.8,39201.9
2025-11-16 02:45:00+00:00,39123.9,39180.8
2025-11-16 03:00:00+00:00,39099.4,39123.9
2025-11-16 03:15:00+00:00,39050.5,39099.4
2025-11-16 03:30:00+00:00,39248.3,39050.5
2025-11-16 03:45:00+00:00,39654.7,39248.3
2025-11-16 04:00:00+00:00,39777.0,39654.7
2025-11-16 04:15:00+00:00,40027.5,39777.0
2025-11-16 04:30:00+00:00,39824.8,40027.5
2025-11-16 04:45:00+00:00,39630.3,39824.8
2025-11-16 05:00:00+00:00,40276.2,39630.3
2025-11-16 05:15:00+00:00,40368.4,40276.2
2025-11-16 05:30:00+00:00,41019.1,40368.4
2025-11-16 05:45:00+00:00,41442.0,41019.1
2025-11-16 06:00:00+00:00,42046.4,41442.0
2025-11-16 06:15:00+00:00,42935.3,42046.4
2025-11-16 06:30:00+00:00,43430.1,42935.3
2025-11-16 06:45:00+00:00,44133.6,43430.1
2025-11-16 07:00:00+00:00,45253.0,44133.6
2025-11-16 07:15:00+00:00,45759.0,45253.0
2025-11-16 07:30:00+00:00,46513.7,45759.0
2025-11-16 07:45:00+00:00,46983.0,46513.7
2025-11-16 08:00:00+00:00,47703.3,46983.0
2025-11-16 08:15:00+00:00,48267.8,47703.3
2025-11-16 08:30:00+00:00,49214.1,48267.8
2025-11-16 08:45:00+00:00,49561.4,49214.1
2025-11-16 09:00:00+00:00,50033.5,49561.4
2025-11-16 09:15:00+00:00,50335.6,50033.5
2025-11-16 09:30:00+00:00,50874.6,50335.6
2025-11-16 09:45:00+00:00,51506.9,50874.6
2025-11-16 10:00:00+00:00,51955.1,51506.9
2025-11-16 10:15:00+00:00,52729.6,51955.1
2025-11-16 10:30:00+00:00,53207.9,52729.6
2025-11-16 10:45:00+00:00,52986.5,53207.9
2025-11-16 11:00:00+00:00,53013.0,52986.5
2025-11-16 11:15:00+00:00,52671.9,53013.0
2025-11-16 11:30:00+00:00,52646.9,52671.9
2025-11-16 11:45:00+00:00,52435.6,52646.9
2025-11-16 12:00:00+00:00,52138.6,52435.6
2025-11-16 12:15:00+00:00,51484.0,52138.6
2025-11-16 12:30:00+00:00,51304.7,51484.0
2025-11-16 12:45:00+00:00,50765.5,51304.7
2025-11-16 13:00:00+00:00,50829.1,50765.5
2025-11-16 13:15:00+00:00,50599.3,50829.1
2025-11-16 13:30:00+00:00,50549.7,50599.3
2025-11-16 13:45:00+00:00,50805.1,50549.7
2025-11-16 14:00:00+00:00,50780.9,50805.1
2025-11-16 14:15:00+00:00,50900.6,50780.9
2025-11-16 14:30:00+00:00,51267.0,50900.6
2025-11-16 14:45:00+00:00,51454.8,51267.0
2025-11-16 15:00:00+00:00,52155.0,51454.8
2025-11-16 15:15:00+00:00,52562.2,52155.0
2025-11-16 15:30:00+00:00,53296.9,52562.2
2025-11-16 15:45:00+00:00,54306.0,53296.9
2025-11-16 16:00:00+00:00,55185.8,54306.0
2025-11-16 16:15:00+00:00,55862.5,55185.8
2025-11-16 16:30:00+00:00,56015.8,55862.5
2025-11-16 16:45:00+00:00,56408.7,56015.8
2025-11-16 17:00:00+00:00,56525.0,56408.7
2025-11-16 17:15:00+00:00,56243.4,56525.0
2025-11-16 17:30:00+00:00,55969.1,56243.4
2025-11-16 17:45:00+00:00,55545.9,55969.1
2025-11-16 18:00:00+00:00,55014.0,55545.9
2025-11-16 18:15:00+00:00,54604.9,55014.0
2025-11-16 18:30:00+00:00,54224.7,54604.9
2025-11-16 18:45:00+00:00,54092.1,54224.7
2025-11-16 19:00:00+00:00,53615.8,54092.1
2025-11-16 19:15:00+00:00,53401.2,53615.8
2025-11-16 19:30:00+00:00,52642.9,53401.2
2025-11-16 19:45:00+00:00,51932.7,52642.9
2025-11-16 20:00:00+00:00,51584.5,51932.7
2025-11-16 20:15:00+00:00,51352.1,51584.5
2025-11-16 20:30:00+00:00,51020.5,51352.1
2025-11-16 20:45:00+00:00,50858.6,51020.5
2025-11-16 21:00:00+00:00,50693.9,50858.6
2025-11-16 21:15:00+00:00,50272.9,50693.9
2025-11-16 21:30:00+00:00,49779.1,50272.9
2025-11-16 21:45:00+00:00,49194.1,49779.1
2025-11-16 22:00:00+00:00,48822.7,49194.1
2025-11-16 22:15:00+00:00,48061.0,48822.7
2025-11-16 22:30:00+00:00,47343.2,48061.0
2025-11-16 22:45:00+00:00,46548.1,47343.2
2025-11-16 23:00:00+00:00,45891.7,46548.1
2025-11-16 23:15:00+00:00,45140.8,45891.7
2025-11-16 23:30:00+00:00,44803.2,45140.8
2025-11-16 23:45:00+00:00,44925.6,44803.2
2025-11-17 00:00:00+00:00,43815.1,44925.6
2025-11-17 00:15:00+00:00,43419.5,43815.1
2025-11-17 00:30:00+00:00,42833.1,43419.5
2025-11-17 00:45:00+00:00,42833.4,42833.1
2025-11-17 01:00:00+00:00,42969.3,42833.4
2025-11-17 01:15:00+00:00,42986.0,42969.3
2025-11-17 01:30:00+00:00,43368.9,42986.0
2025-11-17 01:45:00+00:00,43545.2,43368.9
2025-11-17 02:00:00+00:00,44401.3,43545.2
2025-11-17 02:15:00+00:00,44596.3,44401.3
2025-11-17 02:30:00+00:00,44984.2,44596.3
2025-11-17 02:45:00+00:00,45002.5,44984.2
2025-11-17 03:00:00+00:00,45783.9,45002.5
2025-11-17 03:15:00+00:00,46282.0,45783.9
2025-11-17 03:30:00+00:00,46667.7,46282.0
2025-11-17 03:45:00+00:00,47386.9,46667.7
2025-11-17 04:00:00+00:00,48168.8,47386.9
2025-11-17 04:15:00+00:00,48905.1,48168.8
2025-11-17 04:30:00+00:00,50582.0,48905.1
2025-11-17 04:45:00+00:00,52512.9,50582.0
2025-11-17 05:00:00+00:00,55682.0,52512.9
2025-11-17 05:15:00+00:00,58362.7,55682.0
2025-11-17 05:30:00+00:00,60646.8,58362.7
2025-11-17 05:45:00+00:00,62117.3,60646.8
2025-11-17 06:00:00+00:00,63787.4,62117.3
2025-11-17 06:15:00+00:00,64767.4,63787.4
2025-11-17 06:30:00+00:00,65113.2,64767.4
2025-11-17 06:45:00+00:00,66132.7,65113.2
2025-11-17 07:00:00+00:00,67345.9,66132.7
2025-11-17 07:15:00+00:00,67678.1,67345.9
2025-11-17 07:30:00+00:00,68163.1,67678.1
2025-11-17 07:45:00+00:00,68369.0,68163.1
2025-11-17 08:00:00+00:00,68120.1,68369.0
2025-11-17 08:15:00+00:00,68191.9,68120.1
2025-11-17 08:30:00+00:00,68841.6,68191.9
2025-11-17 08:45:00+00:00,68999.6,68841.6
2025-11-17 09:00:00+00:00,68711.2,68999.6
2025-11-17 09:15:00+00:00,68757.9,68711.2
2025-11-17 09:30:00+00:00,69225.0,68757.9
2025-11-17 09:45:00+00:00,69371.0,69225.0
2025-11-17 10:00:00+00:00,69244.1,69371.0
2025-11-17 10:15:00+00:00,69770.3,69244.1
2025-11-17 10:30:00+00:00,70061.9,69770.3
2025-11-17 10:45:00+00:00,70228.7,70061.9
2025-11-17 11:00:00+00:00,69552.2,70228.7
2025-11-17 11:15:00+00:00,69623.8,69552.2
2025-11-17 11:30:00+00:00,69774.8,69623.8
2025-11-17 11:45:00+00:00,69828.2,69774.8
2025-11-17 12:00:00+00:00,69659.3,69828.2
2025-11-17 12:15:00+00:00,69433.3,69659.3
2025-11-17 12:30:00+00:00,68856.8,69433.3
2025-11-17 12:45:00+00:00,68442.5,68856.8
2025-11-17 13:00:00+00:00,68664.9,68442.5
2025-11-17 13:15:00+00:00,68508.6,68664.9
2025-11-17 13:30:00+00:00,68082.7,68508.6
2025-11-17 13:45:00+00:00,67494.5,68082.7
2025-11-17 14:00:00+00:00,68323.7,67494.5
2025-11-17 14:15:00+00:00,68329.1,68323.7
2025-11-17 14:30:00+00:00,68412.5,68329.1
2025-11-17 14:45:00+00:00,68678.4,68412.5
2025-11-17 15:00:00+00:00,69220.6,68678.4
2025-11-17 15:15:00+00:00,69502.4,69220.6
2025-11-17 15:30:00+00:00,69686.5,69502.4
2025-11-17 15:45:00+00:00,70417.4,69686.5
2025-11-17 16:00:00+00:00,71787.2,70417.4
2025-11-17 16:15:00+00:00,72422.3,71787.2
2025-11-17 16:30:00+00:00,72736.2,72422.3
2025-11-17 16:45:00+00:00,71863.8,72736.2
2025-11-17 17:00:00+00:00,71140.9,71863.8
2025-11-17 17:15:00+00:00,70485.6,71140.9
2025-11-17 17:30:00+00:00,69957.7,70485.6
2025-11-17 17:45:00+00:00,69475.0,69957.7
2025-11-17 18:00:00+00:00,68926.8,69475.0
2025-11-17 18:15:00+00:00,68502.9,68926.8
2025-11-17 18:30:00+00:00,68881.7,68502.9
2025-11-17 18:45:00+00:00,68410.5,68881.7
2025-11-17 19:00:00+00:00,67247.7,68410.5
2025-11-17 19:15:00+00:00,66399.2,67247.7
2025-11-17 19:30:00+00:00,65519.8,66399.2
2025-11-17 19:45:00+00:00,64943.1,65519.8
2025-11-17 20:00:00+00:00,63966.4,64943.1
2025-11-17 20:15:00+00:00,63630.5,63966.4
2025-11-17 20:30:00+00:00,62665.0,63630.5
2025-11-17 20:45:00+00:00,61845.1,62665.0
2025-11-17 21:00:00+00:00,59928.0,61845.1
2025-11-17 21:15:00+00:00,59101.7,59928.0
2025-11-17 21:30:00+00:00,57871.2,59101.7
2025-11-17 21:45:00+00:00,56715.2,57871.2
2025-11-17 22:00:00+00:00,55321.6,56715.2
2025-11-17 22:15:00+00:00,54765.3,55321.6
2025-11-17 22:30:00+00:00,54202.8,54765.3
2025-11-17 22:45:00+00:00,53509.4,54202.8
2025-11-17 23:00:00+00:00,52566.8,53509.4
2025-11-17 23:15:00+00:00,51528.0,52566.8
2025-11-17 23:30:00+00:00,51442.4,51528.0
2025-11-17 23:45:00+00:00,51313.0,51442.4
2025-11-18 00:00:00+00:00,51055.5,51313.0
2025-11-18 00:15:00+00:00,50259.9,51055.5
2025-11-18 00:30:00+00:00,50178.8,50259.9
2025-11-18 00:45:00+00:00,50581.1,50178.8
2025-11-18 01:00:00+00:00,50130.5,50581.1
2025-11-18 01:15:00+00:00,50118.4,50130.5
2025-11-18 01:30:00+00:00,49979.6,50118.4
2025-11-18 01:45:00+00:00,50278.9,49979.6
2025-11-18 02:00:00+00:00,50418.4,50278.9
2025-11-18 02:15:00+00:00,50574.0,50418.4
2025-11-18 02:30:00+00:00,50508.0,50574.0
2025-11-18 02:45:00+00:00,50738.9,50508.0
2025-11-18 03:00:00+00:00,51295.1,50738.9
2025-11-18 03:15:00+00:00,51706.3,51295.1
2025-11-18 03:30:00+00:00,52313.6,51706.3
2025-11-18 03:45:00+00:00,53059.1,52313.6
2025-11-18 04:00:00+00:00,54848.5,53059.1
2025-11-18 04:15:00+00:00,55935.9,54848.5
2025-11-18 04:30:00+00:00,57087.2,55935.9
2025-11-18 04:45:00+00:00,58026.0,57087.2
2025-11-18 05:00:00+00:00,60787.3,58026.0
2025-11-18 05:15:00+00:00,63332.6,60787.3
2025-11-18 05:30:00+00:00,65464.6,63332.6
2025-11-18 05:45:00+00:00,67387.3,65464.6
2025-11-18 06:00:00+00:00,69096.9,67387.3
2025-11-18 06:15:00+00:00,70188.1,69096.9
2025-11-18 06:30:00+00:00,70443.7,70188.1
2025-11-18 06:45:00+00:00,71206.2,70443.7
2025-11-18 07:00:00+00:00,72351.5,71206.2
2025-11-18 07:15:00+00:00,72642.3,72351.5
2025-11-18 07:30:00+00:00,72963.6,72642.3
2025-11-18 07:45:00+00:00,72579.0,72963.6
2025-11-18 08:00:00+00:00,71245.3,72579.0
2025-11-18 08:15:00+00:00,70795.7,71245.3
2025-11-18 08:30:00+00:00,71060.2,70795.7
2025-11-18 08:45:00+00:00,71553.3,71060.2
2025-11-18 09:00:00+00:00,71179.4,71553.3
2025-11-18 09:15:00+00:00,70780.8,71179.4
2025-11-18 09:30:00+00:00,70830.8,70780.8
2025-11-18 09:45:00+00:00,70501.4,70830.8
2025-11-18 10:00:00+00:00,69886.9,70501.4
2025-11-18 10:15:00+00:00,70077.6,69886.9
2025-11-18 10:30:00+00:00,70630.5,70077.6
2025-11-18 10:45:00+00:00,70188.8,70630.5
2025-11-18 11:00:00+00:00,69344.5,70188.8
2025-11-18 11:15:00+00:00,69056.9,69344.5
2025-11-18 11:30:00+00:00,68824.2,69056.9
2025-11-18 11:45:00+00:00,68587.1,68824.2
2025-11-18 12:00:00+00:00,68760.0,68587.1
2025-11-18 12:15:00+00:00,68556.1,68760.0
2025-11-18 12:30:00+00:00,68291.4,68556.1
2025-11-18 12:45:00+00:00,67830.3,68291.4
2025-11-18 13:00:00+00:00,67531.0,67830.3
2025-11-18 13:15:00+00:00,67789.5,67531.0
2025-11-18 13:30:00+00:00,68000.7,67789.5
2025-11-18 13:45:00+00:00,67207.5,68000.7
2025-11-18 14:00:00+00:00,68303.5,67207.5
2025-11-18 14:15:00+00:00,68014.8,68303.5
2025-11-18 14:30:00+00:00,67959.9,68014.8
2025-11-18 14:45:00+00:00,68043.4,67959.9
2025-11-18 15:00:00+00:00,68504.0,68043.4
2025-11-18 15:15:00+00:00,69133.8,68504.0
2025-11-18 15:30:00+00:00,69784.5,69133.8
2025-11-18 15:45:00+00:00,70797.7,69784.5
2025-11-18 16:00:00+00:00,71457.6,70797.7
2025-11-18 16:15:00+00:00,72098.7,71457.6
2025-11-18 16:30:00+00:00,72109.9,72098.7
2025-11-18 16:45:00+00:00,71671.6,72109.9
2025-11-18 17:00:00+00:00,71612.5,71671.6
2025-11-18 17:15:00+00:00,71583.3,71612.5
2025-11-18 17:30:00+00:00,71106.0,71583.3
2025-11-18 17:45:00+00:00,70717.7,71106.0
2025-11-18 18:00:00+00:00,70417.9,70717.7
2025-11-18 18:15:00+00:00,69444.2,70417.9
2025-11-18 18:30:00+00:00,69097.0,69444.2
2025-11-18 18:45:00+00:00,68170.7,69097.0
2025-11-18 19:00:00+00:00,67219.1,68170.7
2025-11-18 19:15:00+00:00,66243.2,67219.1
2025-11-18 19:30:00+00:00,65523.2,66243.2
2025-11-18 19:45:00+00:00,64416.9,65523.2
2025-11-18 20:00:00+00:00,63469.8,64416.9
2025-11-18 20:15:00+00:00,62402.4,63469.8
2025-11-18 20:30:00+00:00,61860.6,62402.4
2025-11-18 20:45:00+00:00,60413.0,61860.6
2025-11-18 21:00:00+00:00,59096.0,60413.0
2025-11-18 21:15:00+00:00,58285.2,59096.0
2025-11-18 21:30:00+00:00,57350.1,58285.2
2025-11-18 21:45:00+00:00,56288.9,57350.1
2025-11-18 22:00:00+00:00,55170.5,56288.9
2025-11-18 22:15:00+00:00,54181.4,55170.5
2025-11-18 22:30:00+00:00,53858.8,54181.4
2025-11-18 22:45:00+00:00,53453.0,53858.8
2025-11-18 23:00:00+00:00,53095.9,53453.0
2025-11-18 23:15:00+00:00,52657.9,53095.9
2025-11-18 23:30:00+00:00,51775.0,52657.9
2025-11-18 23:45:00+00:00,51577.0,51775.0
2025-11-19 00:00:00+00:00,50614.2,51577.0
2025-11-19 00:15:00+00:00,49902.3,50614.2
2025-11-19 00:30:00+00:00,49470.0,49902.3
2025-11-19 00:45:00+00:00,49397.8,49470.0
2025-11-19 01:00:00+00:00,49334.4,49397.8
2025-11-19 01:15:00+00:00,49517.5,49334.4
2025-11-19 01:30:00+00:00,49291.7,49517.5
2025-11-19 01:45:00+00:00,49120.7,49291.7
2025-11-19 02:00:00+00:00,49191.5,49120.7
2025-11-19 02:15:00+00:00,49257.6,49191.5
2025-11-19 02:30:00+00:00,49236.9,49257.6
2025-11-19 02:45:00+00:00,49496.5,49236.9
2025-11-19 03:00:00+00:00,49892.2,49496.5
2025-11-19 03:15:00+00:00,49997.8,49892.2
2025-11-19 03:30:00+00:00,50138.0,49997.8
2025-11-19 03:45:00+00:00,50640.2,50138.0
2025-11-19 04:00:00+00:00,52339.1,50640.2
2025-11-19 04:15:00+00:00,52927.1,52339.1
2025-11-19 04:30:00+00:00,54189.4,52927.1
2025-11-19 04:45:00+00:00,55753.8,54189.4
2025-11-19 05:00:00+00:00,58825.6,55753.8
2025-11-19 05:15:00+00:00,60858.9,58825.6
2025-11-19 05:30:00+00:00,62432.4,60858.9
2025-11-19 05:45:00+00:00,64106.5,62432.4
2025-11-19 06:00:00+00:00,66182.4,64106.5
2025-11-19 06:15:00+00:00,67277.1,66182.4
2025-11-19 06:30:00+00:00,67889.3,67277.1
2025-11-19 06:45:00+00:00,68589.8,67889.3
2025-11-19 07:00:00+00:00,68960.0,68589.8
2025-11-19 07:15:00+00:00,69610.0,68960.0
2025-11-19 07:30:00+00:00,69739.2,69610.0
2025-11-19 07:45:00+00:00,69921.0,69739.2
2025-11-19 08:00:00+00:00,69687.5,69921.0
2025-11-19 08:15:00+00:00,69727.0,69687.5
2025-11-19 08:30:00+00:00,70287.3,69727.0
2025-11-19 08:45:00+00:00,70729.5,70287.3
2025-11-19 09:00:00+00:00,70040.4,70729.5
2025-11-19 09:15:00+00:00,70183.0,70040.4
2025-11-19 09:30:00+00:00,68614.1,70183.0
2025-11-19 09:45:00+00:00,70409.0,68614.1
2025-11-19 10:00:00+00:00,70273.3,70409.0
2025-11-19 10:15:00+00:00,70227.5,70273.3
2025-11-19 10:30:00+00:00,70178.3,70227.5
2025-11-19 10:45:00+00:00,70452.9,70178.3
2025-11-19 11:00:00+00:00,69213.8,70452.9
2025-11-19 11:15:00+00:00,68995.8,69213.8
2025-11-19 11:30:00+00:00,68999.7,68995.8
2025-11-19 11:45:00+00:00,68994.6,68999.7
2025-11-19 12:00:00+00:00,68953.7,68994.6
2025-11-19 12:15:00+00:00,68729.7,68953.7
2025-11-19 12:30:00+00:00,68279.4,68729.7
2025-11-19 12:45:00+00:00,67877.4,68279.4
2025-11-19 13:00:00+00:00,67665.2,67877.4
2025-11-19 13:15:00+00:00,67787.9,67665.2
2025-11-19 13:30:00+00:00,67355.7,67787.9
2025-11-19 13:45:00+00:00,67219.9,67355.7
2025-11-19 14:00:00+00:00,67590.9,67219.9
2025-11-19 14:15:00+00:00,67640.4,67590.9
2025-11-19 14:30:00+00:00,68177.4,67640.4
2025-11-19 14:45:00+00:00,68579.4,68177.4
2025-11-19 15:00:00+00:00,68926.2,68579.4
2025-11-19 15:15:00+00:00,69236.6,68926.2
2025-11-19 15:30:00+00:00,69482.6,69236.6
2025-11-19 15:45:00+00:00,70268.8,69482.6
2025-11-19 16:00:00+00:00,70936.8,70268.8
2025-11-19 16:15:00+00:00,71137.5,70936.8
2025-11-19 16:30:00+00:00,71366.5,71137.5
2025-11-19 16:45:00+00:00,71701.9,71366.5
2025-11-19 17:00:00+00:00,71882.2,71701.9
2025-11-19 17:15:00+00:00,71370.9,71882.2
2025-11-19 17:30:00+00:00,71278.5,71370.9
2025-11-19 17:45:00+00:00,71034.9,71278.5
2025-11-19 18:00:00+00:00,70235.5,71034.9
2025-11-19 18:15:00+00:00,69617.0,70235.5
2025-11-19 18:30:00+00:00,69058.5,69617.0
2025-11-19 18:45:00+00:00,68368.9,69058.5
2025-11-19 19:00:00+00:00,66941.0,68368.9
2025-11-19 19:15:00+00:00,66186.2,66941.0
2025-11-19 19:30:00+00:00,65623.7,66186.2
2025-11-19 19:45:00+00:00,64522.3,65623.7
2025-11-19 20:00:00+00:00,63714.2,64522.3
2025-11-19 20:15:00+00:00,63067.3,63714.2
2025-11-19 20:30:00+00:00,62095.5,63067.3
2025-11-19 20:45:00+00:00,60902.3,62095.5
2025-11-19 21:00:00+00:00,60058.5,60902.3
2025-11-19 21:15:00+00:00,59332.0,60058.5
2025-11-19 21:30:00+00:00,58170.1,59332.0
2025-11-19 21:45:00+00:00,57029.8,58170.1
2025-11-19 22:00:00+00:00,56110.0,57029.8
2025-11-19 22:15:00+00:00,54967.5,56110.0
2025-11-19 22:30:00+00:00,54093.9,54967.5
2025-11-19 22:45:00+00:00,53653.3,54093.9
2025-11-19 23:00:00+00:00,51567.8,53653.3
2025-11-19 23:15:00+00:00,50678.3,51567.8
2025-11-19 23:30:00+00:00,50253.6,50678.3
2025-11-19 23:45:00+00:00,49851.8,50253.6
2025-11-20 00:00:00+00:00,49581.9,49851.8
2025-11-20 00:15:00+00:00,49060.0,49581.9
2025-11-20 00:30:00+00:00,48874.7,49060.0
2025-11-20 00:45:00+00:00,49060.2,48874.7
2025-11-20 01:00:00+00:00,49125.6,49060.2
2025-11-20 01:15:00+00:00,48860.5,49125.6
2025-11-20 01:30:00+00:00,48469.7,48860.5
2025-11-20 01:45:00+00:00,48804.5,48469.7
2025-11-20 02:00:00+00:00,48812.4,48804.5
2025-11-20 02:15:00+00:00,49004.0,48812.4
2025-11-20 02:30:00+00:00,49187.9,49004.0
2025-11-20 02:45:00+00:00,49229.3,49187.9
2025-11-20 03:00:00+00:00,49265.2,49229.3
2025-11-20 03:15:00+00:00,49739.1,49265.2
2025-11-20 03:30:00+00:00,49899.5,49739.1
2025-11-20 03:45:00+00:00,50435.6,49899.5
2025-11-20 04:00:00+00:00,51976.1,50435.6
2025-11-20 04:15:00+00:00,52544.2,51976.1
2025-11-20 04:30:00+00:00,53513.4,52544.2
2025-11-20 04:45:00+00:00,55408.5,53513.4
2025-11-20 05:00:00+00:00,58587.1,55408.5
2025-11-20 05:15:00+00:00,60656.7,58587.1
2025-11-20 05:30:00+00:00,62222.7,60656.7
2025-11-20 05:45:00+00:00,63738.9,62222.7
2025-11-20 06:00:00+00:00,65402.9,63738.9
2025-11-20 06:15:00+00:00,66700.0,65402.9
2025-11-20 06:30:00+00:00,67495.2,66700.0
2025-11-20 06:45:00+00:00,68004.2,67495.2
2025-11-20 07:00:00+00:00,69162.3,68004.2
2025-11-20 07:15:00+00:00,69560.2,69162.3
2025-11-20 07:30:00+00:00,69703.5,69560.2
2025-11-20 07:45:00+00:00,69485.4,69703.5
2025-11-20 08:00:00+00:00,69548.4,69485.4
2025-11-20 08:15:00+00:00,69423.0,69548.4
2025-11-20 08:30:00+00:00,69610.9,69423.0
2025-11-20 08:45:00+00:00,69593.2,69610.9
2025-11-20 09:00:00+00:00,69885.2,69593.2
2025-11-20 09:15:00+00:00,70343.0,69885.2
2025-11-20 09:30:00+00:00,70489.2,70343.0
2025-11-20 09:45:00+00:00,70621.5,70489.2
2025-11-20 10:00:00+00:00,70416.8,70621.5
2025-11-20 10:15:00+00:00,70633.2,70416.8
2025-11-20 10:30:00+00:00,70519.8,70633.2
2025-11-20 10:45:00+00:00,70630.3,70519.8
2025-11-20 11:00:00+00:00,70203.8,70630.3
2025-11-20 11:15:00+00:00,70145.2,70203.8
2025-11-20 11:30:00+00:00,70098.7,70145.2
2025-11-20 11:45:00+00:00,69959.8,70098.7
2025-11-20 12:00:00+00:00,69748.5,69959.8
2025-11-20 12:15:00+00:00,69411.4,69748.5
2025-11-20 12:30:00+00:00,69114.8,69411.4
2025-11-20 12:45:00+00:00,68633.1,69114.8
2025-11-20 13:00:00+00:00,68788.9,68633.1
2025-11-20 13:15:00+00:00,68527.0,68788.9
2025-11-20 13:30:00+00:00,68493.7,68527.0
2025-11-20 13:45:00+00:00,68770.8,68493.7
2025-11-20 14:00:00+00:00,69041.6,68770.8
2025-11-20 14:15:00+00:00,68805.1,69041.6
2025-11-20 14:30:00+00:00,68742.0,68805.1
2025-11-20 14:45:00+00:00,69007.0,68742.0
2025-11-20 15:00:00+00:00,69517.0,69007.0
2025-11-20 15:15:00+00:00,70166.3,69517.0
2025-11-20 15:30:00+00:00,71007.6,70166.3
2025-11-20 15:45:00+00:00,71754.7,71007.6
2025-11-20 16:00:00+00:00,72490.9,71754.7
2025-11-20 16:15:00+00:00,72926.4,72490.9
2025-11-20 16:30:00+00:00,73077.9,72926.4
2025-11-20 16:45:00+00:00,73060.7,73077.9
2025-11-20 17:00:00+00:00,72450.7,73060.7
2025-11-20 17:15:00+00:00,72020.7,72450.7
2025-11-20 17:30:00+00:00,71897.8,72020.7
2025-11-20 17:45:00+00:00,71717.0,71897.8
2025-11-20 18:00:00+00:00,71148.1,71717.0
2025-11-20 18:15:00+00:00,70228.3,71148.1
2025-11-20 18:30:00+00:00,70096.7,70228.3
2025-11-20 18:45:00+00:00,69199.6,70096.7
2025-11-20 19:00:00+00:00,68324.4,69199.6
2025-11-20 19:15:00+00:00,67670.9,68324.4
2025-11-20 19:30:00+00:00,66791.2,67670.9
2025-11-20 19:45:00+00:00,65865.8,66791.2
2025-11-20 20:00:00+00:00,65136.8,65865.8
2025-11-20 20:15:00+00:00,64311.6,65136.8
2025-11-20 20:30:00+00:00,63816.4,64311.6
2025-11-20 20:45:00+00:00,63064.6,63816.4
2025-11-20 21:00:00+00:00,61451.8,63064.6
2025-11-20 21:15:00+00:00,60496.6,61451.8
2025-11-20 21:30:00+00:00,59765.4,60496.6
2025-11-20 21:45:00+00:00,58712.0,59765.4
2025-11-20 22:00:00+00:00,57874.7,58712.0
2025-11-20 22:15:00+00:00,57087.7,57874.7
2025-11-20 22:30:00+00:00,56354.0,57087.7
2025-11-20 22:45:00+00:00,55874.3,56354.0
2025-11-20 23:00:00+00:00,55056.0,55874.3
2025-11-20 23:15:00+00:00,54508.3,55056.0
2025-11-20 23:30:00+00:00,53808.6,54508.3
2025-11-20 23:45:00+00:00,53546.7,53808.6
2025-11-21 00:00:00+00:00,52808.2,53546.7
2025-11-21 00:15:00+00:00,52712.9,52808.2
2025-11-21 00:30:00+00:00,52763.2,52712.9
2025-11-21 00:45:00+00:00,52445.7,52763.2
2025-11-21 01:00:00+00:00,52095.3,52445.7
2025-11-21 01:15:00+00:00,51631.3,52095.3
2025-11-21 01:30:00+00:00,51721.8,51631.3
2025-11-21 01:45:00+00:00,51682.4,51721.8
2025-11-21 02:00:00+00:00,51768.7,51682.4
2025-11-21 02:15:00+00:00,51571.6,51768.7
2025-11-21 02:30:00+00:00,51763.9,51571.6
2025-11-21 02:45:00+00:00,51699.2,51763.9
2025-11-21 03:00:00+00:00,52748.8,51699.2
2025-11-21 03:15:00+00:00,52824.8,52748.8
2025-11-21 03:30:00+00:00,53245.1,52824.8
2025-11-21 03:45:00+00:00,53502.9,53245.1
2025-11-21 04:00:00+00:00,54936.7,53502.9
2025-11-21 04:15:00+00:00,55420.4,54936.7
2025-11-21 04:30:00+00:00,56481.4,55420.4
2025-11-21 04:45:00+00:00,57973.0,56481.4
2025-11-21 05:00:00+00:00,60742.4,57973.0
2025-11-21 05:15:00+00:00,62827.2,60742.4
2025-11-21 05:30:00+00:00,63818.1,62827.2
2025-11-21 05:45:00+00:00,65318.6,63818.1
2025-11-21 06:00:00+00:00,67246.2,65318.6
2025-11-21 06:15:00+00:00,68338.5,67246.2
2025-11-21 06:30:00+00:00,69177.9,68338.5
2025-11-21 06:45:00+00:00,69674.1,69177.9
2025-11-21 07:00:00+00:00,70663.6,69674.1
2025-11-21 07:15:00+00:00,71191.8,70663.6
2025-11-21 07:30:00+00:00,71239.4,71191.8
2025-11-21 07:45:00+00:00,70976.4,71239.4
2025-11-21 08:00:00+00:00,70798.0,70976.4
2025-11-21 08:15:00+00:00,70774.1,70798.0
2025-11-21 08:30:00+00:00,70581.5,70774.1
2025-11-21 08:45:00+00:00,70212.7,70581.5
2025-11-21 09:00:00+00:00,70270.2,70212.7
2025-11-21 09:15:00+00:00,70286.5,70270.2
2025-11-21 09:30:00+00:00,70150.4,70286.5
2025-11-21 09:45:00+00:00,70297.2,70150.4
2025-11-21 10:00:00+00:00,69375.2,70297.2
2025-11-21 10:15:00+00:00,69253.1,69375.2
2025-11-21 10:30:00+00:00,69558.0,69253.1
2025-11-21 10:45:00+00:00,69167.1,69558.0
2025-11-21 11:00:00+00:00,68414.3,69167.1
2025-11-21 11:15:00+00:00,68005.7,68414.3
2025-11-21 11:30:00+00:00,67995.4,68005.7
2025-11-21 11:45:00+00:00,67750.0,67995.4
2025-11-21 12:00:00+00:00,67019.0,67750.0
2025-11-21 12:15:00+00:00,66372.4,67019.0
2025-11-21 12:30:00+00:00,65774.6,66372.4
2025-11-21 12:45:00+00:00,64846.7,65774.6
2025-11-21 13:00:00+00:00,64798.8,64846.7
2025-11-21 13:15:00+00:00,64581.7,64798.8
2025-11-21 13:30:00+00:00,64402.7,64581.7
2025-11-21 13:45:00+00:00,64367.5,64402.7
2025-11-21 14:00:00+00:00,64854.4,64367.5
2025-11-21 14:15:00+00:00,64889.9,64854.4
2025-11-21 14:30:00+00:00,64987.5,64889.9
2025-11-21 14:45:00+00:00,65208.5,64987.5
2025-11-21 15:00:00+00:00,65802.2,65208.5
2025-11-21 15:15:00+00:00,66039.9,65802.2
2025-11-21 15:30:00+00:00,66799.2,66039.9
2025-11-21 15:45:00+00:00,67708.9,66799.2
2025-11-21 16:00:00+00:00,68411.3,67708.9
2025-11-21 16:15:00+00:00,68589.1,68411.3
2025-11-21 16:30:00+00:00,68636.8,68589.1
2025-11-21 16:45:00+00:00,68470.6,68636.8
2025-11-21 17:00:00+00:00,68094.4,68470.6
2025-11-21 17:15:00+00:00,67751.9,68094.4
2025-11-21 17:30:00+00:00,67417.3,67751.9
2025-11-21 17:45:00+00:00,67105.4,67417.3
2025-11-21 18:00:00+00:00,66576.9,67105.4
2025-11-21 18:15:00+00:00,65823.8,66576.9
2025-11-21 18:30:00+00:00,65502.0,65823.8
2025-11-21 18:45:00+00:00,64600.4,65502.0
2025-11-21 19:00:00+00:00,64025.0,64600.4
2025-11-21 19:15:00+00:00,62997.3,64025.0
2025-11-21 19:30:00+00:00,61667.9,62997.3
2025-11-21 19:45:00+00:00,60728.3,61667.9
2025-11-21 20:00:00+00:00,59946.4,60728.3
2025-11-21 20:15:00+00:00,59513.0,59946.4
2025-11-21 20:30:00+00:00,59037.5,59513.0
2025-11-21 20:45:00+00:00,58233.2,59037.5
2025-11-21 21:00:00+00:00,57615.3,58233.2
2025-11-21 21:15:00+00:00,57199.4,57615.3
2025-11-21 21:30:00+00:00,56445.4,57199.4
2025-11-21 21:45:00+00:00,55403.2,56445.4
2025-11-21 22:00:00+00:00,54522.7,55403.2
2025-11-21 22:15:00+00:00,53714.4,54522.7
2025-11-21 22:30:00+00:00,53207.4,53714.4
2025-11-21 22:45:00+00:00,52803.5,53207.4
2025-11-21 23:00:00+00:00,52684.8,52803.5
2025-11-21 23:15:00+00:00,51567.6,52684.8
2025-11-21 23:30:00+00:00,51081.0,51567.6
2025-11-21 23:45:00+00:00,50521.3,51081.0
2025-11-22 00:00:00+00:00,50294.2,50521.3
2025-11-22 00:15:00+00:00,50034.8,50294.2
2025-11-22 00:30:00+00:00,49889.1,50034.8
2025-11-22 00:45:00+00:00,49366.3,49889.1
2025-11-22 01:00:00+00:00,49546.4,49366.3
2025-11-22 01:15:00+00:00,49830.7,49546.4
2025-11-22 01:30:00+00:00,49717.8,49830.7
2025-11-22 01:45:00+00:00,49866.1,49717.8
2025-11-22 02:00:00+00:00,48984.9,49866.1
2025-11-22 02:15:00+00:00,49140.6,48984.9
2025-11-22 02:30:00+00:00,49065.9,49140.6
2025-11-22 02:45:00+00:00,49010.4,49065.9
2025-11-22 03:00:00+00:00,49196.6,49010.4
2025-11-22 03:15:00+00:00,49147.5,49196.6
2025-11-22 03:30:00+00:00,49215.5,49147.5
2025-11-22 03:45:00+00:00,49212.0,49215.5
2025-11-22 04:00:00+00:00,49317.4,49212.0
2025-11-22 04:15:00+00:00,49333.5,49317.4
2025-11-22 04:30:00+00:00,49472.2,49333.5
2025-11-22 04:45:00+00:00,50095.5,49472.2
2025-11-22 05:00:00+00:00,50467.0,50095.5
2025-11-22 05:15:00+00:00,51027.9,50467.0
2025-11-22 05:30:00+00:00,51596.0,51027.9
2025-11-22 05:45:00+00:00,51975.7,51596.0
2025-11-22 06:00:00+00:00,52686.3,51975.7
2025-11-22 06:15:00+00:00,53382.5,52686.3
2025-11-22 06:30:00+00:00,54216.6,53382.5
2025-11-22 06:45:00+00:00,54975.5,54216.6
2025-11-22 07:00:00+00:00,55686.5,54975.5
2025-11-22 07:15:00+00:00,56656.1,55686.5
2025-11-22 07:30:00+00:00,57458.7,56656.1
2025-11-22 07:45:00+00:00,58040.0,57458.7
2025-11-22 08:00:00+00:00,58482.1,58040.0
2025-11-22 08:15:00+00:00,59142.3,58482.1
2025-11-22 08:30:00+00:00,59362.2,59142.3
2025-11-22 08:45:00+00:00,59888.4,59362.2
2025-11-22 09:00:00+00:00,60491.5,59888.4
2025-11-22 09:15:00+00:00,61368.9,60491.5
2025-11-22 09:30:00+00:00,61413.9,61368.9
2025-11-22 09:45:00+00:00,61202.8,61413.9
2025-11-22 10:00:00+00:00,60763.3,61202.8
2025-11-22 10:15:00+00:00,60339.3,60763.3
2025-11-22 10:30:00+00:00,60709.2,60339.3
2025-11-22 10:45:00+00:00,60440.5,60709.2
2025-11-22 11:00:00+00:00,60522.7,60440.5
2025-11-22 11:15:00+00:00,60304.9,60522.7
2025-11-22 11:30:00+00:00,59628.5,60304.9
2025-11-22 11:45:00+00:00,59580.4,59628.5
2025-11-22 12:00:00+00:00,58980.9,59580.4
2025-11-22 12:15:00+00:00,58607.2,58980.9
2025-11-22 12:30:00+00:00,58239.0,58607.2
2025-11-22 12:45:00+00:00,57991.5,58239.0
2025-11-22 13:00:00+00:00,57351.8,57991.5
2025-11-22 13:15:00+00:00,57100.6,57351.8
2025-11-22 13:30:00+00:00,56900.6,57100.6
2025-11-22 13:45:00+00:00,56819.8,56900.6
2025-11-22 14:00:00+00:00,56810.4,56819.8
2025-11-22 14:15:00+00:00,57521.5,56810.4
2025-11-22 14:30:00+00:00,57660.1,57521.5
2025-11-22 14:45:00+00:00,58359.7,57660.1
2025-11-22 15:00:00+00:00,58695.2,58359.7
2025-11-22 15:15:00+00:00,59487.8,58695.2
2025-11-22 15:30:00+00:00,60541.2,59487.8
2025-11-22 15:45:00+00:00,61517.5,60541.2
2025-11-22 16:00:00+00:00,62252.1,61517.5
2025-11-22 16:15:00+00:00,62678.1,62252.1
2025-11-22 16:30:00+00:00,63188.9,62678.1
2025-11-22 16:45:00+00:00,63340.4,63188.9
2025-11-22 17:00:00+00:00,63444.9,63340.4
2025-11-22 17:15:00+00:00,63353.1,63444.9
2025-11-22 17:30:00+00:00,63180.2,63353.1
2025-11-22 17:45:00+00:00,62982.2,63180.2
2025-11-22 18:00:00+00:00,62720.2,62982.2
2025-11-22 18:15:00+00:00,62519.7,62720.2
2025-11-22 18:30:00+00:00,62101.1,62519.7
2025-11-22 18:45:00+00:00,61422.0,62101.1
2025-11-22 19:00:00+00:00,60384.6,61422.0
2025-11-22 19:15:00+00:00,59723.7,60384.6
2025-11-22 19:30:00+00:00,59016.3,59723.7
2025-11-22 19:45:00+00:00,58319.4,59016.3
2025-11-22 20:00:00+00:00,57490.6,58319.4
2025-11-22 20:15:00+00:00,56926.0,57490.6
2025-11-22 20:30:00+00:00,56458.7,56926.0
2025-11-22 20:45:00+00:00,56278.2,56458.7
2025-11-22 21:00:00+00:00,55891.0,56278.2
2025-11-22 21:15:00+00:00,55426.3,55891.0
2025-11-22 21:30:00+00:00,54931.7,55426.3
2025-11-22 21:45:00+00:00,54397.4,54931.7
2025-11-22 22:00:00+00:00,53595.1,54397.4
2025-11-22 22:15:00+00:00,52976.8,53595.1
2025-11-22 22:30:00+00:00,52337.6,52976.8
2025-11-22 22:45:00+00:00,51667.4,52337.6
2025-11-22 23:00:00+00:00,49805.8,51667.4
2025-11-22 23:15:00+00:00,49409.2,49805.8
2025-11-22 23:30:00+00:00,48987.4,49409.2
2025-11-22 23:45:00+00:00,48794.9,48987.4
2025-11-23 00:00:00+00:00,48431.5,48794.9
2025-11-23 00:15:00+00:00,47957.8,48431.5
2025-11-23 00:30:00+00:00,47492.4,47957.8
2025-11-23 00:45:00+00:00,47205.0,47492.4
2025-11-23 01:00:00+00:00,46848.9,47205.0
2025-11-23 01:15:00+00:00,46796.4,46848.9
2025-11-23 01:30:00+00:00,46756.9,46796.4
2025-11-23 01:45:00+00:00,46636.5,46756.9
2025-11-23 02:00:00+00:00,46625.5,46636.5
2025-11-23 02:15:00+00:00,46560.5,46625.5
2025-11-23 02:30:00+00:00,46240.4,46560.5
2025-11-23 02:45:00+00:00,46177.0,46240.4
2025-11-23 03:00:00+00:00,46514.1,46177.0
2025-11-23 03:15:00+00:00,46483.0,46514.1
2025-11-23 03:30:00+00:00,46568.4,46483.0
2025-11-23 03:45:00+00:00,46600.8,46568.4
2025-11-23 04:00:00+00:00,46299.5,46600.8
2025-11-23 04:15:00+00:00,46574.1,46299.5
2025-11-23 04:30:00+00:00,46528.8,46574.1
2025-11-23 04:45:00+00:00,46843.8,46528.8
2025-11-23 05:00:00+00:00,47256.5,46843.8
2025-11-23 05:15:00+00:00,47291.5,47256.5
2025-11-23 05:30:00+00:00,47721.9,47291.5
2025-11-23 05:45:00+00:00,47995.2,47721.9
2025-11-23 06:00:00+00:00,48929.7,47995.2
2025-11-23 06:15:00+00:00,49606.6,48929.7
2025-11-23 06:30:00+00:00,50345.8,49606.6
2025-11-23 06:45:00+00:00,50745.7,50345.8
2025-11-23 07:00:00+00:00,52056.0,50745.7
2025-11-23 07:15:00+00:00,52803.2,52056.0
2025-11-23 07:30:00+00:00,53666.5,52803.2
2025-11-23 07:45:00+00:00,53981.0,53666.5
2025-11-23 08:00:00+00:00,54658.3,53981.0
2025-11-23 08:15:00+00:00,55051.4,54658.3
2025-11-23 08:30:00+00:00,55346.2,55051.4
2025-11-23 08:45:00+00:00,55528.3,55346.2
2025-11-23 09:00:00+00:00,56364.2,55528.3
2025-11-23 09:15:00+00:00,57001.4,56364.2
2025-11-23 09:30:00+00:00,57878.2,57001.4
2025-11-23 09:45:00+00:00,58241.1,57878.2
2025-11-23 10:00:00+00:00,58366.2,58241.1
2025-11-23 10:15:00+00:00,58768.1,58366.2
2025-11-23 10:30:00+00:00,59071.5,58768.1
2025-11-23 10:45:00+00:00,58799.9,59071.5
2025-11-23 11:00:00+00:00,58668.2,58799.9
2025-11-23 11:15:00+00:00,58487.6,58668.2
2025-11-23 11:30:00+00:00,58136.8,58487.6
2025-11-23 11:45:00+00:00,57413.9,58136.8
2025-11-23 12:00:00+00:00,57227.7,57413.9
2025-11-23 12:15:00+00:00,56538.2,57227.7
2025-11-23 12:30:00+00:00,56559.4,56538.2
2025-11-23 12:45:00+00:00,55908.3,56559.4
2025-11-23 13:00:00+00:00,55687.6,55908.3
2025-11-23 13:15:00+00:00,55816.9,55687.6
2025-11-23 13:30:00+00:00,55721.9,55816.9
2025-11-23 13:45:00+00:00,55941.6,55721.9
2025-11-23 14:00:00+00:00,56790.5,55941.6
2025-11-23 14:15:00+00:00,57464.9,56790.5
2025-11-23 14:30:00+00:00,58159.9,57464.9
2025-11-23 14:45:00+00:00,58856.4,58159.9
2025-11-23 15:00:00+00:00,59528.3,58856.4
2025-11-23 15:15:00+00:00,60121.6,59528.3
2025-11-23 15:30:00+00:00,61617.8,60121.6
2025-11-23 15:45:00+00:00,62303.9,61617.8
2025-11-23 16:00:00+00:00,63114.6,62303.9
2025-11-23 16:15:00+00:00,63915.0,63114.6
2025-11-23 16:30:00+00:00,64756.1,63915.0
2025-11-23 16:45:00+00:00,65444.8,64756.1
2025-11-23 17:00:00+00:00,65939.8,65444.8
2025-11-23 17:15:00+00:00,65584.5,65939.8
2025-11-23 17:30:00+00:00,65447.4,65584.5
2025-11-23 17:45:00+00:00,64940.6,65447.4
2025-11-23 18:00:00+00:00,64370.6,64940.6
2025-11-23 18:15:00+00:00,63536.2,64370.6
2025-11-23 18:30:00+00:00,63045.6,63536.2
2025-11-23 18:45:00+00:00,62301.5,63045.6
2025-11-23 19:00:00+00:00,61659.7,62301.5
2025-11-23 19:15:00+00:00,61043.5,61659.7
2025-11-23 19:30:00+00:00,60172.3,61043.5
2025-11-23 19:45:00+00:00,59135.8,60172.3
2025-11-23 20:00:00+00:00,58694.8,59135.8
2025-11-23 20:15:00+00:00,58054.8,58694.8
2025-11-23 20:30:00+00:00,57602.8,58054.8
2025-11-23 20:45:00+00:00,57495.7,57602.8
2025-11-23 21:00:00+00:00,57190.9,57495.7
2025-11-23 21:15:00+00:00,56926.9,57190.9
2025-11-23 21:30:00+00:00,55933.2,56926.9
2025-11-23 21:45:00+00:00,55369.3,55933.2
2025-11-23 22:00:00+00:00,54639.6,55369.3
2025-11-23 22:15:00+00:00,53688.0,54639.6
2025-11-23 22:30:00+00:00,52794.3,53688.0
2025-11-23 22:45:00+00:00,52260.9,52794.3
2025-11-23 23:00:00+00:00,51789.3,52260.9
2025-11-23 23:15:00+00:00,51486.8,51789.3
2025-11-23 23:30:00+00:00,50881.9,51486.8
2025-11-23 23:45:00+00:00,50579.3,50881.9
2025-11-24 00:00:00+00:00,49967.5,50579.3
2025-11-24 00:15:00+00:00,49582.5,49967.5
2025-11-24 00:30:00+00:00,49400.0,49582.5
2025-11-24 00:45:00+00:00,49111.4,49400.0
2025-11-24 01:00:00+00:00,49174.6,49111.4
2025-11-24 01:15:00+00:00,49059.8,49174.6
2025-11-24 01:30:00+00:00,48824.5,49059.8
2025-11-24 01:45:00+00:00,48695.1,48824.5
2025-11-24 02:00:00+00:00,48642.4,48695.1
2025-11-24 02:15:00+00:00,48821.1,48642.4
2025-11-24 02:30:00+00:00,48700.9,48821.1
2025-11-24 02:45:00+00:00,49484.8,48700.9
2025-11-24 03:00:00+00:00,50253.5,49484.8
2025-11-24 03:15:00+00:00,50525.4,50253.5
2025-11-24 03:30:00+00:00,50587.9,50525.4
2025-11-24 03:45:00+00:00,51550.1,50587.9
2025-11-24 04:00:00+00:00,52932.3,51550.1
2025-11-24 04:15:00+00:00,54052.4,52932.3
2025-11-24 04:30:00+00:00,55097.0,54052.4
2025-11-24 04:45:00+00:00,56463.8,55097.0
2025-11-24 05:00:00+00:00,60022.1,56463.8
2025-11-24 05:15:00+00:00,62529.8,60022.1
2025-11-24 05:30:00+00:00,64199.4,62529.8
2025-11-24 05:45:00+00:00,65909.1,64199.4
2025-11-24 06:00:00+00:00,67588.9,65909.1
2025-11-24 06:15:00+00:00,68677.2,67588.9
2025-11-24 06:30:00+00:00,69511.5,68677.2
2025-11-24 06:45:00+00:00,69964.1,69511.5
2025-11-24 07:00:00+00:00,70841.1,69964.1
2025-11-24 07:15:00+00:00,71393.4,70841.1
2025-11-24 07:30:00+00:00,71467.5,71393.4
2025-11-24 07:45:00+00:00,71845.9,71467.5
2025-11-24 08:00:00+00:00,71978.6,71845.9
2025-11-24 08:15:00+00:00,72015.6,71978.6
2025-11-24 08:30:00+00:00,72329.4,72015.6
2025-11-24 08:45:00+00:00,72466.7,72329.4
2025-11-24 09:00:00+00:00,72463.2,72466.7
2025-11-24 09:15:00+00:00,72369.4,72463.2
2025-11-24 09:30:00+00:00,72479.4,72369.4
2025-11-24 09:45:00+00:00,72615.5,72479.4
2025-11-24 10:00:00+00:00,72925.6,72615.5
2025-11-24 10:15:00+00:00,73157.8,72925.6
2025-11-24 10:30:00+00:00,72929.5,73157.8
2025-11-24 10:45:00+00:00,72947.6,72929.5
2025-11-24 11:00:00+00:00,72537.7,72947.6
2025-11-24 11:15:00+00:00,71966.5,72537.7
2025-11-24 11:30:00+00:00,71838.7,71966.5
2025-11-24 11:45:00+00:00,71598.0,71838.7
2025-11-24 12:00:00+00:00,71412.9,71598.0
2025-11-24 12:15:00+00:00,70765.8,71412.9
2025-11-24 12:30:00+00:00,70103.9,70765.8
2025-11-24 12:45:00+00:00,69432.7,70103.9
2025-11-24 13:00:00+00:00,69350.0,69432.7
2025-11-24 13:15:00+00:00,69571.5,69350.0
2025-11-24 13:30:00+00:00,69396.0,69571.5
2025-11-24 13:45:00+00:00,68716.6,69396.0
2025-11-24 14:00:00+00:00,69090.2,68716.6
2025-11-24 14:15:00+00:00,69173.4,69090.2
2025-11-24 14:30:00+00:00,69166.2,69173.4
2025-11-24 14:45:00+00:00,69259.5,69166.2
2025-11-24 15:00:00+00:00,69546.5,69259.5
2025-11-24 15:15:00+00:00,70031.5,69546.5
2025-11-24 15:30:00+00:00,70515.6,70031.5
2025-11-24 15:45:00+00:00,70875.0,70515.6
2025-11-24 16:00:00+00:00,71160.4,70875.0
2025-11-24 16:15:00+00:00,71556.1,71160.4
2025-11-24 16:30:00+00:00,71457.1,71556.1
2025-11-24 16:45:00+00:00,71520.6,71457.1
2025-11-24 17:00:00+00:00,71248.6,71520.6
2025-11-24 17:15:00+00:00,70850.6,71248.6
2025-11-24 17:30:00+00:00,70553.9,70850.6
2025-11-24 17:45:00+00:00,69978.6,70553.9
2025-11-24 18:00:00+00:00,69585.1,69978.6
2025-11-24 18:15:00+00:00,68862.8,69585.1
2025-11-24 18:30:00+00:00,68489.7,68862.8
2025-11-24 18:45:00+00:00,67768.2,68489.7
2025-11-24 19:00:00+00:00,66713.9,67768.2
2025-11-24 19:15:00+00:00,65657.4,66713.9
2025-11-24 19:30:00+00:00,64490.7,65657.4
2025-11-24 19:45:00+00:00,63283.6,64490.7
2025-11-24 20:00:00+00:00,62823.3,63283.6
2025-11-24 20:15:00+00:00,61935.2,62823.3
2025-11-24 20:30:00+00:00,60998.5,61935.2
2025-11-24 20:45:00+00:00,60192.6,60998.5
2025-11-24 21:00:00+00:00,59059.3,60192.6
2025-11-24 21:15:00+00:00,58106.2,59059.3
2025-11-24 21:30:00+00:00,57369.9,58106.2
2025-11-24 21:45:00+00:00,56411.6,57369.9
2025-11-24 22:00:00+00:00,55024.4,56411.6
2025-11-24 22:15:00+00:00,54066.9,55024.4
2025-11-24 22:30:00+00:00,53392.7,54066.9
2025-11-24 22:45:00+00:00,52709.1,53392.7
2025-11-24 23:00:00+00:00,51754.2,52709.1
2025-11-24 23:15:00+00:00,51154.7,51754.2
2025-11-24 23:30:00+00:00,50602.1,51154.7
2025-11-24 23:45:00+00:00,49915.3,50602.1
2025-11-25 00:00:00+00:00,49396.9,49915.3
2025-11-25 00:15:00+00:00,49275.7,49396.9
2025-11-25 00:30:00+00:00,49173.5,49275.7
2025-11-25 00:45:00+00:00,48681.0,49173.5
2025-11-25 01:00:00+00:00,48303.5,48681.0
2025-11-25 01:15:00+00:00,48241.0,48303.5
2025-11-25 01:30:00+00:00,48248.4,48241.0
2025-11-25 01:45:00+00:00,48309.8,48248.4
2025-11-25 02:00:00+00:00,48397.9,48309.8
2025-11-25 02:15:00+00:00,48571.2,48397.9
2025-11-25 02:30:00+00:00,48957.4,48571.2
2025-11-25 02:45:00+00:00,48707.4,48957.4
2025-11-25 03:00:00+00:00,49217.1,48707.4
2025-11-25 03:15:00+00:00,49760.3,49217.1
2025-11-25 03:30:00+00:00,50293.5,49760.3
2025-11-25 03:45:00+00:00,50635.0,50293.5
2025-11-25 04:00:00+00:00,51895.5,50635.0
2025-11-25 04:15:00+00:00,53033.1,51895.5
2025-11-25 04:30:00+00:00,54148.6,53033.1
2025-11-25 04:45:00+00:00,55505.1,54148.6
2025-11-25 05:00:00+00:00,58288.4,55505.1
2025-11-25 05:15:00+00:00,60305.3,58288.4
2025-11-25 05:30:00+00:00,61957.4,60305.3
2025-11-25 05:45:00+00:00,63824.4,61957.4
2025-11-25 06:00:00+00:00,65697.9,63824.4
2025-11-25 06:15:00+00:00,66746.5,65697.9
2025-11-25 06:30:00+00:00,67514.6,66746.5
2025-11-25 06:45:00+00:00,68421.9,67514.6
2025-11-25 07:00:00+00:00,69260.5,68421.9
2025-11-25 07:15:00+00:00,69741.4,69260.5
2025-11-25 07:30:00+00:00,70219.4,69741.4
2025-11-25 07:45:00+00:00,69985.3,70219.4
2025-11-25 08:00:00+00:00,69777.7,69985.3
2025-11-25 08:15:00+00:00,70103.1,69777.7
2025-11-25 08:30:00+00:00,70388.8,70103.1
2025-11-25 08:45:00+00:00,70320.5,70388.8
2025-11-25 09:00:00+00:00,70301.4,70320.5
2025-11-25 09:15:00+00:00,70006.8,70301.4
2025-11-25 09:30:00+00:00,70009.8,70006.8
2025-11-25 09:45:00+00:00,69777.2,70009.8
2025-11-25 10:00:00+00:00,70003.7,69777.2
2025-11-25 10:15:00+00:00,70274.4,70003.7
2025-11-25 10:30:00+00:00,70000.0,70274.4
2025-11-25 10:45:00+00:00,69712.0,70000.0
2025-11-25 11:00:00+00:00,69373.7,69712.0
2025-11-25 11:15:00+00:00,69012.5,69373.7
2025-11-25 11:30:00+00:00,68999.8,69012.5
2025-11-25 11:45:00+00:00,69058.2,68999.8
2025-11-25 12:00:00+00:00,69237.1,69058.2
2025-11-25 12:15:00+00:00,68959.4,69237.1
2025-11-25 12:30:00+00:00,68650.1,68959.4
2025-11-25 12:45:00+00:00,68323.3,68650.1
2025-11-25 13:00:00+00:00,68254.1,68323.3
2025-11-25 13:15:00+00:00,68361.5,68254.1
2025-11-25 13:30:00+00:00,68215.7,68361.5
2025-11-25 13:45:00+00:00,67818.1,68215.7
2025-11-25 14:00:00+00:00,68156.4,67818.1
2025-11-25 14:15:00+00:00,68075.7,68156.4
2025-11-25 14:30:00+00:00,68059.0,68075.7
2025-11-25 14:45:00+00:00,67888.4,68059.0
2025-11-25 15:00:00+00:00,68351.6,67888.4
2025-11-25 15:15:00+00:00,68558.2,68351.6
2025-11-25 15:30:00+00:00,69308.7,68558.2
2025-11-25 15:45:00+00:00,69843.9,69308.7
2025-11-25 16:00:00+00:00,70375.3,69843.9
2025-11-25 16:15:00+00:00,70511.6,70375.3
2025-11-25 16:30:00+00:00,70668.8,70511.6
2025-11-25 16:45:00+00:00,70565.7,70668.8
2025-11-25 17:00:00+00:00,70312.6,70565.7
2025-11-25 17:15:00+00:00,69951.6,70312.6
2025-11-25 17:30:00+00:00,69842.1,69951.6
2025-11-25 17:45:00+00:00,69353.6,69842.1
2025-11-25 18:00:00+00:00,68712.8,69353.6
2025-11-25 18:15:00+00:00,68156.6,68712.8
2025-11-25 18:30:00+00:00,67666.9,68156.6
2025-11-25 18:45:00+00:00,66919.5,67666.9
2025-11-25 19:00:00+00:00,65359.3,66919.5
2025-11-25 19:15:00+00:00,64559.7,65359.3
2025-11-25 19:30:00+00:00,63513.1,64559.7
2025-11-25 19:45:00+00:00,62662.4,63513.1
2025-11-25 20:00:00+00:00,61783.4,62662.4
2025-11-25 20:15:00+00:00,61027.7,61783.4
2025-11-25 20:30:00+00:00,60184.4,61027.7
2025-11-25 20:45:00+00:00,59359.7,60184.4
2025-11-25 21:00:00+00:00,58371.1,59359.7
2025-11-25 21:15:00+00:00,57672.3,58371.1
2025-11-25 21:30:00+00:00,56812.3,57672.3
2025-11-25 21:45:00+00:00,56196.1,56812.3
2025-11-25 22:00:00+00:00,55088.2,56196.1
2025-11-25 22:15:00+00:00,53642.3,55088.2
2025-11-25 22:30:00+00:00,52971.4,53642.3
2025-11-25 22:45:00+00:00,52384.4,52971.4
2025-11-25 23:00:00+00:00,51441.2,52384.4
2025-11-25 23:15:00+00:00,50869.9,51441.2
2025-11-25 23:30:00+00:00,50309.8,50869.9
2025-11-25 23:45:00+00:00,50021.0,50309.8
2025-11-26 00:00:00+00:00,49685.2,50021.0
2025-11-26 00:15:00+00:00,49344.1,49685.2
2025-11-26 00:30:00+00:00,48755.7,49344.1
2025-11-26 00:45:00+00:00,48707.2,48755.7
2025-11-26 01:00:00+00:00,48836.1,48707.2
2025-11-26 01:15:00+00:00,48358.3,48836.1
2025-11-26 01:30:00+00:00,48397.0,48358.3
2025-11-26 01:45:00+00:00,48109.4,48397.0
2025-11-26 02:00:00+00:00,48072.9,48109.4
2025-11-26 02:15:00+00:00,48296.3,48072.9
2025-11-26 02:30:00+00:00,48392.0,48296.3
2025-11-26 02:45:00+00:00,48607.3,48392.0
2025-11-26 03:00:00+00:00,49551.8,48607.3
2025-11-26 03:15:00+00:00,49945.6,49551.8
2025-11-26 03:30:00+00:00,50333.8,49945.6
2025-11-26 03:45:00+00:00,50691.3,50333.8
2025-11-26 04:00:00+00:00,52116.3,50691.3
2025-11-26 04:15:00+00:00,52908.7,52116.3
2025-11-26 04:30:00+00:00,53910.1,52908.7
2025-11-26 04:45:00+00:00,55529.1,53910.1
2025-11-26 05:00:00+00:00,58046.4,55529.1
2025-11-26 05:15:00+00:00,60372.6,58046.4
2025-11-26 05:30:00+00:00,62256.5,60372.6
2025-11-26 05:45:00+00:00,63945.5,62256.5
2025-11-26 06:00:00+00:00,65664.1,63945.5
2025-11-26 06:15:00+00:00,66669.4,65664.1
2025-11-26 06:30:00+00:00,67468.3,66669.4
2025-11-26 06:45:00+00:00,68347.1,67468.3
2025-11-26 07:00:00+00:00,69442.9,68347.1
2025-11-26 07:15:00+00:00,70083.1,69442.9
2025-11-26 07:30:00+00:00,70426.8,70083.1
2025-11-26 07:45:00+00:00,70533.4,70426.8
2025-11-26 08:00:00+00:00,70250.5,70533.4
2025-11-26 08:15:00+00:00,70427.2,70250.5
2025-11-26 08:30:00+00:00,70779.6,70427.2
2025-11-26 08:45:00+00:00,70542.8,70779.6
2025-11-26 09:00:00+00:00,70494.6,70542.8
2025-11-26 09:15:00+00:00,70531.4,70494.6
2025-11-26 09:30:00+00:00,70728.1,70531.4
2025-11-26 09:45:00+00:00,70972.8,70728.1
2025-11-26 10:00:00+00:00,70940.1,70972.8
2025-11-26 10:15:00+00:00,71018.6,70940.1
2025-11-26 10:30:00+00:00,70933.8,71018.6
2025-11-26 10:45:00+00:00,71018.3,70933.8
2025-11-26 11:00:00+00:00,70712.8,71018.3
2025-11-26 11:15:00+00:00,70855.5,70712.8
2025-11-26 11:30:00+00:00,71126.6,70855.5
2025-11-26 11:45:00+00:00,70830.2,71126.6
2025-11-26 12:00:00+00:00,71052.8,70830.2
2025-11-26 12:15:00+00:00,70572.3,71052.8
2025-11-26 12:30:00+00:00,70423.0,70572.3
2025-11-26 12:45:00+00:00,69928.8,70423.0
2025-11-26 13:00:00+00:00,69806.7,69928.8
2025-11-26 13:15:00+00:00,69940.6,69806.7
2025-11-26 13:30:00+00:00,70050.0,69940.6
2025-11-26 13:45:00+00:00,69737.5,70050.0
2025-11-26 14:00:00+00:00,69800.4,69737.5
2025-11-26 14:15:00+00:00,69764.2,69800.4
2025-11-26 14:30:00+00:00,69872.3,69764.2
2025-11-26 14:45:00+00:00,69752.7,69872.3
2025-11-26 15:00:00+00:00,69934.9,69752.7
2025-11-26 15:15:00+00:00,70257.1,69934.9
2025-11-26 15:30:00+00:00,70898.6,70257.1
2025-11-26 15:45:00+00:00,71562.2,70898.6
2025-11-26 16:00:00+00:00,71963.5,71562.2
2025-11-26 16:15:00+00:00,72062.0,71963.5
2025-11-26 16:30:00+00:00,72192.2,72062.0
2025-11-26 16:45:00+00:00,71996.6,72192.2
2025-11-26 17:00:00+00:00,71620.5,71996.6
2025-11-26 17:15:00+00:00,71229.9,71620.5
2025-11-26 17:30:00+00:00,70994.8,71229.9
2025-11-26 17:45:00+00:00,70710.3,70994.8
2025-11-26 18:00:00+00:00,70098.0,70710.3
2025-11-26 18:15:00+00:00,69289.2,70098.0
2025-11-26 18:30:00+00:00,68814.4,69289.2
2025-11-26 18:45:00+00:00,68233.6,68814.4
2025-11-26 19:00:00+00:00,66943.5,68233.6
2025-11-26 19:15:00+00:00,65971.7,66943.5
2025-11-26 19:30:00+00:00,64904.3,65971.7
2025-11-26 19:45:00+00:00,64005.8,64904.3
2025-11-26 20:00:00+00:00,63458.6,64005.8
2025-11-26 20:15:00+00:00,62684.9,63458.6
2025-11-26 20:30:00+00:00,61815.6,62684.9
2025-11-26 20:45:00+00:00,60862.1,61815.6
2025-11-26 21:00:00+00:00,60314.6,60862.1
2025-11-26 21:15:00+00:00,59595.5,60314.6
2025-11-26 21:30:00+00:00,58655.2,59595.5
2025-11-26 21:45:00+00:00,57718.4,58655.2
2025-11-26 22:00:00+00:00,56479.4,57718.4
2025-11-26 22:15:00+00:00,55680.2,56479.4
2025-11-26 22:30:00+00:00,55014.0,55680.2
2025-11-26 22:45:00+00:00,54050.1,55014.0
2025-11-26 23:00:00+00:00,52420.1,54050.1
2025-11-26 23:15:00+00:00,52324.8,52420.1
2025-11-26 23:30:00+00:00,51820.6,52324.8
2025-11-26 23:45:00+00:00,51171.7,51820.6
2025-11-27 00:00:00+00:00,50541.5,51171.7
2025-11-27 00:15:00+00:00,50202.3,50541.5
2025-11-27 00:30:00+00:00,49774.7,50202.3
2025-11-27 00:45:00+00:00,49939.2,49774.7
2025-11-27 01:00:00+00:00,49285.9,49939.2
2025-11-27 01:15:00+00:00,48912.1,49285.9
2025-11-27 01:30:00+00:00,49468.7,48912.1
2025-11-27 01:45:00+00:00,49307.1,49468.7
2025-11-27 02:00:00+00:00,49127.4,49307.1
2025-11-27 02:15:00+00:00,49325.3,49127.4
2025-11-27 02:30:00+00:00,49694.4,49325.3
2025-11-27 02:45:00+00:00,49956.1,49694.4
2025-11-27 03:00:00+00:00,50605.4,49956.1
2025-11-27 03:15:00+00:00,51020.8,50605.4
2025-11-27 03:30:00+00:00,51364.6,51020.8
2025-11-27 03:45:00+00:00,52173.0,51364.6
2025-11-27 04:00:00+00:00,53568.5,52173.0
2025-11-27 04:15:00+00:00,54847.7,53568.5
2025-11-27 04:30:00+00:00,56429.1,54847.7
2025-11-27 04:45:00+00:00,58160.0,56429.1
2025-11-27 05:00:00+00:00,60733.5,58160.0
2025-11-27 05:15:00+00:00,63230.2,60733.5
2025-11-27 05:30:00+00:00,65070.1,63230.2
2025-11-27 05:45:00+00:00,66544.2,65070.1
2025-11-27 06:00:00+00:00,68140.9,66544.2
2025-11-27 06:15:00+00:00,69580.2,68140.9
2025-11-27 06:30:00+00:00,70516.3,69580.2
2025-11-27 06:45:00+00:00,71320.3,70516.3
2025-11-27 07:00:00+00:00,72085.8,71320.3
2025-11-27 07:15:00+00:00,73100.1,72085.8
2025-11-27 07:30:00+00:00,73392.6,73100.1
2025-11-27 07:45:00+00:00,73490.4,73392.6
2025-11-27 08:00:00+00:00,73047.2,73490.4
2025-11-27 08:15:00+00:00,73268.9,73047.2
2025-11-27 08:30:00+00:00,73300.5,73268.9
2025-11-27 08:45:00+00:00,73141.8,73300.5
2025-11-27 09:00:00+00:00,73340.2,73141.8
2025-11-27 09:15:00+00:00,72933.5,73340.2
2025-11-27 09:30:00+00:00,73007.5,72933.5
2025-11-27 09:45:00+00:00,73327.4,73007.5
2025-11-27 10:00:00+00:00,72754.8,73327.4
2025-11-27 10:15:00+00:00,72943.7,72754.8
2025-11-27 10:30:00+00:00,73317.1,72943.7
2025-11-27 10:45:00+00:00,73026.6,73317.1
2025-11-27 11:00:00+00:00,72453.2,73026.6
2025-11-27 11:15:00+00:00,72144.5,72453.2
2025-11-27 11:30:00+00:00,72538.0,72144.5
2025-11-27 11:45:00+00:00,72814.4,72538.0
2025-11-27 12:00:00+00:00,72827.0,72814.4
2025-11-27 12:15:00+00:00,72952.8,72827.0
2025-11-27 12:30:00+00:00,72523.4,72952.8
2025-11-27 12:45:00+00:00,72361.9,72523.4
2025-11-27 13:00:00+00:00,71956.0,72361.9
2025-11-27 13:15:00+00:00,71970.2,71956.0
2025-11-27 13:30:00+00:00,71910.4,71970.2
2025-11-27 13:45:00+00:00,71822.5,71910.4
2025-11-27 14:00:00+00:00,72189.0,71822.5
2025-11-27 14:15:00+00:00,72394.2,72189.0
2025-11-27 14:30:00+00:00,72154.2,72394.2
2025-11-27 14:45:00+00:00,72403.0,72154.2
2025-11-27 15:00:00+00:00,72716.8,72403.0
2025-11-27 15:15:00+00:00,73033.9,72716.8
2025-11-27 15:30:00+00:00,73798.8,73033.9
2025-11-27 15:45:00+00:00,74618.6,73798.8
2025-11-27 16:00:00+00:00,75113.9,74618.6
2025-11-27 16:15:00+00:00,75718.5,75113.9
2025-11-27 16:30:00+00:00,75965.7,75718.5
2025-11-27 16:45:00+00:00,75742.8,75965.7
2025-11-27 17:00:00+00:00,75468.1,75742.8
2025-11-27 17:15:00+00:00,74630.7,75468.1
2025-11-27 17:30:00+00:00,74383.7,74630.7
2025-11-27 17:45:00+00:00,74119.0,74383.7
2025-11-27 18:00:00+00:00,73529.0,74119.0
2025-11-27 18:15:00+00:00,72755.2,73529.0
2025-11-27 18:30:00+00:00,72419.4,72755.2
2025-11-27 18:45:00+00:00,71662.1,72419.4
2025-11-27 19:00:00+00:00,70563.2,71662.1
2025-11-27 19:15:00+00:00,69207.2,70563.2
2025-11-27 19:30:00+00:00,68141.3,69207.2
2025-11-27 19:45:00+00:00,67647.9,68141.3
2025-11-27 20:00:00+00:00,66681.9,67647.9
2025-11-27 20:15:00+00:00,65815.4,66681.9
2025-11-27 20:30:00+00:00,64667.8,65815.4
2025-11-27 20:45:00+00:00,63765.8,64667.8
2025-11-27 21:00:00+00:00,63067.6,63765.8
2025-11-27 21:15:00+00:00,62409.4,63067.6
2025-11-27 21:30:00+00:00,61199.2,62409.4
2025-11-27 21:45:00+00:00,60174.6,61199.2
2025-11-27 22:00:00+00:00,59078.6,60174.6
2025-11-27 22:15:00+00:00,58223.0,59078.6
2025-11-27 22:30:00+00:00,57487.8,58223.0
2025-11-27 22:45:00+00:00,56528.6,57487.8
2025-11-27 23:00:00+00:00,55251.3,56528.6
2025-11-27 23:15:00+00:00,54932.7,55251.3
2025-11-27 23:30:00+00:00,54600.1,54932.7
2025-11-27 23:45:00+00:00,54543.6,54600.1
2025-11-28 00:00:00+00:00,53543.8,54543.6
2025-11-28 00:15:00+00:00,53388.2,53543.8
2025-11-28 00:30:00+00:00,52768.9,53388.2
2025-11-28 00:45:00+00:00,52344.5,52768.9
2025-11-28 01:00:00+00:00,51839.3,52344.5
2025-11-28 01:15:00+00:00,51775.8,51839.3
2025-11-28 01:30:00+00:00,51925.1,51775.8
2025-11-28 01:45:00+00:00,51846.2,51925.1
2025-11-28 02:00:00+00:00,52043.5,51846.2
2025-11-28 02:15:00+00:00,52019.0,52043.5
2025-11-28 02:30:00+00:00,52280.7,52019.0
2025-11-28 02:45:00+00:00,52487.1,52280.7
2025-11-28 03:00:00+00:00,52582.5,52487.1
2025-11-28 03:15:00+00:00,52721.8,52582.5
2025-11-28 03:30:00+00:00,53184.7,52721.8
2025-11-28 03:45:00+00:00,53560.2,53184.7
2025-11-28 04:00:00+00:00,54636.0,53560.2
2025-11-28 04:15:00+00:00,55061.1,54636.0
2025-11-28 04:30:00+00:00,56086.0,55061.1
2025-11-28 04:45:00+00:00,57784.7,56086.0
2025-11-28 05:00:00+00:00,61401.0,57784.7
2025-11-28 05:15:00+00:00,63456.9,61401.0
2025-11-28 05:30:00+00:00,64839.7,63456.9
2025-11-28 05:45:00+00:00,66264.0,64839.7
2025-11-28 06:00:00+00:00,68400.3,66264.0
2025-11-28 06:15:00+00:00,69615.8,68400.3
2025-11-28 06:30:00+00:00,70717.4,69615.8
2025-11-28 06:45:00+00:00,71277.0,70717.4
2025-11-28 07:00:00+00:00,71815.2,71277.0
2025-11-28 07:15:00+00:00,72392.8,71815.2
2025-11-28 07:30:00+00:00,72647.1,72392.8
2025-11-28 07:45:00+00:00,72695.0,72647.1
2025-11-28 08:00:00+00:00,71967.5,72695.0
2025-11-28 08:15:00+00:00,72023.1,71967.5
2025-11-28 08:30:00+00:00,72155.1,72023.1
2025-11-28 08:45:00+00:00,72428.2,72155.1
2025-11-28 09:00:00+00:00,72138.6,72428.2
2025-11-28 09:15:00+00:00,71987.5,72138.6
2025-11-28 09:30:00+00:00,71948.9,71987.5
2025-11-28 09:45:00+00:00,72248.2,71948.9
2025-11-28 10:00:00+00:00,72371.7,72248.2
2025-11-28 10:15:00+00:00,72053.1,72371.7
2025-11-28 10:30:00+00:00,71664.1,72053.1
2025-11-28 10:45:00+00:00,71618.2,71664.1
2025-11-28 11:00:00+00:00,71504.6,71618.2
2025-11-28 11:15:00+00:00,70980.9,71504.6
2025-11-28 11:30:00+00:00,70474.2,70980.9
2025-11-28 11:45:00+00:00,69855.2,70474.2
2025-11-28 12:00:00+00:00,69330.9,69855.2
2025-11-28 12:15:00+00:00,68604.0,69330.9
2025-11-28 12:30:00+00:00,68363.5,68604.0
2025-11-28 12:45:00+00:00,67534.7,68363.5
2025-11-28 13:00:00+00:00,67475.8,67534.7
2025-11-28 13:15:00+00:00,68346.8,67475.8
2025-11-28 13:30:00+00:00,67879.5,68346.8
2025-11-28 13:45:00+00:00,67649.4,67879.5
2025-11-28 14:00:00+00:00,67800.4,67649.4
2025-11-28 14:15:00+00:00,67555.1,67800.4
2025-11-28 14:30:00+00:00,67913.6,67555.1
2025-11-28 14:45:00+00:00,67925.7,67913.6
2025-11-28 15:00:00+00:00,68366.3,67925.7
2025-11-28 15:15:00+00:00,68568.1,68366.3
2025-11-28 15:30:00+00:00,69219.9,68568.1
2025-11-28 15:45:00+00:00,69793.3,69219.9
2025-11-28 16:00:00+00:00,69776.1,69793.3
2025-11-28 16:15:00+00:00,69929.9,69776.1
2025-11-28 16:30:00+00:00,69956.0,69929.9
2025-11-28 16:45:00+00:00,69795.4,69956.0
2025-11-28 17:00:00+00:00,69229.6,69795.4
2025-11-28 17:15:00+00:00,68824.6,69229.6
2025-11-28 17:30:00+00:00,68194.0,68824.6
2025-11-28 17:45:00+00:00,68339.6,68194.0
2025-11-28 18:00:00+00:00,67576.4,68339.6
2025-11-28 18:15:00+00:00,67080.2,67576.4
2025-11-28 18:30:00+00:00,66452.8,67080.2
2025-11-28 18:45:00+00:00,65933.2,66452.8
2025-11-28 19:00:00+00:00,65081.8,65933.2
2025-11-28 19:15:00+00:00,64329.1,65081.8
2025-11-28 19:30:00+00:00,63385.3,64329.1
2025-11-28 19:45:00+00:00,62674.9,63385.3
2025-11-28 20:00:00+00:00,62103.0,62674.9
2025-11-28 20:15:00+00:00,61274.9,62103.0
2025-11-28 20:30:00+00:00,60176.3,61274.9
2025-11-28 20:45:00+00:00,59414.1,60176.3
2025-11-28 21:00:00+00:00,58963.7,59414.1
2025-11-28 21:15:00+00:00,57859.6,58963.7
2025-11-28 21:30:00+00:00,57277.4,57859.6
2025-11-28 21:45:00+00:00,56716.5,57277.4
2025-11-28 22:00:00+00:00,54895.2,56716.5
2025-11-28 22:15:00+00:00,54291.8,54895.2
2025-11-28 22:30:00+00:00,53550.0,54291.8
2025-11-28 22:45:00+00:00,52351.4,53550.0
2025-11-28 23:00:00+00:00,51070.5,52351.4
2025-11-28 23:15:00+00:00,50388.0,51070.5
2025-11-28 23:30:00+00:00,49802.9,50388.0
2025-11-28 23:45:00+00:00,48966.0,49802.9
2025-11-29 00:00:00+00:00,48324.0,48966.0
2025-11-29 00:15:00+00:00,47623.3,48324.0
2025-11-29 00:30:00+00:00,47199.0,47623.3
2025-11-29 00:45:00+00:00,46907.1,47199.0
2025-11-29 01:00:00+00:00,46674.9,46907.1
2025-11-29 01:15:00+00:00,46373.9,46674.9
2025-11-29 01:30:00+00:00,46100.7,46373.9
2025-11-29 01:45:00+00:00,46012.1,46100.7
2025-11-29 02:00:00+00:00,45705.5,46012.1
2025-11-29 02:15:00+00:00,45640.9,45705.5
2025-11-29 02:30:00+00:00,45382.8,45640.9
2025-11-29 02:45:00+00:00,45488.5,45382.8
2025-11-29 03:00:00+00:00,45742.0,45488.5
2025-11-29 03:15:00+00:00,45834.0,45742.0
2025-11-29 03:30:00+00:00,45701.4,45834.0
2025-11-29 03:45:00+00:00,45662.2,45701.4
2025-11-29 04:00:00+00:00,46014.8,45662.2
2025-11-29 04:15:00+00:00,46096.6,46014.8
2025-11-29 04:30:00+00:00,46411.0,46096.6
2025-11-29 04:45:00+00:00,46823.7,46411.0
2025-11-29 05:00:00+00:00,47562.3,46823.7
2025-11-29 05:15:00+00:00,48047.0,47562.3
2025-11-29 05:30:00+00:00,48628.4,48047.0
2025-11-29 05:45:00+00:00,49239.1,48628.4
2025-11-29 06:00:00+00:00,50171.8,49239.1
2025-11-29 06:15:00+00:00,50895.6,50171.8
2025-11-29 06:30:00+00:00,51807.3,50895.6
2025-11-29 06:45:00+00:00,52554.7,51807.3
2025-11-29 07:00:00+00:00,53676.2,52554.7
2025-11-29 07:15:00+00:00,54564.2,53676.2
2025-11-29 07:30:00+00:00,55343.8,54564.2
2025-11-29 07:45:00+00:00,55907.9,55343.8
2025-11-29 08:00:00+00:00,56569.0,55907.9
2025-11-29 08:15:00+00:00,57065.9,56569.0
2025-11-29 08:30:00+00:00,57604.4,57065.9
2025-11-29 08:45:00+00:00,58093.0,57604.4
2025-11-29 09:00:00+00:00,58557.6,58093.0
2025-11-29 09:15:00+00:00,58760.6,58557.6
2025-11-29 09:30:00+00:00,58915.5,58760.6
2025-11-29 09:45:00+00:00,58946.4,58915.5
2025-11-29 10:00:00+00:00,58907.8,58946.4
2025-11-29 10:15:00+00:00,58999.8,58907.8
2025-11-29 10:30:00+00:00,59351.0,58999.8
2025-11-29 10:45:00+00:00,58915.6,59351.0
2025-11-29 11:00:00+00:00,58988.0,58915.6
2025-11-29 11:15:00+00:00,58466.8,58988.0
2025-11-29 11:30:00+00:00,57944.9,58466.8
2025-11-29 11:45:00+00:00,57574.1,57944.9
2025-11-29 12:00:00+00:00,57558.9,57574.1
2025-11-29 12:15:00+00:00,56833.8,57558.9
2025-11-29 12:30:00+00:00,56594.4,56833.8
2025-11-29 12:45:00+00:00,56502.6,56594.4
2025-11-29 13:00:00+00:00,56238.4,56502.6
2025-11-29 13:15:00+00:00,56122.3,56238.4
2025-11-29 13:30:00+00:00,56043.3,56122.3
2025-11-29 13:45:00+00:00,55952.1,56043.3
2025-11-29 14:00:00+00:00,55841.2,55952.1
2025-11-29 14:15:00+00:00,56312.6,55841.2
2025-11-29 14:30:00+00:00,56598.7,56312.6
2025-11-29 14:45:00+00:00,56835.1,56598.7
2025-11-29 15:00:00+00:00,57445.1,56835.1
2025-11-29 15:15:00+00:00,58082.6,57445.1
2025-11-29 15:30:00+00:00,58943.6,58082.6
2025-11-29 15:45:00+00:00,59524.7,58943.6
2025-11-29 16:00:00+00:00,60056.6,59524.7
2025-11-29 16:15:00+00:00,60417.1,60056.6
2025-11-29 16:30:00+00:00,60600.7,60417.1
2025-11-29 16:45:00+00:00,60030.6,60600.7
2025-11-29 17:00:00+00:00,60837.5,60030.6
2025-11-29 17:15:00+00:00,60498.4,60837.5
2025-11-29 17:30:00+00:00,60281.0,60498.4
2025-11-29 17:45:00+00:00,59894.6,60281.0
2025-11-29 18:00:00+00:00,59317.9,59894.6
2025-11-29 18:15:00+00:00,58706.2,59317.9
2025-11-29 18:30:00+00:00,58218.5,58706.2
2025-11-29 18:45:00+00:00,57586.0,58218.5
2025-11-29 19:00:00+00:00,57005.7,57586.0
2025-11-29 19:15:00+00:00,56165.4,57005.7
2025-11-29 19:30:00+00:00,55498.5,56165.4
2025-11-29 19:45:00+00:00,54665.8,55498.5
2025-11-29 20:00:00+00:00,54632.8,54665.8
2025-11-29 20:15:00+00:00,54036.0,54632.8
2025-11-29 20:30:00+00:00,53550.1,54036.0
2025-11-29 20:45:00+00:00,52802.0,53550.1
2025-11-29 21:00:00+00:00,53139.3,52802.0
2025-11-29 21:15:00+00:00,52556.5,53139.3
2025-11-29 21:30:00+00:00,51927.7,52556.5
2025-11-29 21:45:00+00:00,50938.3,51927.7
2025-11-29 22:00:00+00:00,49887.3,50938.3
2025-11-29 22:15:00+00:00,49229.5,49887.3
2025-11-29 22:30:00+00:00,48800.9,49229.5
2025-11-29 22:45:00+00:00,48196.5,48800.9
2025-11-29 23:00:00+00:00,47151.3,48196.5
2025-11-29 23:15:00+00:00,46594.2,47151.3
2025-11-29 23:30:00+00:00,46092.2,46594.2
2025-11-29 23:45:00+00:00,45533.6,46092.2
2025-11-30 00:00:00+00:00,44872.8,45533.6
2025-11-30 00:15:00+00:00,44485.9,44872.8
2025-11-30 00:30:00+00:00,43944.8,44485.9
2025-11-30 00:45:00+00:00,44120.2,43944.8
2025-11-30 01:00:00+00:00,44022.9,44120.2
2025-11-30 01:15:00+00:00,43721.4,44022.9
2025-11-30 01:30:00+00:00,44088.7,43721.4
2025-11-30 01:45:00+00:00,44379.5,44088.7
2025-11-30 02:00:00+00:00,44089.2,44379.5
2025-11-30 02:15:00+00:00,43965.1,44089.2
2025-11-30 02:30:00+00:00,43910.3,43965.1
2025-11-30 02:45:00+00:00,43635.2,43910.3
2025-11-30 03:00:00+00:00,43674.1,43635.2
2025-11-30 03:15:00+00:00,43568.2,43674.1
2025-11-30 03:30:00+00:00,43947.8,43568.2
2025-11-30 03:45:00+00:00,43872.5,43947.8
2025-11-30 04:00:00+00:00,44326.0,43872.5
2025-11-30 04:15:00+00:00,44073.8,44326.0
2025-11-30 04:30:00+00:00,44255.0,44073.8
2025-11-30 04:45:00+00:00,44531.8,44255.0
2025-11-30 05:00:00+00:00,45079.9,44531.8
2025-11-30 05:15:00+00:00,45119.6,45079.9
2025-11-30 05:30:00+00:00,45448.9,45119.6
2025-11-30 05:45:00+00:00,45577.0,45448.9
2025-11-30 06:00:00+00:00,45893.4,45577.0
2025-11-30 06:15:00+00:00,46514.2,45893.4
2025-11-30 06:30:00+00:00,47281.3,46514.2
2025-11-30 06:45:00+00:00,47728.1,47281.3
2025-11-30 07:00:00+00:00,49068.8,47728.1
2025-11-30 07:15:00+00:00,50079.3,49068.8
2025-11-30 07:30:00+00:00,50862.1,50079.3
2025-11-30 07:45:00+00:00,51451.8,50862.1
2025-11-30 08:00:00+00:00,52410.3,51451.8
2025-11-30 08:15:00+00:00,53185.5,52410.3
2025-11-30 08:30:00+00:00,53200.8,53185.5
2025-11-30 08:45:00+00:00,53739.8,53200.8
2025-11-30 09:00:00+00:00,54005.4,53739.8
2025-11-30 09:15:00+00:00,54312.3,54005.4
2025-11-30 09:30:00+00:00,54807.2,54312.3
2025-11-30 09:45:00+00:00,55408.0,54807.2
2025-11-30 10:00:00+00:00,56211.3,55408.0
2025-11-30 10:15:00+00:00,56872.0,56211.3
2025-11-30 10:30:00+00:00,57042.3,56872.0
2025-11-30 10:45:00+00:00,57303.5,57042.3
2025-11-30 11:00:00+00:00,57314.8,57303.5
2025-11-30 11:15:00+00:00,57266.2,57314.8
2025-11-30 11:30:00+00:00,56690.8,57266.2
2025-11-30 11:45:00+00:00,56518.7,56690.8
2025-11-30 12:00:00+00:00,56033.3,56518.7
2025-11-30 12:15:00+00:00,55241.9,56033.3
2025-11-30 12:30:00+00:00,55246.7,55241.9
2025-11-30 12:45:00+00:00,54832.9,55246.7
2025-11-30 13:00:00+00:00,55075.8,54832.9
2025-11-30 13:15:00+00:00,54761.6,55075.8
2025-11-30 13:30:00+00:00,54394.6,54761.6
2025-11-30 13:45:00+00:00,54691.0,54394.6
2025-11-30 14:00:00+00:00,54867.0,54691.0
2025-11-30 14:15:00+00:00,54968.9,54867.0
2025-11-30 14:30:00+00:00,54385.0,54968.9
2025-11-30 14:45:00+00:00,54899.3,54385.0
2025-11-30 15:00:00+00:00,55333.2,54899.3
2025-11-30 15:15:00+00:00,55950.6,55333.2
2025-11-30 15:30:00+00:00,56746.1,55950.6
2025-11-30 15:45:00+00:00,57509.7,56746.1
2025-11-30 16:00:00+00:00,58456.5,57509.7
2025-11-30 16:15:00+00:00,58817.9,58456.5
2025-11-30 16:30:00+00:00,59414.2,58817.9
2025-11-30 16:45:00+00:00,59858.6,59414.2
2025-11-30 17:00:00+00:00,60134.4,59858.6
2025-11-30 17:15:00+00:00,60089.1,60134.4
2025-11-30 17:30:00+00:00,60101.9,60089.1
2025-11-30 17:45:00+00:00,59896.3,60101.9
2025-11-30 18:00:00+00:00,59745.4,59896.3
2025-11-30 18:15:00+00:00,58902.6,59745.4
2025-11-30 18:30:00+00:00,58395.6,58902.6
2025-11-30 18:45:00+00:00,57921.6,58395.6
2025-11-30 19:00:00+00:00,57396.5,57921.6
2025-11-30 19:15:00+00:00,56656.2,57396.5
2025-11-30 19:30:00+00:00,56041.2,56656.2
2025-11-30 19:45:00+00:00,55642.4,56041.2
2025-11-30 20:00:00+00:00,55392.5,55642.4
2025-11-30 20:15:00+00:00,55339.9,55392.5
2025-11-30 20:30:00+00:00,55063.5,55339.9
2025-11-30 20:45:00+00:00,54421.3,55063.5
2025-11-30 21:00:00+00:00,54389.7,54421.3
2025-11-30 21:15:00+00:00,53790.7,54389.7
2025-11-30 21:30:00+00:00,53020.6,53790.7
2025-11-30 21:45:00+00:00,52393.1,53020.6
2025-11-30 22:00:00+00:00,51962.7,52393.1
2025-11-30 22:15:00+00:00,51349.6,51962.7
2025-11-30 22:30:00+00:00,50788.7,51349.6
2025-11-30 22:45:00+00:00,49554.8,50788.7
2025-11-30 23:00:00+00:00,49489.1,49554.8
2025-11-30 23:15:00+00:00,48921.0,49489.1
2025-11-30 23:30:00+00:00,48661.0,48921.0
2025-11-30 23:45:00+00:00,48491.1,48661.0
2025-12-01 00:00:00+00:00,48202.3,48491.1
2025-12-01 00:15:00+00:00,47984.1,48202.3
2025-12-01 00:30:00+00:00,47755.1,47984.1
2025-12-01 00:45:00+00:00,47346.7,47755.1
2025-12-01 01:00:00+00:00,46754.0,47346.7
2025-12-01 01:15:00+00:00,46660.3,46754.0
2025-12-01 01:30:00+00:00,47005.9,46660.3
2025-12-01 01:45:00+00:00,46914.4,47005.9
2025-12-01 02:00:00+00:00,47163.6,46914.4
2025-12-01 02:15:00+00:00,47242.1,47163.6
2025-12-01 02:30:00+00:00,47566.1,47242.1
2025-12-01 02:45:00+00:00,47744.2,47566.1
2025-12-01 03:00:00+00:00,49201.1,47744.2
2025-12-01 03:15:00+00:00,49337.2,49201.1
2025-12-01 03:30:00+00:00,49745.0,49337.2
2025-12-01 03:45:00+00:00,50270.2,49745.0
2025-12-01 04:00:00+00:00,51225.5,50270.2
2025-12-01 04:15:00+00:00,52381.4,51225.5
2025-12-01 04:30:00+00:00,53517.8,52381.4
2025-12-01 04:45:00+00:00,55247.5,53517.8
2025-12-01 05:00:00+00:00,58902.4,55247.5
2025-12-01 05:15:00+00:00,61039.6,58902.4
2025-12-01 05:30:00+00:00,62977.7,61039.6
2025-12-01 05:45:00+00:00,64744.1,62977.7
2025-12-01 06:00:00+00:00,66757.7,64744.1
2025-12-01 06:15:00+00:00,68133.4,66757.7
2025-12-01 06:30:00+00:00,69079.7,68133.4
2025-12-01 06:45:00+00:00,69578.8,69079.7
2025-12-01 07:00:00+00:00,70048.3,69578.8
2025-12-01 07:15:00+00:00,70316.6,70048.3
2025-12-01 07:30:00+00:00,70555.0,70316.6
2025-12-01 07:45:00+00:00,70487.3,70555.0
2025-12-01 08:00:00+00:00,70655.7,70487.3
2025-12-01 08:15:00+00:00,70822.8,70655.7
2025-12-01 08:30:00+00:00,70706.2,70822.8
2025-12-01 08:45:00+00:00,70372.9,70706.2
2025-12-01 09:00:00+00:00,69494.3,70372.9
2025-12-01 09:15:00+00:00,69762.3,69494.3
2025-12-01 09:30:00+00:00,69817.0,69762.3
2025-12-01 09:45:00+00:00,69886.3,69817.0
2025-12-01 10:00:00+00:00,69359.6,69886.3
2025-12-01 10:15:00+00:00,69571.9,69359.6
2025-12-01 10:30:00+00:00,69277.6,69571.9
2025-12-01 10:45:00+00:00,69266.5,69277.6
2025-12-01 11:00:00+00:00,68937.0,69266.5
2025-12-01 11:15:00+00:00,68919.1,68937.0
2025-12-01 11:30:00+00:00,69043.4,68919.1
2025-12-01 11:45:00+00:00,68975.6,69043.4
2025-12-01 12:00:00+00:00,68607.6,68975.6
2025-12-01 12:15:00+00:00,68475.7,68607.6
2025-12-01 12:30:00+00:00,68224.9,68475.7
2025-12-01 12:45:00+00:00,68003.4,68224.9
2025-12-01 13:00:00+00:00,68235.3,68003.4
2025-12-01 13:15:00+00:00,68310.4,68235.3
2025-12-01 13:30:00+00:00,68432.8,68310.4
2025-12-01 13:45:00+00:00,68492.7,68432.8
2025-12-01 14:00:00+00:00,68903.5,68492.7
2025-12-01 14:15:00+00:00,68981.3,68903.5
2025-12-01 14:30:00+00:00,69232.9,68981.3
2025-12-01 14:45:00+00:00,69384.5,69232.9
2025-12-01 15:00:00+00:00,69693.7,69384.5
2025-12-01 15:15:00+00:00,70696.9,69693.7
2025-12-01 15:30:00+00:00,71587.8,70696.9
2025-12-01 15:45:00+00:00,72411.1,71587.8
2025-12-01 16:00:00+00:00,72932.6,72411.1
2025-12-01 16:15:00+00:00,73693.9,72932.6
2025-12-01 16:30:00+00:00,73965.7,73693.9
2025-12-01 16:45:00+00:00,73951.0,73965.7
2025-12-01 17:00:00+00:00,73338.6,73951.0
2025-12-01 17:15:00+00:00,73606.1,73338.6
2025-12-01 17:30:00+00:00,73342.1,73606.1
2025-12-01 17:45:00+00:00,72762.2,73342.1
2025-12-01 18:00:00+00:00,72112.6,72762.2
2025-12-01 18:15:00+00:00,71903.7,72112.6
2025-12-01 18:30:00+00:00,71497.8,71903.7
2025-12-01 18:45:00+00:00,70825.3,71497.8
2025-12-01 19:00:00+00:00,69994.7,70825.3
2025-12-01 19:15:00+00:00,69196.9,69994.7
2025-12-01 19:30:00+00:00,67844.1,69196.9
2025-12-01 19:45:00+00:00,66822.9,67844.1
2025-12-01 20:00:00+00:00,65618.7,66822.9
2025-12-01 20:15:00+00:00,64623.0,65618.7
2025-12-01 20:30:00+00:00,64019.6,64623.0
2025-12-01 20:45:00+00:00,63423.0,64019.6
2025-12-01 21:00:00+00:00,62213.7,63423.0
2025-12-01 21:15:00+00:00,61462.6,62213.7
2025-12-01 21:30:00+00:00,60652.7,61462.6
2025-12-01 21:45:00+00:00,59310.8,60652.7
2025-12-01 22:00:00+00:00,58189.7,59310.8
2025-12-01 22:15:00+00:00,57056.3,58189.7
2025-12-01 22:30:00+00:00,56579.2,57056.3
2025-12-01 22:45:00+00:00,56161.8,56579.2
2025-12-01 23:00:00+00:00,54748.5,56161.8
2025-12-01 23:15:00+00:00,54225.3,54748.5
2025-12-01 23:30:00+00:00,53690.8,54225.3
2025-12-01 23:45:00+00:00,53070.0,53690.8
2025-12-02 00:00:00+00:00,52471.7,53070.0
2025-12-02 00:15:00+00:00,52025.6,52471.7
2025-12-02 00:30:00+00:00,51778.8,52025.6
2025-12-02 00:45:00+00:00,51801.0,51778.8
2025-12-02 01:00:00+00:00,51385.0,51801.0
2025-12-02 01:15:00+00:00,51039.0,51385.0
2025-12-02 01:30:00+00:00,51260.2,51039.0
2025-12-02 01:45:00+00:00,51607.7,51260.2
2025-12-02 02:00:00+00:00,51547.4,51607.7
2025-12-02 02:15:00+00:00,51484.9,51547.4
2025-12-02 02:30:00+00:00,51873.5,51484.9
2025-12-02 02:45:00+00:00,52322.4,51873.5
2025-12-02 03:00:00+00:00,52601.9,52322.4
2025-12-02 03:15:00+00:00,52718.8,52601.9
2025-12-02 03:30:00+00:00,53332.8,52718.8
2025-12-02 03:45:00+00:00,53826.5,53332.8
2025-12-02 04:00:00+00:00,55068.3,53826.5
2025-12-02 04:15:00+00:00,55924.0,55068.3
2025-12-02 04:30:00+00:00,57497.7,55924.0
2025-12-02 04:45:00+00:00,59051.1,57497.7
2025-12-02 05:00:00+00:00,62337.8,59051.1
2025-12-02 05:15:00+00:00,64388.0,62337.8
2025-12-02 05:30:00+00:00,66115.8,64388.0
2025-12-02 05:45:00+00:00,67613.7,66115.8
2025-12-02 06:00:00+00:00,69932.2,67613.7
2025-12-02 06:15:00+00:00,71117.0,69932.2
2025-12-02 06:30:00+00:00,72061.4,71117.0
2025-12-02 06:45:00+00:00,72729.1,72061.4
2025-12-02 07:00:00+00:00,73335.9,72729.1
2025-12-02 07:15:00+00:00,73896.9,73335.9
2025-12-02 07:30:00+00:00,74068.5,73896.9
2025-12-02 07:45:00+00:00,74107.5,74068.5
2025-12-02 08:00:00+00:00,73421.9,74107.5
2025-12-02 08:15:00+00:00,73469.1,73421.9
2025-12-02 08:30:00+00:00,73305.3,73469.1
2025-12-02 08:45:00+00:00,73369.4,73305.3
2025-12-02 09:00:00+00:00,73345.2,73369.4
2025-12-02 09:15:00+00:00,73176.1,73345.2
2025-12-02 09:30:00+00:00,73012.4,73176.1
2025-12-02 09:45:00+00:00,72937.5,73012.4
2025-12-02 10:00:00+00:00,72834.3,72937.5
2025-12-02 10:15:00+00:00,73104.1,72834.3
2025-12-02 10:30:00+00:00,72471.8,73104.1
2025-12-02 10:45:00+00:00,72537.0,72471.8
2025-12-02 11:00:00+00:00,72272.0,72537.0
2025-12-02 11:15:00+00:00,72033.6,72272.0
2025-12-02 11:30:00+00:00,71651.4,72033.6
2025-12-02 11:45:00+00:00,71438.1,71651.4
2025-12-02 12:00:00+00:00,71633.1,71438.1
2025-12-02 12:15:00+00:00,71532.3,71633.1
2025-12-02 12:30:00+00:00,71307.0,71532.3
2025-12-02 12:45:00+00:00,70758.6,71307.0
2025-12-02 13:00:00+00:00,71172.9,70758.6
2025-12-02 13:15:00+00:00,70659.3,71172.9
2025-12-02 13:30:00+00:00,70200.3,70659.3
2025-12-02 13:45:00+00:00,70272.1,70200.3
2025-12-02 14:00:00+00:00,70045.8,70272.1
2025-12-02 14:15:00+00:00,70216.9,70045.8
2025-12-02 14:30:00+00:00,70603.7,70216.9
2025-12-02 14:45:00+00:00,70631.1,70603.7
2025-12-02 15:00:00+00:00,71188.2,70631.1
2025-12-02 15:15:00+00:00,71599.5,71188.2
2025-12-02 15:30:00+00:00,72279.5,71599.5
2025-12-02 15:45:00+00:00,72935.4,72279.5
2025-12-02 16:00:00+00:00,73218.2,72935.4
2025-12-02 16:15:00+00:00,73795.4,73218.2
2025-12-02 16:30:00+00:00,73975.2,73795.4
2025-12-02 16:45:00+00:00,73866.0,73975.2
2025-12-02 17:00:00+00:00,73330.2,73866.0
2025-12-02 17:15:00+00:00,72882.6,73330.2
2025-12-02 17:30:00+00:00,72485.4,72882.6
2025-12-02 17:45:00+00:00,72019.1,72485.4
2025-12-02 18:00:00+00:00,71592.0,72019.1
2025-12-02 18:15:00+00:00,71006.2,71592.0
2025-12-02 18:30:00+00:00,70239.2,71006.2
2025-12-02 18:45:00+00:00,69454.3,70239.2
2025-12-02 19:00:00+00:00,68907.6,69454.3
2025-12-02 19:15:00+00:00,67707.6,68907.6
2025-12-02 19:30:00+00:00,66593.5,67707.6
2025-12-02 19:45:00+00:00,65842.1,66593.5
2025-12-02 20:00:00+00:00,64619.7,65842.1
2025-12-02 20:15:00+00:00,63725.3,64619.7
2025-12-02 20:30:00+00:00,62583.9,63725.3
2025-12-02 20:45:00+00:00,61497.3,62583.9
2025-12-02 21:00:00+00:00,60986.5,61497.3
2025-12-02 21:15:00+00:00,60272.5,60986.5
2025-12-02 21:30:00+00:00,59216.9,60272.5
2025-12-02 21:45:00+00:00,58401.9,59216.9
2025-12-02 22:00:00+00:00,57198.1,58401.9
2025-12-02 22:15:00+00:00,56147.4,57198.1
2025-12-02 22:30:00+00:00,55318.6,56147.4
2025-12-02 22:45:00+00:00,54857.1,55318.6
2025-12-02 23:00:00+00:00,53321.1,54857.1
2025-12-02 23:15:00+00:00,52610.1,53321.1
2025-12-02 23:30:00+00:00,52296.5,52610.1
2025-12-02 23:45:00+00:00,51603.3,52296.5
2025-12-03 00:00:00+00:00,51172.1,51603.3
2025-12-03 00:15:00+00:00,50546.4,51172.1
2025-12-03 00:30:00+00:00,50271.8,50546.4
2025-12-03 00:45:00+00:00,50120.2,50271.8
2025-12-03 01:00:00+00:00,49818.8,50120.2
2025-12-03 01:15:00+00:00,49741.9,49818.8
2025-12-03 01:30:00+00:00,49519.9,49741.9
2025-12-03 01:45:00+00:00,49576.8,49519.9
2025-12-03 02:00:00+00:00,49752.6,49576.8
2025-12-03 02:15:00+00:00,49805.3,49752.6
2025-12-03 02:30:00+00:00,50345.2,49805.3
2025-12-03 02:45:00+00:00,50500.9,50345.2
2025-12-03 03:00:00+00:00,51075.9,50500.9
2025-12-03 03:15:00+00:00,51155.2,51075.9
2025-12-03 03:30:00+00:00,51454.8,51155.2
2025-12-03 03:45:00+00:00,51944.9,51454.8
2025-12-03 04:00:00+00:00,53384.8,51944.9
2025-12-03 04:15:00+00:00,53906.6,53384.8
2025-12-03 04:30:00+00:00,55028.3,53906.6
2025-12-03 04:45:00+00:00,56653.3,55028.3
2025-12-03 05:00:00+00:00,59694.5,56653.3
2025-12-03 05:15:00+00:00,61619.7,59694.5
2025-12-03 05:30:00+00:00,63410.3,61619.7
2025-12-03 05:45:00+00:00,64862.6,63410.3
2025-12-03 06:00:00+00:00,66760.5,64862.6
2025-12-03 06:15:00+00:00,68125.4,66760.5
2025-12-03 06:30:00+00:00,68803.6,68125.4
2025-12-03 06:45:00+00:00,69253.6,68803.6
2025-12-03 07:00:00+00:00,70124.7,69253.6
2025-12-03 07:15:00+00:00,70481.0,70124.7
2025-12-03 07:30:00+00:00,70753.4,70481.0
2025-12-03 07:45:00+00:00,70942.4,70753.4
2025-12-03 08:00:00+00:00,70621.8,70942.4
2025-12-03 08:15:00+00:00,70788.8,70621.8
2025-12-03 08:30:00+00:00,70885.5,70788.8
2025-12-03 08:45:00+00:00,70881.7,70885.5
2025-12-03 09:00:00+00:00,71150.9,70881.7
2025-12-03 09:15:00+00:00,71284.4,71150.9
2025-12-03 09:30:00+00:00,71263.0,71284.4
2025-12-03 09:45:00+00:00,71400.6,71263.0
2025-12-03 10:00:00+00:00,71239.6,71400.6
2025-12-03 10:15:00+00:00,71448.1,71239.6
2025-12-03 10:30:00+00:00,71351.5,71448.1
2025-12-03 10:45:00+00:00,71414.3,71351.5
2025-12-03 11:00:00+00:00,71182.2,71414.3
2025-12-03 11:15:00+00:00,71094.9,71182.2
2025-12-03 11:30:00+00:00,71158.7,71094.9
2025-12-03 11:45:00+00:00,71147.2,71158.7
2025-12-03 12:00:00+00:00,71127.4,71147.2
2025-12-03 12:15:00+00:00,70871.1,71127.4
2025-12-03 12:30:00+00:00,70612.7,70871.1
2025-12-03 12:45:00+00:00,70189.8,70612.7
2025-12-03 13:00:00+00:00,70114.6,70189.8
2025-12-03 13:15:00+00:00,69942.9,70114.6
2025-12-03 13:30:00+00:00,69921.7,69942.9
2025-12-03 13:45:00+00:00,69976.6,69921.7
2025-12-03 14:00:00+00:00,70294.1,69976.6
2025-12-03 14:15:00+00:00,70055.3,70294.1
2025-12-03 14:30:00+00:00,70178.8,70055.3
2025-12-03 14:45:00+00:00,70130.3,70178.8
2025-12-03 15:00:00+00:00,70665.0,70130.3
2025-12-03 15:15:00+00:00,71067.7,70665.0
2025-12-03 15:30:00+00:00,71561.6,71067.7
2025-12-03 15:45:00+00:00,72317.2,71561.6
2025-12-03 16:00:00+00:00,72729.7,72317.2
2025-12-03 16:15:00+00:00,72642.6,72729.7
2025-12-03 16:30:00+00:00,72869.3,72642.6
2025-12-03 16:45:00+00:00,72803.7,72869.3
2025-12-03 17:00:00+00:00,72474.7,72803.7
2025-12-03 17:15:00+00:00,71937.7,72474.7
2025-12-03 17:30:00+00:00,71772.4,71937.7
2025-12-03 17:45:00+00:00,71813.3,71772.4
2025-12-03 18:00:00+00:00,71133.4,71813.3
2025-12-03 18:15:00+00:00,70420.0,71133.4
2025-12-03 18:30:00+00:00,69741.5,70420.0
2025-12-03 18:45:00+00:00,68756.5,69741.5
2025-12-03 19:00:00+00:00,67982.6,68756.5
2025-12-03 19:15:00+00:00,67192.0,67982.6
2025-12-03 19:30:00+00:00,65868.3,67192.0
2025-12-03 19:45:00+00:00,65091.5,65868.3
2025-12-03 20:00:00+00:00,64093.8,65091.5
2025-12-03 20:15:00+00:00,63093.0,64093.8
2025-12-03 20:30:00+00:00,62375.2,63093.0
2025-12-03 20:45:00+00:00,61273.1,62375.2
2025-12-03 21:00:00+00:00,60381.3,61273.1
2025-12-03 21:15:00+00:00,59560.8,60381.3
2025-12-03 21:30:00+00:00,58665.0,59560.8
2025-12-03 21:45:00+00:00,57789.5,58665.0
2025-12-03 22:00:00+00:00,56484.8,57789.5
2025-12-03 22:15:00+00:00,55204.6,56484.8
2025-12-03 22:30:00+00:00,54638.9,55204.6
2025-12-03 22:45:00+00:00,53872.5,54638.9
2025-12-03 23:00:00+00:00,53556.1,53872.5
2025-12-03 23:15:00+00:00,52940.9,53556.1
2025-12-03 23:30:00+00:00,52340.4,52940.9
2025-12-03 23:45:00+00:00,51716.5,52340.4
2025-12-04 00:00:00+00:00,51258.4,51716.5
2025-12-04 00:15:00+00:00,51091.1,51258.4
2025-12-04 00:30:00+00:00,50747.9,51091.1
2025-12-04 00:45:00+00:00,50237.4,50747.9
2025-12-04 01:00:00+00:00,49745.2,50237.4
2025-12-04 01:15:00+00:00,49787.3,49745.2
2025-12-04 01:30:00+00:00,49632.0,49787.3
2025-12-04 01:45:00+00:00,49646.4,49632.0
2025-12-04 02:00:00+00:00,49919.8,49646.4
2025-12-04 02:15:00+00:00,50332.8,49919.8
2025-12-04 02:30:00+00:00,50414.9,50332.8
2025-12-04 02:45:00+00:00,50526.1,50414.9
2025-12-04 03:00:00+00:00,51106.9,50526.1
2025-12-04 03:15:00+00:00,51293.9,51106.9
2025-12-04 03:30:00+00:00,52096.3,51293.9
2025-12-04 03:45:00+00:00,52754.4,52096.3
2025-12-04 04:00:00+00:00,54160.3,52754.4
2025-12-04 04:15:00+00:00,54751.0,54160.3
2025-12-04 04:30:00+00:00,55829.3,54751.0
2025-12-04 04:45:00+00:00,57265.1,55829.3
2025-12-04 05:00:00+00:00,60507.5,57265.1
2025-12-04 05:15:00+00:00,62320.5,60507.5
2025-12-04 05:30:00+00:00,64019.5,62320.5
2025-12-04 05:45:00+00:00,65456.3,64019.5
2025-12-04 06:00:00+00:00,67126.3,65456.3
2025-12-04 06:15:00+00:00,68177.2,67126.3
2025-12-04 06:30:00+00:00,69035.9,68177.2
2025-12-04 06:45:00+00:00,69818.1,69035.9
2025-12-04 07:00:00+00:00,70623.8,69818.1
2025-12-04 07:15:00+00:00,71350.2,70623.8
2025-12-04 07:30:00+00:00,71601.1,71350.2
2025-12-04 07:45:00+00:00,71533.2,71601.1
2025-12-04 08:00:00+00:00,71334.0,71533.2
2025-12-04 08:15:00+00:00,71688.1,71334.0
2025-12-04 08:30:00+00:00,71589.2,71688.1
2025-12-04 08:45:00+00:00,71874.4,71589.2
2025-12-04 09:00:00+00:00,71979.9,71874.4
2025-12-04 09:15:00+00:00,71805.3,71979.9
2025-12-04 09:30:00+00:00,71783.9,71805.3
2025-12-04 09:45:00+00:00,72087.7,71783.9
2025-12-04 10:00:00+00:00,71931.7,72087.7
2025-12-04 10:15:00+00:00,71959.7,71931.7
2025-12-04 10:30:00+00:00,71884.5,71959.7
2025-12-04 10:45:00+00:00,71747.9,71884.5
2025-12-04 11:00:00+00:00,71732.2,71747.9
2025-12-04 11:15:00+00:00,71464.9,71732.2
2025-12-04 11:30:00+00:00,71464.0,71464.9
2025-12-04 11:45:00+00:00,71361.0,71464.0
2025-12-04 12:00:00+00:00,70774.6,71361.0
2025-12-04 12:15:00+00:00,70510.5,70774.6
2025-12-04 12:30:00+00:00,70315.5,70510.5
2025-12-04 12:45:00+00:00,70018.3,70315.5
2025-12-04 13:00:00+00:00,69905.8,70018.3
2025-12-04 13:15:00+00:00,69930.8,69905.8
2025-12-04 13:30:00+00:00,69903.6,69930.8
2025-12-04 13:45:00+00:00,69633.5,69903.6
2025-12-04 14:00:00+00:00,69585.0,69633.5
2025-12-04 14:15:00+00:00,69459.3,69585.0
2025-12-04 14:30:00+00:00,69654.5,69459.3
2025-12-04 14:45:00+00:00,69743.1,69654.5
2025-12-04 15:00:00+00:00,70092.4,69743.1
2025-12-04 15:15:00+00:00,70477.9,70092.4
2025-12-04 15:30:00+00:00,71333.1,70477.9
2025-12-04 15:45:00+00:00,72005.9,71333.1
2025-12-04 16:00:00+00:00,72411.6,72005.9
2025-12-04 16:15:00+00:00,72730.2,72411.6
2025-12-04 16:30:00+00:00,72931.3,72730.2
2025-12-04 16:45:00+00:00,73254.3,72931.3
2025-12-04 17:00:00+00:00,72928.7,73254.3
2025-12-04 17:15:00+00:00,72566.4,72928.7
2025-12-04 17:30:00+00:00,72349.1,72566.4
2025-12-04 17:45:00+00:00,72413.6,72349.1
2025-12-04 18:00:00+00:00,72017.0,72413.6
2025-12-04 18:15:00+00:00,71302.9,72017.0
2025-12-04 18:30:00+00:00,70712.3,71302.9
2025-12-04 18:45:00+00:00,70014.2,70712.3
2025-12-04 19:00:00+00:00,68641.8,70014.2
2025-12-04 19:15:00+00:00,67711.7,68641.8
2025-12-04 19:30:00+00:00,66959.0,67711.7
2025-12-04 19:45:00+00:00,65946.9,66959.0
2025-12-04 20:00:00+00:00,65289.0,65946.9
2025-12-04 20:15:00+00:00,64109.7,65289.0
2025-12-04 20:30:00+00:00,63103.6,64109.7
2025-12-04 20:45:00+00:00,62534.4,63103.6
2025-12-04 21:00:00+00:00,61756.5,62534.4
2025-12-04 21:15:00+00:00,60764.5,61756.5
2025-12-04 21:30:00+00:00,59698.0,60764.5
2025-12-04 21:45:00+00:00,58976.7,59698.0
2025-12-04 22:00:00+00:00,57713.1,58976.7
2025-12-04 22:15:00+00:00,56751.8,57713.1
2025-12-04 22:30:00+00:00,55741.1,56751.8
2025-12-04 22:45:00+00:00,55248.6,55741.1
2025-12-04 23:00:00+00:00,54244.1,55248.6
2025-12-04 23:15:00+00:00,53532.3,54244.1
2025-12-04 23:30:00+00:00,52907.3,53532.3
2025-12-04 23:45:00+00:00,52504.3,52907.3
2025-12-05 00:00:00+00:00,51767.4,52504.3
2025-12-05 00:15:00+00:00,51524.3,51767.4
2025-12-05 00:30:00+00:00,51429.1,51524.3
2025-12-05 00:45:00+00:00,51285.8,51429.1
2025-12-05 01:00:00+00:00,50792.0,51285.8
2025-12-05 01:15:00+00:00,50469.5,50792.0
2025-12-05 01:30:00+00:00,50244.1,50469.5
2025-12-05 01:45:00+00:00,50538.5,50244.1
2025-12-05 02:00:00+00:00,50557.5,50538.5
2025-12-05 02:15:00+00:00,50304.7,50557.5
2025-12-05 02:30:00+00:00,50572.9,50304.7
2025-12-05 02:45:00+00:00,50972.2,50572.9
2025-12-05 03:00:00+00:00,51732.0,50972.2
2025-12-05 03:15:00+00:00,51332.6,51732.0
2025-12-05 03:30:00+00:00,51837.1,51332.6
2025-12-05 03:45:00+00:00,52286.2,51837.1
2025-12-05 04:00:00+00:00,53417.8,52286.2
2025-12-05 04:15:00+00:00,54202.0,53417.8
2025-12-05 04:30:00+00:00,55408.7,54202.0
2025-12-05 04:45:00+00:00,56600.9,55408.7
2025-12-05 05:00:00+00:00,59375.2,56600.9
2025-12-05 05:15:00+00:00,61288.2,59375.2
2025-12-05 05:30:00+00:00,62890.2,61288.2
2025-12-05 05:45:00+00:00,64288.9,62890.2
2025-12-05 06:00:00+00:00,66191.7,64288.9
2025-12-05 06:15:00+00:00,67463.1,66191.7
2025-12-05 06:30:00+00:00,68646.2,67463.1
2025-12-05 06:45:00+00:00,69124.6,68646.2
2025-12-05 07:00:00+00:00,70182.3,69124.6
2025-12-05 07:15:00+00:00,70868.4,70182.3
2025-12-05 07:30:00+00:00,71109.2,70868.4
2025-12-05 07:45:00+00:00,70724.4,71109.2
2025-12-05 08:00:00+00:00,70495.2,70724.4
2025-12-05 08:15:00+00:00,70677.1,70495.2
2025-12-05 08:30:00+00:00,70866.2,70677.1
2025-12-05 08:45:00+00:00,71016.6,70866.2
2025-12-05 09:00:00+00:00,71000.8,71016.6
2025-12-05 09:15:00+00:00,70815.3,71000.8
2025-12-05 09:30:00+00:00,70912.0,70815.3
2025-12-05 09:45:00+00:00,71055.6,70912.0
2025-12-05 10:00:00+00:00,70947.3,71055.6
2025-12-05 10:15:00+00:00,70880.0,70947.3
2025-12-05 10:30:00+00:00,70695.8,70880.0
2025-12-05 10:45:00+00:00,70500.1,70695.8
2025-12-05 11:00:00+00:00,70271.3,70500.1
2025-12-05 11:15:00+00:00,69660.2,70271.3
2025-12-05 11:30:00+00:00,69325.2,69660.2
2025-12-05 11:45:00+00:00,69027.3,69325.2
2025-12-05 12:00:00+00:00,68574.7,69027.3
2025-12-05 12:15:00+00:00,68323.0,68574.7
2025-12-05 12:30:00+00:00,67926.4,68323.0
2025-12-05 12:45:00+00:00,67344.9,67926.4
2025-12-05 13:00:00+00:00,67568.8,67344.9
2025-12-05 13:15:00+00:00,67275.3,67568.8
2025-12-05 13:30:00+00:00,67005.2,67275.3
2025-12-05 13:45:00+00:00,66880.3,67005.2
2025-12-05 14:00:00+00:00,67208.7,66880.3
2025-12-05 14:15:00+00:00,67296.3,67208.7
2025-12-05 14:30:00+00:00,67504.7,67296.3
2025-12-05 14:45:00+00:00,67657.9,67504.7
2025-12-05 15:00:00+00:00,68121.8,67657.9
2025-12-05 15:15:00+00:00,68539.5,68121.8
2025-12-05 15:30:00+00:00,69297.5,68539.5
2025-12-05 15:45:00+00:00,69543.9,69297.5
2025-12-05 16:00:00+00:00,69728.8,69543.9
2025-12-05 16:15:00+00:00,69851.6,69728.8
2025-12-05 16:30:00+00:00,69829.1,69851.6
2025-12-05 16:45:00+00:00,69572.5,69829.1
2025-12-05 17:00:00+00:00,69143.4,69572.5
2025-12-05 17:15:00+00:00,68748.6,69143.4
2025-12-05 17:30:00+00:00,68300.4,68748.6
2025-12-05 17:45:00+00:00,67957.2,68300.4
2025-12-05 18:00:00+00:00,67323.9,67957.2
2025-12-05 18:15:00+00:00,66769.2,67323.9
2025-12-05 18:30:00+00:00,66230.2,66769.2
2025-12-05 18:45:00+00:00,65279.4,66230.2
2025-12-05 19:00:00+00:00,64382.1,65279.4
2025-12-05 19:15:00+00:00,63486.7,64382.1
2025-12-05 19:30:00+00:00,62670.8,63486.7
2025-12-05 19:45:00+00:00,61703.8,62670.8
2025-12-05 20:00:00+00:00,61461.8,61703.8
2025-12-05 20:15:00+00:00,60879.0,61461.8
2025-12-05 20:30:00+00:00,59880.2,60879.0
2025-12-05 20:45:00+00:00,58787.8,59880.2
2025-12-05 21:00:00+00:00,58407.8,58787.8
2025-12-05 21:15:00+00:00,57609.7,58407.8
2025-12-05 21:30:00+00:00,56848.3,57609.7
2025-12-05 21:45:00+00:00,55771.8,56848.3
2025-12-05 22:00:00+00:00,54348.9,55771.8
2025-12-05 22:15:00+00:00,53695.4,54348.9
2025-12-05 22:30:00+00:00,52788.0,53695.4
2025-12-05 22:45:00+00:00,52112.8,52788.0
2025-12-05 23:00:00+00:00,50847.5,52112.8
2025-12-05 23:15:00+00:00,49947.6,50847.5
2025-12-05 23:30:00+00:00,49477.2,49947.6
2025-12-05 23:45:00+00:00,49213.6,49477.2
2025-12-06 00:00:00+00:00,48623.2,49213.6
2025-12-06 00:15:00+00:00,48199.9,48623.2
2025-12-06 00:30:00+00:00,47934.1,48199.9
2025-12-06 00:45:00+00:00,47705.4,47934.1
2025-12-06 01:00:00+00:00,47331.1,47705.4
2025-12-06 01:15:00+00:00,46930.6,47331.1
2025-12-06 01:30:00+00:00,46775.0,46930.6
2025-12-06 01:45:00+00:00,46792.5,46775.0
2025-12-06 02:00:00+00:00,46206.0,46792.5
2025-12-06 02:15:00+00:00,45945.4,46206.0
2025-12-06 02:30:00+00:00,46053.3,45945.4
2025-12-06 02:45:00+00:00,46003.4,46053.3
2025-12-06 03:00:00+00:00,46461.5,46003.4
2025-12-06 03:15:00+00:00,46601.3,46461.5
2025-12-06 03:30:00+00:00,46827.2,46601.3
2025-12-06 03:45:00+00:00,47084.5,46827.2
2025-12-06 04:00:00+00:00,47163.9,47084.5
2025-12-06 04:15:00+00:00,47338.0,47163.9
2025-12-06 04:30:00+00:00,47656.5,47338.0
2025-12-06 04:45:00+00:00,48010.3,47656.5
2025-12-06 05:00:00+00:00,48709.7,48010.3
2025-12-06 05:15:00+00:00,49100.8,48709.7
2025-12-06 05:30:00+00:00,49631.5,49100.8
2025-12-06 05:45:00+00:00,50115.3,49631.5
2025-12-06 06:00:00+00:00,50912.8,50115.3
2025-12-06 06:15:00+00:00,51842.3,50912.8
2025-12-06 06:30:00+00:00,52960.7,51842.3
2025-12-06 06:45:00+00:00,53467.1,52960.7
2025-12-06 07:00:00+00:00,54733.8,53467.1
2025-12-06 07:15:00+00:00,55937.2,54733.8
2025-12-06 07:30:00+00:00,56547.7,55937.2
2025-12-06 07:45:00+00:00,57082.1,56547.7
2025-12-06 08:00:00+00:00,57607.8,57082.1
2025-12-06 08:15:00+00:00,58545.1,57607.8
2025-12-06 08:30:00+00:00,59105.2,58545.1
2025-12-06 08:45:00+00:00,59458.4,59105.2
2025-12-06 09:00:00+00:00,59885.0,59458.4
2025-12-06 09:15:00+00:00,60056.8,59885.0
2025-12-06 09:30:00+00:00,60379.7,60056.8
2025-12-06 09:45:00+00:00,60332.9,60379.7
2025-12-06 10:00:00+00:00,60630.1,60332.9
2025-12-06 10:15:00+00:00,61179.3,60630.1
2025-12-06 10:30:00+00:00,61340.5,61179.3
2025-12-06 10:45:00+00:00,60999.4,61340.5
2025-12-06 11:00:00+00:00,60758.0,60999.4
2025-12-06 11:15:00+00:00,60171.5,60758.0
2025-12-06 11:30:00+00:00,59912.8,60171.5
2025-12-06 11:45:00+00:00,59875.9,59912.8
2025-12-06 12:00:00+00:00,59857.4,59875.9
2025-12-06 12:15:00+00:00,59626.3,59857.4
2025-12-06 12:30:00+00:00,59358.7,59626.3
2025-12-06 12:45:00+00:00,59227.4,59358.7
2025-12-06 13:00:00+00:00,59183.8,59227.4
2025-12-06 13:15:00+00:00,58557.6,59183.8
2025-12-06 13:30:00+00:00,58930.8,58557.6
2025-12-06 13:45:00+00:00,58793.9,58930.8
2025-12-06 14:00:00+00:00,59063.0,58793.9
2025-12-06 14:15:00+00:00,59055.7,59063.0
2025-12-06 14:30:00+00:00,59481.5,59055.7
2025-12-06 14:45:00+00:00,59819.3,59481.5
2025-12-06 15:00:00+00:00,60413.1,59819.3
2025-12-06 15:15:00+00:00,60659.4,60413.1
2025-12-06 15:30:00+00:00,61973.7,60659.4
2025-12-06 15:45:00+00:00,62394.0,61973.7
2025-12-06 16:00:00+00:00,62641.0,62394.0
2025-12-06 16:15:00+00:00,62585.8,62641.0
2025-12-06 16:30:00+00:00,62916.3,62585.8
2025-12-06 16:45:00+00:00,63247.3,62916.3
2025-12-06 17:00:00+00:00,62850.0,63247.3
2025-12-06 17:15:00+00:00,62558.8,62850.0
2025-12-06 17:30:00+00:00,62341.0,62558.8
2025-12-06 17:45:00+00:00,61894.2,62341.0
2025-12-06 18:00:00+00:00,61336.9,61894.2
2025-12-06 18:15:00+00:00,60933.1,61336.9
2025-12-06 18:30:00+00:00,60454.7,60933.1
2025-12-06 18:45:00+00:00,59531.6,60454.7
2025-12-06 19:00:00+00:00,58325.1,59531.6
2025-12-06 19:15:00+00:00,57358.2,58325.1
2025-12-06 19:30:00+00:00,56441.6,57358.2
2025-12-06 19:45:00+00:00,55605.0,56441.6
2025-12-06 20:00:00+00:00,54758.8,55605.0
2025-12-06 20:15:00+00:00,54260.2,54758.8
2025-12-06 20:30:00+00:00,53262.8,54260.2
2025-12-06 20:45:00+00:00,52669.9,53262.8
2025-12-06 21:00:00+00:00,52848.7,52669.9
2025-12-06 21:15:00+00:00,52166.7,52848.7
2025-12-06 21:30:00+00:00,51684.7,52166.7
2025-12-06 21:45:00+00:00,50919.9,51684.7
2025-12-06 22:00:00+00:00,50224.8,50919.9
2025-12-06 22:15:00+00:00,48919.4,50224.8
2025-12-06 22:30:00+00:00,47850.1,48919.4
2025-12-06 22:45:00+00:00,47330.4,47850.1
2025-12-06 23:00:00+00:00,46220.3,47330.4
2025-12-06 23:15:00+00:00,45056.9,46220.3
2025-12-06 23:30:00+00:00,44677.3,45056.9
2025-12-06 23:45:00+00:00,44207.2,44677.3
2025-12-07 00:00:00+00:00,43544.6,44207.2
2025-12-07 00:15:00+00:00,43162.3,43544.6
2025-12-07 00:30:00+00:00,42641.9,43162.3
2025-12-07 00:45:00+00:00,42531.8,42641.9
2025-12-07 01:00:00+00:00,42293.6,42531.8
2025-12-07 01:15:00+00:00,41898.9,42293.6
2025-12-07 01:30:00+00:00,41661.7,41898.9
2025-12-07 01:45:00+00:00,41440.3,41661.7
2025-12-07 02:00:00+00:00,41672.6,41440.3
2025-12-07 02:15:00+00:00,41314.0,41672.6
2025-12-07 02:30:00+00:00,41207.5,41314.0
2025-12-07 02:45:00+00:00,41438.3,41207.5
2025-12-07 03:00:00+00:00,41807.3,41438.3
2025-12-07 03:15:00+00:00,41554.2,41807.3
2025-12-07 03:30:00+00:00,41636.2,41554.2
2025-12-07 03:45:00+00:00,41748.0,41636.2
2025-12-07 04:00:00+00:00,41779.3,41748.0
2025-12-07 04:15:00+00:00,41434.9,41779.3
2025-12-07 04:30:00+00:00,41551.0,41434.9
2025-12-07 04:45:00+00:00,41967.7,41551.0
2025-12-07 05:00:00+00:00,42355.0,41967.7
2025-12-07 05:15:00+00:00,42114.2,42355.0
2025-12-07 05:30:00+00:00,42501.0,42114.2
2025-12-07 05:45:00+00:00,42862.4,42501.0
2025-12-07 06:00:00+00:00,43453.9,42862.4
2025-12-07 06:15:00+00:00,44141.1,43453.9
2025-12-07 06:30:00+00:00,45191.1,44141.1
2025-12-07 06:45:00+00:00,46310.0,45191.1
2025-12-07 07:00:00+00:00,47413.5,46310.0
2025-12-07 07:15:00+00:00,47963.4,47413.5
2025-12-07 07:30:00+00:00,48776.2,47963.4
2025-12-07 07:45:00+00:00,49853.9,48776.2
2025-12-07 08:00:00+00:00,51069.1,49853.9
2025-12-07 08:15:00+00:00,51715.9,51069.1
2025-12-07 08:30:00+00:00,50824.7,51715.9
2025-12-07 08:45:00+00:00,51269.1,50824.7
2025-12-07 09:00:00+00:00,51921.5,51269.1
2025-12-07 09:15:00+00:00,52161.4,51921.5
2025-12-07 09:30:00+00:00,52434.3,52161.4
2025-12-07 09:45:00+00:00,53000.7,52434.3
2025-12-07 10:00:00+00:00,53564.4,53000.7
2025-12-07 10:15:00+00:00,54165.6,53564.4
2025-12-07 10:30:00+00:00,54562.2,54165.6
2025-12-07 10:45:00+00:00,54708.7,54562.2
2025-12-07 11:00:00+00:00,54960.7,54708.7
2025-12-07 11:15:00+00:00,54439.3,54960.7
2025-12-07 11:30:00+00:00,54158.8,54439.3
2025-12-07 11:45:00+00:00,53879.4,54158.8
2025-12-07 12:00:00+00:00,53294.6,53879.4
2025-12-07 12:15:00+00:00,52515.6,53294.6
2025-12-07 12:30:00+00:00,52110.7,52515.6
2025-12-07 12:45:00+00:00,51639.1,52110.7
2025-12-07 13:00:00+00:00,51343.4,51639.1
2025-12-07 13:15:00+00:00,51247.6,51343.4
2025-12-07 13:30:00+00:00,51096.0,51247.6
2025-12-07 13:45:00+00:00,51191.1,51096.0
2025-12-07 14:00:00+00:00,51540.7,51191.1
2025-12-07 14:15:00+00:00,51665.1,51540.7
2025-12-07 14:30:00+00:00,51929.3,51665.1
2025-12-07 14:45:00+00:00,52073.4,51929.3
2025-12-07 15:00:00+00:00,52768.1,52073.4
2025-12-07 15:15:00+00:00,53510.0,52768.1
2025-12-07 15:30:00+00:00,54333.7,53510.0
2025-12-07 15:45:00+00:00,55255.6,54333.7
2025-12-07 16:00:00+00:00,55748.7,55255.6
2025-12-07 16:15:00+00:00,56210.5,55748.7
2025-12-07 16:30:00+00:00,56520.0,56210.5
2025-12-07 16:45:00+00:00,57147.4,56520.0
2025-12-07 17:00:00+00:00,57322.1,57147.4
2025-12-07 17:15:00+00:00,57295.1,57322.1
2025-12-07 17:30:00+00:00,57194.6,57295.1
2025-12-07 17:45:00+00:00,56706.2,57194.6
2025-12-07 18:00:00+00:00,56912.2,56706.2
2025-12-07 18:15:00+00:00,56250.2,56912.2
2025-12-07 18:30:00+00:00,56046.9,56250.2
2025-12-07 18:45:00+00:00,56207.2,56046.9
2025-12-07 19:00:00+00:00,55536.0,56207.2
2025-12-07 19:15:00+00:00,55122.3,55536.0
2025-12-07 19:30:00+00:00,54310.8,55122.3
2025-12-07 19:45:00+00:00,53810.9,54310.8
2025-12-07 20:00:00+00:00,53840.2,53810.9
2025-12-07 20:15:00+00:00,53358.8,53840.2
2025-12-07 20:30:00+00:00,52767.6,53358.8
2025-12-07 20:45:00+00:00,53114.2,52767.6
2025-12-07 21:00:00+00:00,52815.6,53114.2
2025-12-07 21:15:00+00:00,52135.7,52815.6
2025-12-07 21:30:00+00:00,51172.1,52135.7
2025-12-07 21:45:00+00:00,50788.0,51172.1
2025-12-07 22:00:00+00:00,49993.7,50788.0
2025-12-07 22:15:00+00:00,49129.6,49993.7
2025-12-07 22:30:00+00:00,48878.3,49129.6
2025-12-07 22:45:00+00:00,48101.0,48878.3
2025-12-07 23:00:00+00:00,47342.8,48101.0
2025-12-07 23:15:00+00:00,46733.2,47342.8
2025-12-07 23:30:00+00:00,46623.0,46733.2
2025-12-07 23:45:00+00:00,46294.7,46623.0
2025-12-08 00:00:00+00:00,45428.8,46294.7
2025-12-08 00:15:00+00:00,45314.1,45428.8
2025-12-08 00:30:00+00:00,45315.5,45314.1
2025-12-08 00:45:00+00:00,45418.7,45315.5
2025-12-08 01:00:00+00:00,44752.6,45418.7
2025-12-08 01:15:00+00:00,44835.5,44752.6
2025-12-08 01:30:00+00:00,45070.1,44835.5
2025-12-08 01:45:00+00:00,44967.8,45070.1
2025-12-08 02:00:00+00:00,45006.1,44967.8
2025-12-08 02:15:00+00:00,45474.0,45006.1
2025-12-08 02:30:00+00:00,45582.7,45474.0
2025-12-08 02:45:00+00:00,45517.7,45582.7
2025-12-08 03:00:00+00:00,46008.3,45517.7
2025-12-08 03:15:00+00:00,46451.0,46008.3
2025-12-08 03:30:00+00:00,47395.9,46451.0
2025-12-08 03:45:00+00:00,48313.8,47395.9
2025-12-08 04:00:00+00:00,49312.7,48313.8
2025-12-08 04:15:00+00:00,50306.1,49312.7
2025-12-08 04:30:00+00:00,51678.1,50306.1
2025-12-08 04:45:00+00:00,53325.0,51678.1
2025-12-08 05:00:00+00:00,56594.5,53325.0
2025-12-08 05:15:00+00:00,58631.1,56594.5
2025-12-08 05:30:00+00:00,60356.7,58631.1
2025-12-08 05:45:00+00:00,62036.3,60356.7
2025-12-08 06:00:00+00:00,64318.0,62036.3
2025-12-08 06:15:00+00:00,65447.5,64318.0
2025-12-08 06:30:00+00:00,66269.5,65447.5
2025-12-08 06:45:00+00:00,67525.9,66269.5
2025-12-08 07:00:00+00:00,68219.1,67525.9
2025-12-08 07:15:00+00:00,68541.3,68219.1
2025-12-08 07:30:00+00:00,68819.9,68541.3
2025-12-08 07:45:00+00:00,68645.3,68819.9
2025-12-08 08:00:00+00:00,68196.3,68645.3
2025-12-08 08:15:00+00:00,68265.9,68196.3
2025-12-08 08:30:00+00:00,68169.8,68265.9
2025-12-08 08:45:00+00:00,69184.4,68169.8
2025-12-08 09:00:00+00:00,69133.3,69184.4
2025-12-08 09:15:00+00:00,69246.9,69133.3
2025-12-08 09:30:00+00:00,69495.4,69246.9
2025-12-08 09:45:00+00:00,69381.8,69495.4
2025-12-08 10:00:00+00:00,69971.0,69381.8
2025-12-08 10:15:00+00:00,70058.8,69971.0
2025-12-08 10:30:00+00:00,69986.7,70058.8
2025-12-08 10:45:00+00:00,69986.6,69986.7
2025-12-08 11:00:00+00:00,69659.5,69986.6
2025-12-08 11:15:00+00:00,69754.1,69659.5
2025-12-08 11:30:00+00:00,69770.4,69754.1
2025-12-08 11:45:00+00:00,69766.7,69770.4
2025-12-08 12:00:00+00:00,70226.8,69766.7
2025-12-08 12:15:00+00:00,70011.5,70226.8
2025-12-08 12:30:00+00:00,69619.2,70011.5
2025-12-08 12:45:00+00:00,69229.7,69619.2
2025-12-08 13:00:00+00:00,69286.2,69229.7
2025-12-08 13:15:00+00:00,68923.7,69286.2
2025-12-08 13:30:00+00:00,68735.5,68923.7
2025-12-08 13:45:00+00:00,68635.0,68735.5
2025-12-08 14:00:00+00:00,68911.8,68635.0
2025-12-08 14:15:00+00:00,68917.4,68911.8
2025-12-08 14:30:00+00:00,69248.4,68917.4
2025-12-08 14:45:00+00:00,69715.4,69248.4
2025-12-08 15:00:00+00:00,70245.8,69715.4
2025-12-08 15:15:00+00:00,70602.2,70245.8
2025-12-08 15:30:00+00:00,71085.4,70602.2
2025-12-08 15:45:00+00:00,71221.2,71085.4
2025-12-08 16:00:00+00:00,71867.3,71221.2
2025-12-08 16:15:00+00:00,72231.0,71867.3
2025-12-08 16:30:00+00:00,72426.6,72231.0
2025-12-08 16:45:00+00:00,72111.6,72426.6
2025-12-08 17:00:00+00:00,71925.4,72111.6
2025-12-08 17:15:00+00:00,71866.6,71925.4
2025-12-08 17:30:00+00:00,71594.5,71866.6
2025-12-08 17:45:00+00:00,71160.3,71594.5
2025-12-08 18:00:00+00:00,70273.2,71160.3
2025-12-08 18:15:00+00:00,69660.8,70273.2
2025-12-08 18:30:00+00:00,68974.1,69660.8
2025-12-08 18:45:00+00:00,68255.6,68974.1
2025-12-08 19:00:00+00:00,67118.8,68255.6
2025-12-08 19:15:00+00:00,65976.1,67118.8
2025-12-08 19:30:00+00:00,64928.3,65976.1
2025-12-08 19:45:00+00:00,63870.1,64928.3
2025-12-08 20:00:00+00:00,63170.0,63870.1
2025-12-08 20:15:00+00:00,62053.7,63170.0
2025-12-08 20:30:00+00:00,61141.6,62053.7
2025-12-08 20:45:00+00:00,59939.7,61141.6
2025-12-08 21:00:00+00:00,58991.0,59939.7
2025-12-08 21:15:00+00:00,58050.1,58991.0
2025-12-08 21:30:00+00:00,56799.8,58050.1
2025-12-08 21:45:00+00:00,56034.2,56799.8
2025-12-08 22:00:00+00:00,54926.8,56034.2
2025-12-08 22:15:00+00:00,53954.6,54926.8
2025-12-08 22:30:00+00:00,53109.5,53954.6
2025-12-08 22:45:00+00:00,52419.1,53109.5
2025-12-08 23:00:00+00:00,50789.8,52419.1
2025-12-08 23:15:00+00:00,50202.7,50789.8
2025-12-08 23:30:00+00:00,49620.5,50202.7
2025-12-08 23:45:00+00:00,48989.4,49620.5
2025-12-09 00:00:00+00:00,48818.9,48989.4
2025-12-09 00:15:00+00:00,48257.0,48818.9
2025-12-09 00:30:00+00:00,47922.9,48257.0
2025-12-09 00:45:00+00:00,47829.5,47922.9
2025-12-09 01:00:00+00:00,47224.7,47829.5
2025-12-09 01:15:00+00:00,46729.3,47224.7
2025-12-09 01:30:00+00:00,46557.9,46729.3
2025-12-09 01:45:00+00:00,46563.0,46557.9
2025-12-09 02:00:00+00:00,46801.1,46563.0
2025-12-09 02:15:00+00:00,46743.7,46801.1
2025-12-09 02:30:00+00:00,47235.3,46743.7
2025-12-09 02:45:00+00:00,47510.5,47235.3
2025-12-09 03:00:00+00:00,48245.7,47510.5
2025-12-09 03:15:00+00:00,48460.7,48245.7
2025-12-09 03:30:00+00:00,48674.4,48460.7
2025-12-09 03:45:00+00:00,49393.5,48674.4
2025-12-09 04:00:00+00:00,50789.3,49393.5
2025-12-09 04:15:00+00:00,51332.9,50789.3
2025-12-09 04:30:00+00:00,52860.6,51332.9
2025-12-09 04:45:00+00:00,54525.7,52860.6
2025-12-09 05:00:00+00:00,57747.2,54525.7
2025-12-09 05:15:00+00:00,60119.2,57747.2
2025-12-09 05:30:00+00:00,61996.3,60119.2
2025-12-09 05:45:00+00:00,63504.7,61996.3
2025-12-09 06:00:00+00:00,65296.6,63504.7
2025-12-09 06:15:00+00:00,66910.4,65296.6
2025-12-09 06:30:00+00:00,67969.3,66910.4
2025-12-09 06:45:00+00:00,68606.5,67969.3
2025-12-09 07:00:00+00:00,69606.1,68606.5
2025-12-09 07:15:00+00:00,69995.4,69606.1
2025-12-09 07:30:00+00:00,70163.3,69995.4
2025-12-09 07:45:00+00:00,69795.4,70163.3
2025-12-09 08:00:00+00:00,68898.8,69795.4
2025-12-09 08:15:00+00:00,68810.3,68898.8
2025-12-09 08:30:00+00:00,69038.8,68810.3
2025-12-09 08:45:00+00:00,69234.7,69038.8
2025-12-09 09:00:00+00:00,68908.6,69234.7
2025-12-09 09:15:00+00:00,68578.9,68908.6
2025-12-09 09:30:00+00:00,67767.9,68578.9
2025-12-09 09:45:00+00:00,68542.6,67767.9
2025-12-09 10:00:00+00:00,68295.5,68542.6
2025-12-09 10:15:00+00:00,68265.8,68295.5
2025-12-09 10:30:00+00:00,67980.0,68265.8
2025-12-09 10:45:00+00:00,67633.7,67980.0
2025-12-09 11:00:00+00:00,67627.3,67633.7
2025-12-09 11:15:00+00:00,67177.5,67627.3
2025-12-09 11:30:00+00:00,67017.8,67177.5
2025-12-09 11:45:00+00:00,66790.0,67017.8
2025-12-09 12:00:00+00:00,66328.1,66790.0
2025-12-09 12:15:00+00:00,65939.3,66328.1
2025-12-09 12:30:00+00:00,65767.0,65939.3
2025-12-09 12:45:00+00:00,65080.4,65767.0
2025-12-09 13:00:00+00:00,65429.8,65080.4
2025-12-09 13:15:00+00:00,65894.4,65429.8
2025-12-09 13:30:00+00:00,65666.3,65894.4
2025-12-09 13:45:00+00:00,65430.0,65666.3
2025-12-09 14:00:00+00:00,65492.2,65430.0
2025-12-09 14:15:00+00:00,65746.9,65492.2
2025-12-09 14:30:00+00:00,65990.1,65746.9
2025-12-09 14:45:00+00:00,65821.0,65990.1
2025-12-09 15:00:00+00:00,66560.9,65821.0
2025-12-09 15:15:00+00:00,66888.1,66560.9
2025-12-09 15:30:00+00:00,67570.9,66888.1
2025-12-09 15:45:00+00:00,68365.0,67570.9
2025-12-09 16:00:00+00:00,69138.0,68365.0
2025-12-09 16:15:00+00:00,69427.6,69138.0
2025-12-09 16:30:00+00:00,69530.7,69427.6
2025-12-09 16:45:00+00:00,69650.6,69530.7
2025-12-09 17:00:00+00:00,69297.2,69650.6
2025-12-09 17:15:00+00:00,69001.5,69297.2
2025-12-09 17:30:00+00:00,68864.5,69001.5
2025-12-09 17:45:00+00:00,68756.5,68864.5
2025-12-09 18:00:00+00:00,68141.5,68756.5
2025-12-09 18:15:00+00:00,67576.9,68141.5
2025-12-09 18:30:00+00:00,67359.0,67576.9
2025-12-09 18:45:00+00:00,66806.3,67359.0
2025-12-09 19:00:00+00:00,65182.7,66806.3
2025-12-09 19:15:00+00:00,64300.1,65182.7
2025-12-09 19:30:00+00:00,63417.9,64300.1
2025-12-09 19:45:00+00:00,62455.2,63417.9
2025-12-09 20:00:00+00:00,62217.2,62455.2
2025-12-09 20:15:00+00:00,61376.6,62217.2
2025-12-09 20:30:00+00:00,60384.5,61376.6
2025-12-09 20:45:00+00:00,59740.0,60384.5
2025-12-09 21:00:00+00:00,57927.5,59740.0
2025-12-09 21:15:00+00:00,57026.7,57927.5
2025-12-09 21:30:00+00:00,55564.6,57026.7
2025-12-09 21:45:00+00:00,54841.0,55564.6
2025-12-09 22:00:00+00:00,54406.7,54841.0
2025-12-09 22:15:00+00:00,53922.7,54406.7
2025-12-09 22:30:00+00:00,52804.8,53922.7
2025-12-09 22:45:00+00:00,52178.2,52804.8
2025-12-09 23:00:00+00:00,50852.2,52178.2
2025-12-09 23:15:00+00:00,50583.8,50852.2
2025-12-09 23:30:00+00:00,49987.4,50583.8
2025-12-09 23:45:00+00:00,49427.6,49987.4
2025-12-10 00:00:00+00:00,48479.8,49427.6
2025-12-10 00:15:00+00:00,48035.0,48479.8
2025-12-10 00:30:00+00:00,47893.9,48035.0
2025-12-10 00:45:00+00:00,47549.5,47893.9
2025-12-10 01:00:00+00:00,47253.4,47549.5
2025-12-10 01:15:00+00:00,47408.0,47253.4
2025-12-10 01:30:00+00:00,47446.8,47408.0
2025-12-10 01:45:00+00:00,47830.2,47446.8
2025-12-10 02:00:00+00:00,47627.8,47830.2
2025-12-10 02:15:00+00:00,47733.8,47627.8
2025-12-10 02:30:00+00:00,47765.9,47733.8
2025-12-10 02:45:00+00:00,47976.4,47765.9
2025-12-10 03:00:00+00:00,49129.9,47976.4
2025-12-10 03:15:00+00:00,49223.2,49129.9
2025-12-10 03:30:00+00:00,49930.4,49223.2
2025-12-10 03:45:00+00:00,50391.8,49930.4
2025-12-10 04:00:00+00:00,51937.4,50391.8
2025-12-10 04:15:00+00:00,52742.4,51937.4
2025-12-10 04:30:00+00:00,53808.3,52742.4
2025-12-10 04:45:00+00:00,55233.4,53808.3
2025-12-10 05:00:00+00:00,58933.5,55233.4
2025-12-10 05:15:00+00:00,60820.5,58933.5
2025-12-10 05:30:00+00:00,62276.8,60820.5
2025-12-10 05:45:00+00:00,63946.5,62276.8
2025-12-10 06:00:00+00:00,66183.8,63946.5
2025-12-10 06:15:00+00:00,67295.4,66183.8
2025-12-10 06:30:00+00:00,68020.2,67295.4
2025-12-10 06:45:00+00:00,68666.6,68020.2
2025-12-10 07:00:00+00:00,68828.0,68666.6
2025-12-10 07:15:00+00:00,69426.6,68828.0
2025-12-10 07:30:00+00:00,69787.9,69426.6
2025-12-10 07:45:00+00:00,69902.5,69787.9
2025-12-10 08:00:00+00:00,69369.5,69902.5
2025-12-10 08:15:00+00:00,69279.8,69369.5
2025-12-10 08:30:00+00:00,69406.2,69279.8
2025-12-10 08:45:00+00:00,69235.1,69406.2
2025-12-10 09:00:00+00:00,68897.4,69235.1
2025-12-10 09:15:00+00:00,69293.2,68897.4
2025-12-10 09:30:00+00:00,69452.5,69293.2
2025-12-10 09:45:00+00:00,69571.4,69452.5
2025-12-10 10:00:00+00:00,69722.3,69571.4
2025-12-10 10:15:00+00:00,69850.5,69722.3
2025-12-10 10:30:00+00:00,69759.8,69850.5
2025-12-10 10:45:00+00:00,70092.5,69759.8
2025-12-10 11:00:00+00:00,69739.0,70092.5
2025-12-10 11:15:00+00:00,69640.3,69739.0
2025-12-10 11:30:00+00:00,69612.4,69640.3
2025-12-10 11:45:00+00:00,69458.1,69612.4
2025-12-10 12:00:00+00:00,69183.4,69458.1
2025-12-10 12:15:00+00:00,68763.4,69183.4
2025-12-10 12:30:00+00:00,68676.4,68763.4
2025-12-10 12:45:00+00:00,68433.4,68676.4
2025-12-10 13:00:00+00:00,68538.7,68433.4
2025-12-10 13:15:00+00:00,68422.9,68538.7
2025-12-10 13:30:00+00:00,68279.0,68422.9
2025-12-10 13:45:00+00:00,68375.9,68279.0
2025-12-10 14:00:00+00:00,68839.7,68375.9
2025-12-10 14:15:00+00:00,69062.3,68839.7
2025-12-10 14:30:00+00:00,69257.3,69062.3
2025-12-10 14:45:00+00:00,69452.7,69257.3
2025-12-10 15:00:00+00:00,69674.3,69452.7
2025-12-10 15:15:00+00:00,70443.7,69674.3
2025-12-10 15:30:00+00:00,71443.0,70443.7
2025-12-10 15:45:00+00:00,71722.0,71443.0
2025-12-10 16:00:00+00:00,72025.4,71722.0
2025-12-10 16:15:00+00:00,72010.7,72025.4
2025-12-10 16:30:00+00:00,71965.9,72010.7
2025-12-10 16:45:00+00:00,72187.3,71965.9
2025-12-10 17:00:00+00:00,71892.4,72187.3
2025-12-10 17:15:00+00:00,71737.2,71892.4
2025-12-10 17:30:00+00:00,71388.8,71737.2
2025-12-10 17:45:00+00:00,70973.9,71388.8
2025-12-10 18:00:00+00:00,70696.5,70973.9
2025-12-10 18:15:00+00:00,70194.0,70696.5
2025-12-10 18:30:00+00:00,69637.6,70194.0
2025-12-10 18:45:00+00:00,68762.8,69637.6
2025-12-10 19:00:00+00:00,67640.3,68762.8
2025-12-10 19:15:00+00:00,66807.9,67640.3
2025-12-10 19:30:00+00:00,65727.3,66807.9
2025-12-10 19:45:00+00:00,64971.1,65727.3
2025-12-10 20:00:00+00:00,64064.5,64971.1
2025-12-10 20:15:00+00:00,63035.5,64064.5
2025-12-10 20:30:00+00:00,61954.2,63035.5
2025-12-10 20:45:00+00:00,61331.3,61954.2
2025-12-10 21:00:00+00:00,60463.4,61331.3
2025-12-10 21:15:00+00:00,59480.4,60463.4
2025-12-10 21:30:00+00:00,58562.2,59480.4
2025-12-10 21:45:00+00:00,57343.3,58562.2
2025-12-10 22:00:00+00:00,56274.1,57343.3
2025-12-10 22:15:00+00:00,55243.8,56274.1
2025-12-10 22:30:00+00:00,54620.6,55243.8
2025-12-10 22:45:00+00:00,53947.8,54620.6
2025-12-10 23:00:00+00:00,52423.8,53947.8
2025-12-10 23:15:00+00:00,51846.8,52423.8
2025-12-10 23:30:00+00:00,51344.0,51846.8
2025-12-10 23:45:00+00:00,51000.0,51344.0
2025-12-11 00:00:00+00:00,49979.7,51000.0
2025-12-11 00:15:00+00:00,49785.3,49979.7
2025-12-11 00:30:00+00:00,49445.1,49785.3
2025-12-11 00:45:00+00:00,49159.1,49445.1
2025-12-11 01:00:00+00:00,48936.3,49159.1
2025-12-11 01:15:00+00:00,48749.0,48936.3
2025-12-11 01:30:00+00:00,48471.2,48749.0
2025-12-11 01:45:00+00:00,48622.2,48471.2
2025-12-11 02:00:00+00:00,49008.2,48622.2
2025-12-11 02:15:00+00:00,48978.2,49008.2
2025-12-11 02:30:00+00:00,48649.2,48978.2
2025-12-11 02:45:00+00:00,48898.3,48649.2
2025-12-11 03:00:00+00:00,50003.9,48898.3
2025-12-11 03:15:00+00:00,49916.7,50003.9
2025-12-11 03:30:00+00:00,50024.7,49916.7
2025-12-11 03:45:00+00:00,50900.4,50024.7
2025-12-11 04:00:00+00:00,52069.4,50900.4
2025-12-11 04:15:00+00:00,53129.2,52069.4
2025-12-11 04:30:00+00:00,54216.5,53129.2
2025-12-11 04:45:00+00:00,56037.5,54216.5
2025-12-11 05:00:00+00:00,59355.9,56037.5
2025-12-11 05:15:00+00:00,61344.0,59355.9
2025-12-11 05:30:00+00:00,63331.4,61344.0
2025-12-11 05:45:00+00:00,64691.7,63331.4
2025-12-11 06:00:00+00:00,66769.5,64691.7
2025-12-11 06:15:00+00:00,68039.7,66769.5
2025-12-11 06:30:00+00:00,68950.3,68039.7
2025-12-11 06:45:00+00:00,69751.5,68950.3
2025-12-11 07:00:00+00:00,70351.1,69751.5
2025-12-11 07:15:00+00:00,70748.4,70351.1
2025-12-11 07:30:00+00:00,71102.1,70748.4
2025-12-11 07:45:00+00:00,70913.1,71102.1
2025-12-11 08:00:00+00:00,70574.3,70913.1
2025-12-11 08:15:00+00:00,70944.9,70574.3
2025-12-11 08:30:00+00:00,70512.3,70944.9
2025-12-11 08:45:00+00:00,70820.2,70512.3
2025-12-11 09:00:00+00:00,70853.6,70820.2
2025-12-11 09:15:00+00:00,71087.3,70853.6
2025-12-11 09:30:00+00:00,71359.5,71087.3
2025-12-11 09:45:00+00:00,71022.6,71359.5
2025-12-11 10:00:00+00:00,70793.4,71022.6
2025-12-11 10:15:00+00:00,70380.3,70793.4
2025-12-11 10:30:00+00:00,70705.0,70380.3
2025-12-11 10:45:00+00:00,70795.2,70705.0
2025-12-11 11:00:00+00:00,70482.3,70795.2
2025-12-11 11:15:00+00:00,71003.1,70482.3
2025-12-11 11:30:00+00:00,70616.7,71003.1
2025-12-11 11:45:00+00:00,70392.2,70616.7
2025-12-11 12:00:00+00:00,70375.5,70392.2
2025-12-11 12:15:00+00:00,70158.4,70375.5
2025-12-11 12:30:00+00:00,70102.1,70158.4
2025-12-11 12:45:00+00:00,69456.1,70102.1
2025-12-11 13:00:00+00:00,69189.3,69456.1
2025-12-11 13:15:00+00:00,68965.4,69189.3
2025-12-11 13:30:00+00:00,68872.3,68965.4
2025-12-11 13:45:00+00:00,68625.7,68872.3
2025-12-11 14:00:00+00:00,68864.2,68625.7
2025-12-11 14:15:00+00:00,68556.8,68864.2
2025-12-11 14:30:00+00:00,68588.4,68556.8
2025-12-11 14:45:00+00:00,68618.0,68588.4
2025-12-11 15:00:00+00:00,69805.9,68618.0
2025-12-11 15:15:00+00:00,70594.4,69805.9
2025-12-11 15:30:00+00:00,71376.5,70594.4
2025-12-11 15:45:00+00:00,71828.5,71376.5
2025-12-11 16:00:00+00:00,72364.4,71828.5
2025-12-11 16:15:00+00:00,72645.0,72364.4
2025-12-11 16:30:00+00:00,73039.8,72645.0
2025-12-11 16:45:00+00:00,73089.0,73039.8
2025-12-11 17:00:00+00:00,72738.9,73089.0
2025-12-11 17:15:00+00:00,72169.0,72738.9
2025-12-11 17:30:00+00:00,72055.9,72169.0
2025-12-11 17:45:00+00:00,71664.7,72055.9
2025-12-11 18:00:00+00:00,71751.2,71664.7
2025-12-11 18:15:00+00:00,70747.0,71751.2
2025-12-11 18:30:00+00:00,69862.7,70747.0
2025-12-11 18:45:00+00:00,68973.4,69862.7
2025-12-11 19:00:00+00:00,67690.6,68973.4
2025-12-11 19:15:00+00:00,66714.9,67690.6
2025-12-11 19:30:00+00:00,65890.6,66714.9
2025-12-11 19:45:00+00:00,64595.1,65890.6
2025-12-11 20:00:00+00:00,63918.6,64595.1
2025-12-11 20:15:00+00:00,63084.8,63918.6
2025-12-11 20:30:00+00:00,62278.8,63084.8
2025-12-11 20:45:00+00:00,61372.0,62278.8
2025-12-11 21:00:00+00:00,60834.8,61372.0
2025-12-11 21:15:00+00:00,60075.7,60834.8
2025-12-11 21:30:00+00:00,59176.3,60075.7
2025-12-11 21:45:00+00:00,58320.2,59176.3
2025-12-11 22:00:00+00:00,56918.7,58320.2
2025-12-11 22:15:00+00:00,55701.4,56918.7
2025-12-11 22:30:00+00:00,54785.0,55701.4
2025-12-11 22:45:00+00:00,53938.5,54785.0
2025-12-11 23:00:00+00:00,53038.2,53938.5
2025-12-11 23:15:00+00:00,52322.6,53038.2
2025-12-11 23:30:00+00:00,51727.2,52322.6
2025-12-11 23:45:00+00:00,51118.3,51727.2
2025-12-12 00:00:00+00:00,50289.3,51118.3
2025-12-12 00:15:00+00:00,49941.2,50289.3
2025-12-12 00:30:00+00:00,49360.2,49941.2
2025-12-12 00:45:00+00:00,48893.4,49360.2
2025-12-12 01:00:00+00:00,48657.7,48893.4
2025-12-12 01:15:00+00:00,48295.5,48657.7
2025-12-12 01:30:00+00:00,48044.1,48295.5
2025-12-12 01:45:00+00:00,47813.4,48044.1
2025-12-12 02:00:00+00:00,47703.6,47813.4
2025-12-12 02:15:00+00:00,47708.2,47703.6
2025-12-12 02:30:00+00:00,47718.5,47708.2
2025-12-12 02:45:00+00:00,47778.6,47718.5
2025-12-12 03:00:00+00:00,48014.5,47778.6
2025-12-12 03:15:00+00:00,48184.5,48014.5
2025-12-12 03:30:00+00:00,48630.4,48184.5
2025-12-12 03:45:00+00:00,49326.3,48630.4
2025-12-12 04:00:00+00:00,50962.8,49326.3
2025-12-12 04:15:00+00:00,51355.0,50962.8
2025-12-12 04:30:00+00:00,52548.0,51355.0
2025-12-12 04:45:00+00:00,53955.6,52548.0
2025-12-12 05:00:00+00:00,56868.5,53955.6
2025-12-12 05:15:00+00:00,58798.9,56868.5
2025-12-12 05:30:00+00:00,60227.7,58798.9
2025-12-12 05:45:00+00:00,61706.9,60227.7
2025-12-12 06:00:00+00:00,63455.2,61706.9
2025-12-12 06:15:00+00:00,64703.7,63455.2
2025-12-12 06:30:00+00:00,65674.7,64703.7
2025-12-12 06:45:00+00:00,66456.3,65674.7
2025-12-12 07:00:00+00:00,67566.2,66456.3
2025-12-12 07:15:00+00:00,68042.0,67566.2
2025-12-12 07:30:00+00:00,68252.4,68042.0
2025-12-12 07:45:00+00:00,68112.4,68252.4
2025-12-12 08:00:00+00:00,67933.2,68112.4
2025-12-12 08:15:00+00:00,67892.4,67933.2
2025-12-12 08:30:00+00:00,66876.6,67892.4
2025-12-12 08:45:00+00:00,67505.7,66876.6
2025-12-12 09:00:00+00:00,67258.1,67505.7
2025-12-12 09:15:00+00:00,67109.3,67258.1
2025-12-12 09:30:00+00:00,67429.6,67109.3
2025-12-12 09:45:00+00:00,67311.4,67429.6
2025-12-12 10:00:00+00:00,67065.4,67311.4
2025-12-12 10:15:00+00:00,67078.6,67065.4
2025-12-12 10:30:00+00:00,66819.3,67078.6
2025-12-12 10:45:00+00:00,66426.4,66819.3
2025-12-12 11:00:00+00:00,66057.6,66426.4
2025-12-12 11:15:00+00:00,65832.7,66057.6
2025-12-12 11:30:00+00:00,65541.5,65832.7
2025-12-12 11:45:00+00:00,65437.4,65541.5
2025-12-12 12:00:00+00:00,65354.1,65437.4
2025-12-12 12:15:00+00:00,65127.0,65354.1
2025-12-12 12:30:00+00:00,64801.2,65127.0
2025-12-12 12:45:00+00:00,63866.7,64801.2
2025-12-12 13:00:00+00:00,63712.3,63866.7
2025-12-12 13:15:00+00:00,63437.9,63712.3
2025-12-12 13:30:00+00:00,63350.2,63437.9
2025-12-12 13:45:00+00:00,63092.3,63350.2
2025-12-12 14:00:00+00:00,63250.0,63092.3
2025-12-12 14:15:00+00:00,63384.1,63250.0
2025-12-12 14:30:00+00:00,63349.5,63384.1
2025-12-12 14:45:00+00:00,63600.5,63349.5
2025-12-12 15:00:00+00:00,64176.1,63600.5
2025-12-12 15:15:00+00:00,64743.5,64176.1
2025-12-12 15:30:00+00:00,65138.9,64743.5
2025-12-12 15:45:00+00:00,65827.9,65138.9
2025-12-12 16:00:00+00:00,66605.9,65827.9
2025-12-12 16:15:00+00:00,66761.9,66605.9
2025-12-12 16:30:00+00:00,66849.9,66761.9
2025-12-12 16:45:00+00:00,66457.7,66849.9
2025-12-12 17:00:00+00:00,65951.3,66457.7
2025-12-12 17:15:00+00:00,65887.6,65951.3
2025-12-12 17:30:00+00:00,65738.6,65887.6
2025-12-12 17:45:00+00:00,65152.5,65738.6
2025-12-12 18:00:00+00:00,64894.9,65152.5
2025-12-12 18:15:00+00:00,64217.8,64894.9
2025-12-12 18:30:00+00:00,63601.3,64217.8
2025-12-12 18:45:00+00:00,62986.4,63601.3
2025-12-12 19:00:00+00:00,61694.3,62986.4
2025-12-12 19:15:00+00:00,61033.3,61694.3
2025-12-12 19:30:00+00:00,59957.4,61033.3
2025-12-12 19:45:00+00:00,59277.0,59957.4
2025-12-12 20:00:00+00:00,58642.4,59277.0
2025-12-12 20:15:00+00:00,57870.0,58642.4
2025-12-12 20:30:00+00:00,57231.2,57870.0
2025-12-12 20:45:00+00:00,56541.3,57231.2
2025-12-12 21:00:00+00:00,56344.3,56541.3
2025-12-12 21:15:00+00:00,55998.5,56344.3
2025-12-12 21:30:00+00:00,55192.3,55998.5
2025-12-12 21:45:00+00:00,54561.2,55192.3
2025-12-12 22:00:00+00:00,53156.6,54561.2
2025-12-12 22:15:00+00:00,52251.3,53156.6
2025-12-12 22:30:00+00:00,51309.1,52251.3
2025-12-12 22:45:00+00:00,50468.6,51309.1
2025-12-12 23:00:00+00:00,49491.5,50468.6
2025-12-12 23:15:00+00:00,48750.6,49491.5
2025-12-12 23:30:00+00:00,48228.7,48750.6
2025-12-12 23:45:00+00:00,47398.0,48228.7
2025-12-13 00:00:00+00:00,46797.7,47398.0
2025-12-13 00:15:00+00:00,46475.0,46797.7
2025-12-13 00:30:00+00:00,46020.9,46475.0
2025-12-13 00:45:00+00:00,45378.2,46020.9
2025-12-13 01:00:00+00:00,44940.9,45378.2
2025-12-13 01:15:00+00:00,44832.3,44940.9
2025-12-13 01:30:00+00:00,44890.7,44832.3
2025-12-13 01:45:00+00:00,44867.4,44890.7
2025-12-13 02:00:00+00:00,44911.9,44867.4
2025-12-13 02:15:00+00:00,44982.3,44911.9
2025-12-13 02:30:00+00:00,45479.6,44982.3
2025-12-13 02:45:00+00:00,45547.5,45479.6
2025-12-13 03:00:00+00:00,45880.9,45547.5
2025-12-13 03:15:00+00:00,45635.0,45880.9
2025-12-13 03:30:00+00:00,45699.6,45635.0
2025-12-13 03:45:00+00:00,45816.7,45699.6
2025-12-13 04:00:00+00:00,46415.5,45816.7
2025-12-13 04:15:00+00:00,46546.2,46415.5
2025-12-13 04:30:00+00:00,46518.1,46546.2
2025-12-13 04:45:00+00:00,47086.2,46518.1
2025-12-13 05:00:00+00:00,48014.6,47086.2
2025-12-13 05:15:00+00:00,48598.0,48014.6
2025-12-13 05:30:00+00:00,48835.2,48598.0
2025-12-13 05:45:00+00:00,49124.8,48835.2
2025-12-13 06:00:00+00:00,50106.8,49124.8
2025-12-13 06:15:00+00:00,50621.9,50106.8
2025-12-13 06:30:00+00:00,51523.4,50621.9
2025-12-13 06:45:00+00:00,52332.1,51523.4
2025-12-13 07:00:00+00:00,53556.9,52332.1
2025-12-13 07:15:00+00:00,54231.2,53556.9
2025-12-13 07:30:00+00:00,54822.3,54231.2
2025-12-13 07:45:00+00:00,55524.3,54822.3
2025-12-13 08:00:00+00:00,56562.8,55524.3
2025-12-13 08:15:00+00:00,57200.8,56562.8
2025-12-13 08:30:00+00:00,57733.2,57200.8
2025-12-13 08:45:00+00:00,58178.2,57733.2
2025-12-13 09:00:00+00:00,58717.2,58178.2
2025-12-13 09:15:00+00:00,59267.8,58717.2
2025-12-13 09:30:00+00:00,59318.0,59267.8
2025-12-13 09:45:00+00:00,59560.8,59318.0
2025-12-13 10:00:00+00:00,59922.6,59560.8
2025-12-13 10:15:00+00:00,60304.3,59922.6
2025-12-13 10:30:00+00:00,60871.7,60304.3
2025-12-13 10:45:00+00:00,60850.2,60871.7
2025-12-13 11:00:00+00:00,60967.7,60850.2
2025-12-13 11:15:00+00:00,61082.9,60967.7
2025-12-13 11:30:00+00:00,61038.0,61082.9
2025-12-13 11:45:00+00:00,60802.0,61038.0
2025-12-13 12:00:00+00:00,60387.9,60802.0
2025-12-13 12:15:00+00:00,59933.7,60387.9
2025-12-13 12:30:00+00:00,59538.6,59933.7
2025-12-13 12:45:00+00:00,59096.5,59538.6
2025-12-13 13:00:00+00:00,59271.4,59096.5
2025-12-13 13:15:00+00:00,58956.8,59271.4
2025-12-13 13:30:00+00:00,58533.7,58956.8
2025-12-13 13:45:00+00:00,58275.9,58533.7
2025-12-13 14:00:00+00:00,58512.6,58275.9
2025-12-13 14:15:00+00:00,58591.2,58512.6
2025-12-13 14:30:00+00:00,58818.0,58591.2
2025-12-13 14:45:00+00:00,58947.1,58818.0
2025-12-13 15:00:00+00:00,59744.9,58947.1
2025-12-13 15:15:00+00:00,60156.3,59744.9
2025-12-13 15:30:00+00:00,60885.7,60156.3
2025-12-13 15:45:00+00:00,60985.2,60885.7
2025-12-13 16:00:00+00:00,61058.0,60985.2
2025-12-13 16:15:00+00:00,61506.2,61058.0
2025-12-13 16:30:00+00:00,61720.9,61506.2
2025-12-13 16:45:00+00:00,61923.7,61720.9
2025-12-13 17:00:00+00:00,61750.2,61923.7
2025-12-13 17:15:00+00:00,61536.5,61750.2
2025-12-13 17:30:00+00:00,61139.1,61536.5
2025-12-13 17:45:00+00:00,60781.7,61139.1
2025-12-13 18:00:00+00:00,60252.5,60781.7
2025-12-13 18:15:00+00:00,59563.4,60252.5
2025-12-13 18:30:00+00:00,59415.9,59563.4
2025-12-13 18:45:00+00:00,59032.2,59415.9
2025-12-13 19:00:00+00:00,58290.0,59032.2
2025-12-13 19:15:00+00:00,57037.7,58290.0
2025-12-13 19:30:00+00:00,56119.1,57037.7
2025-12-13 19:45:00+00:00,55731.4,56119.1
2025-12-13 20:00:00+00:00,54913.4,55731.4
2025-12-13 20:15:00+00:00,54496.5,54913.4
2025-12-13 20:30:00+00:00,54011.7,54496.5
2025-12-13 20:45:00+00:00,53865.1,54011.7
2025-12-13 21:00:00+00:00,53451.8,53865.1
2025-12-13 21:15:00+00:00,53091.4,53451.8
2025-12-13 21:30:00+00:00,52493.9,53091.4
2025-12-13 21:45:00+00:00,51984.8,52493.9
2025-12-13 22:00:00+00:00,51035.8,51984.8
2025-12-13 22:15:00+00:00,50063.7,51035.8
2025-12-13 22:30:00+00:00,49301.6,50063.7
2025-12-13 22:45:00+00:00,48618.5,49301.6
2025-12-13 23:00:00+00:00,47265.6,48618.5
2025-12-13 23:15:00+00:00,46654.1,47265.6
2025-12-13 23:30:00+00:00,46300.3,46654.1
2025-12-13 23:45:00+00:00,45228.4,46300.3
2025-12-14 00:00:00+00:00,44807.0,45228.4
2025-12-14 00:15:00+00:00,44617.7,44807.0
2025-12-14 00:30:00+00:00,44188.2,44617.7
2025-12-14 00:45:00+00:00,43982.5,44188.2
2025-12-14 01:00:00+00:00,43678.0,43982.5
2025-12-14 01:15:00+00:00,43675.1,43678.0
2025-12-14 01:30:00+00:00,43372.1,43675.1
2025-12-14 01:45:00+00:00,43545.4,43372.1
2025-12-14 02:00:00+00:00,43212.2,43545.4
2025-12-14 02:15:00+00:00,43229.0,43212.2
2025-12-14 02:30:00+00:00,43115.4,43229.0
2025-12-14 02:45:00+00:00,43292.9,43115.4
2025-12-14 03:00:00+00:00,43447.4,43292.9
2025-12-14 03:15:00+00:00,43567.4,43447.4
2025-12-14 03:30:00+00:00,43957.2,43567.4
2025-12-14 03:45:00+00:00,43968.5,43957.2
2025-12-14 04:00:00+00:00,44140.8,43968.5
2025-12-14 04:15:00+00:00,44335.9,44140.8
2025-12-14 04:30:00+00:00,44381.2,44335.9
2025-12-14 04:45:00+00:00,44569.3,44381.2
2025-12-14 05:00:00+00:00,44676.6,44569.3
2025-12-14 05:15:00+00:00,44901.9,44676.6
2025-12-14 05:30:00+00:00,45272.8,44901.9
2025-12-14 05:45:00+00:00,45837.2,45272.8
2025-12-14 06:00:00+00:00,46637.6,45837.2
2025-12-14 06:15:00+00:00,47292.1,46637.6
2025-12-14 06:30:00+00:00,48258.3,47292.1
2025-12-14 06:45:00+00:00,48927.9,48258.3
2025-12-14 07:00:00+00:00,49704.9,48927.9
2025-12-14 07:15:00+00:00,50251.2,49704.9
2025-12-14 07:30:00+00:00,51536.7,50251.2
2025-12-14 07:45:00+00:00,52573.7,51536.7
2025-12-14 08:00:00+00:00,53817.1,52573.7
2025-12-14 08:15:00+00:00,54518.9,53817.1
2025-12-14 08:30:00+00:00,55231.1,54518.9
2025-12-14 08:45:00+00:00,56071.0,55231.1
2025-12-14 09:00:00+00:00,56430.8,56071.0
2025-12-14 09:15:00+00:00,56822.6,56430.8
2025-12-14 09:30:00+00:00,57660.4,56822.6
2025-12-14 09:45:00+00:00,58299.1,57660.4
2025-12-14 10:00:00+00:00,58941.9,58299.1
2025-12-14 10:15:00+00:00,59759.8,58941.9
2025-12-14 10:30:00+00:00,59880.8,59759.8
2025-12-14 10:45:00+00:00,59722.1,59880.8
2025-12-14 11:00:00+00:00,59909.4,59722.1
2025-12-14 11:15:00+00:00,59631.9,59909.4
2025-12-14 11:30:00+00:00,59325.3,59631.9
2025-12-14 11:45:00+00:00,58818.0,59325.3
2025-12-14 12:00:00+00:00,58095.1,58818.0
2025-12-14 12:15:00+00:00,57608.4,58095.1
2025-12-14 12:30:00+00:00,57552.3,57608.4
2025-12-14 12:45:00+00:00,57132.8,57552.3
2025-12-14 13:00:00+00:00,57460.7,57132.8
2025-12-14 13:15:00+00:00,57269.8,57460.7
2025-12-14 13:30:00+00:00,56928.3,57269.8
2025-12-14 13:45:00+00:00,56333.8,56928.3
2025-12-14 14:00:00+00:00,56905.9,56333.8
2025-12-14 14:15:00+00:00,56892.9,56905.9
2025-12-14 14:30:00+00:00,57236.8,56892.9
2025-12-14 14:45:00+00:00,57184.8,57236.8
2025-12-14 15:00:00+00:00,57918.2,57184.8
2025-12-14 15:15:00+00:00,58787.0,57918.2
2025-12-14 15:30:00+00:00,59493.9,58787.0
2025-12-14 15:45:00+00:00,59969.9,59493.9
2025-12-14 16:00:00+00:00,60834.2,59969.9
2025-12-14 16:15:00+00:00,61501.2,60834.2
2025-12-14 16:30:00+00:00,61513.6,61501.2
2025-12-14 16:45:00+00:00,61347.1,61513.6
2025-12-14 17:00:00+00:00,61473.5,61347.1
2025-12-14 17:15:00+00:00,61227.1,61473.5
2025-12-14 17:30:00+00:00,60855.5,61227.1
2025-12-14 17:45:00+00:00,60903.0,60855.5
2025-12-14 18:00:00+00:00,60952.9,60903.0
2025-12-14 18:15:00+00:00,60291.5,60952.9
2025-12-14 18:30:00+00:00,60063.4,60291.5
2025-12-14 18:45:00+00:00,59598.9,60063.4
2025-12-14 19:00:00+00:00,58868.4,59598.9
2025-12-14 19:15:00+00:00,58273.6,58868.4
2025-12-14 19:30:00+00:00,57879.5,58273.6
2025-12-14 19:45:00+00:00,57483.3,57879.5
2025-12-14 20:00:00+00:00,56943.8,57483.3
2025-12-14 20:15:00+00:00,56495.5,56943.8
2025-12-14 20:30:00+00:00,56036.7,56495.5
2025-12-14 20:45:00+00:00,55518.3,56036.7
2025-12-14 21:00:00+00:00,55429.6,55518.3
2025-12-14 21:15:00+00:00,54721.2,55429.6
2025-12-14 21:30:00+00:00,53897.8,54721.2
2025-12-14 21:45:00+00:00,52925.0,53897.8
2025-12-14 22:00:00+00:00,51940.1,52925.0
2025-12-14 22:15:00+00:00,51347.4,51940.1
2025-12-14 22:30:00+00:00,50646.5,51347.4
2025-12-14 22:45:00+00:00,50280.4,50646.5
2025-12-14 23:00:00+00:00,49108.9,50280.4
2025-12-14 23:15:00+00:00,48537.9,49108.9
2025-12-14 23:30:00+00:00,48295.3,48537.9
2025-12-14 23:45:00+00:00,47406.7,48295.3
2025-12-15 00:00:00+00:00,47155.2,47406.7
2025-12-15 00:15:00+00:00,47052.2,47155.2
2025-12-15 00:30:00+00:00,47142.8,47052.2
2025-12-15 00:45:00+00:00,47000.4,47142.8
2025-12-15 01:00:00+00:00,45952.5,47000.4
2025-12-15 01:15:00+00:00,46109.0,45952.5
2025-12-15 01:30:00+00:00,45904.7,46109.0
2025-12-15 01:45:00+00:00,45725.4,45904.7
2025-12-15 02:00:00+00:00,45945.2,45725.4
2025-12-15 02:15:00+00:00,45952.2,45945.2
2025-12-15 02:30:00+00:00,45756.5,45952.2
2025-12-15 02:45:00+00:00,45769.7,45756.5
2025-12-15 03:00:00+00:00,46885.5,45769.7
2025-12-15 03:15:00+00:00,47272.7,46885.5
2025-12-15 03:30:00+00:00,47842.5,47272.7
2025-12-15 03:45:00+00:00,48525.6,47842.5
2025-12-15 04:00:00+00:00,50718.0,48525.6
2025-12-15 04:15:00+00:00,51379.3,50718.0
2025-12-15 04:30:00+00:00,52838.5,51379.3
2025-12-15 04:45:00+00:00,54710.7,52838.5
2025-12-15 05:00:00+00:00,57395.6,54710.7
2025-12-15 05:15:00+00:00,59528.3,57395.6
2025-12-15 05:30:00+00:00,61493.1,59528.3
2025-12-15 05:45:00+00:00,63287.1,61493.1
2025-12-15 06:00:00+00:00,65294.3,63287.1
2025-12-15 06:15:00+00:00,66560.7,65294.3
2025-12-15 06:30:00+00:00,67552.2,66560.7
2025-12-15 06:45:00+00:00,68315.7,67552.2
2025-12-15 07:00:00+00:00,70358.2,68315.7
2025-12-15 07:15:00+00:00,70745.9,70358.2
2025-12-15 07:30:00+00:00,71028.1,70745.9
2025-12-15 07:45:00+00:00,71088.8,71028.1
2025-12-15 08:00:00+00:00,70950.7,71088.8
2025-12-15 08:15:00+00:00,71062.1,70950.7
2025-12-15 08:30:00+00:00,71024.9,71062.1
2025-12-15 08:45:00+00:00,69740.8,71024.9
2025-12-15 09:00:00+00:00,69960.0,69740.8
2025-12-15 09:15:00+00:00,69443.6,69960.0
2025-12-15 09:30:00+00:00,69996.4,69443.6
2025-12-15 09:45:00+00:00,69980.2,69996.4
2025-12-15 10:00:00+00:00,69707.4,69980.2
2025-12-15 10:15:00+00:00,69079.5,69707.4
2025-12-15 10:30:00+00:00,68910.6,69079.5
2025-12-15 10:45:00+00:00,68803.9,68910.6
2025-12-15 11:00:00+00:00,68550.1,68803.9
2025-12-15 11:15:00+00:00,68294.2,68550.1
2025-12-15 11:30:00+00:00,68448.1,68294.2
2025-12-15 11:45:00+00:00,68689.9,68448.1
2025-12-15 12:00:00+00:00,67867.2,68689.9
2025-12-15 12:15:00+00:00,67064.0,67867.2
2025-12-15 12:30:00+00:00,66740.3,67064.0
2025-12-15 12:45:00+00:00,66289.3,66740.3
2025-12-15 13:00:00+00:00,66238.4,66289.3
2025-12-15 13:15:00+00:00,66259.6,66238.4
2025-12-15 13:30:00+00:00,66033.8,66259.6
2025-12-15 13:45:00+00:00,65856.4,66033.8
2025-12-15 14:00:00+00:00,66706.8,65856.4
2025-12-15 14:15:00+00:00,67012.4,66706.8
2025-12-15 14:30:00+00:00,67254.7,67012.4
2025-12-15 14:45:00+00:00,67405.5,67254.7
2025-12-15 15:00:00+00:00,68055.2,67405.5
2025-12-15 15:15:00+00:00,68775.6,68055.2
2025-12-15 15:30:00+00:00,69579.7,68775.6
2025-12-15 15:45:00+00:00,70305.8,69579.7
2025-12-15 16:00:00+00:00,71160.9,70305.8
2025-12-15 16:15:00+00:00,71207.5,71160.9
2025-12-15 16:30:00+00:00,71462.7,71207.5
2025-12-15 16:45:00+00:00,71541.0,71462.7
2025-12-15 17:00:00+00:00,71234.1,71541.0
2025-12-15 17:15:00+00:00,70922.3,71234.1
2025-12-15 17:30:00+00:00,71107.2,70922.3
2025-12-15 17:45:00+00:00,70825.2,71107.2
2025-12-15 18:00:00+00:00,70256.4,70825.2
2025-12-15 18:15:00+00:00,69146.2,70256.4
2025-12-15 18:30:00+00:00,68543.3,69146.2
2025-12-15 18:45:00+00:00,67714.5,68543.3
2025-12-15 19:00:00+00:00,66614.5,67714.5
2025-12-15 19:15:00+00:00,65626.1,66614.5
2025-12-15 19:30:00+00:00,64445.1,65626.1
2025-12-15 19:45:00+00:00,63899.6,64445.1
2025-12-15 20:00:00+00:00,63070.2,63899.6
2025-12-15 20:15:00+00:00,62592.1,63070.2
2025-12-15 20:30:00+00:00,61309.2,62592.1
2025-12-15 20:45:00+00:00,60373.6,61309.2
2025-12-15 21:00:00+00:00,58935.8,60373.6
2025-12-15 21:15:00+00:00,58319.1,58935.8
2025-12-15 21:30:00+00:00,57380.1,58319.1
2025-12-15 21:45:00+00:00,56230.4,57380.1
2025-12-15 22:00:00+00:00,55044.9,56230.4
2025-12-15 22:15:00+00:00,53777.9,55044.9
2025-12-15 22:30:00+00:00,52781.0,53777.9
2025-12-15 22:45:00+00:00,51712.8,52781.0
2025-12-15 23:00:00+00:00,50783.9,51712.8
2025-12-15 23:15:00+00:00,49974.7,50783.9
2025-12-15 23:30:00+00:00,49660.4,49974.7
2025-12-15 23:45:00+00:00,49210.0,49660.4
2025-12-16 00:00:00+00:00,48581.3,49210.0
2025-12-16 00:15:00+00:00,48175.1,48581.3
2025-12-16 00:30:00+00:00,47734.2,48175.1
2025-12-16 00:45:00+00:00,47742.1,47734.2
2025-12-16 01:00:00+00:00,47602.3,47742.1
2025-12-16 01:15:00+00:00,47654.9,47602.3
2025-12-16 01:30:00+00:00,47609.7,47654.9
2025-12-16 01:45:00+00:00,47844.1,47609.7
2025-12-16 02:00:00+00:00,47502.6,47844.1
2025-12-16 02:15:00+00:00,47645.1,47502.6
2025-12-16 02:30:00+00:00,47707.1,47645.1
2025-12-16 02:45:00+00:00,47766.9,47707.1
2025-12-16 03:00:00+00:00,48424.1,47766.9
2025-12-16 03:15:00+00:00,48294.7,48424.1
2025-12-16 03:30:00+00:00,48576.7,48294.7
2025-12-16 03:45:00+00:00,49426.8,48576.7
2025-12-16 04:00:00+00:00,50696.0,49426.8
2025-12-16 04:15:00+00:00,51511.3,50696.0
2025-12-16 04:30:00+00:00,52904.2,51511.3
2025-12-16 04:45:00+00:00,54640.1,52904.2
2025-12-16 05:00:00+00:00,57355.8,54640.1
2025-12-16 05:15:00+00:00,59566.1,57355.8
2025-12-16 05:30:00+00:00,61227.4,59566.1
2025-12-16 05:45:00+00:00,62934.4,61227.4
2025-12-16 06:00:00+00:00,64989.7,62934.4
2025-12-16 06:15:00+00:00,65990.4,64989.7
2025-12-16 06:30:00+00:00,66704.6,65990.4
2025-12-16 06:45:00+00:00,67565.1,66704.6
2025-12-16 07:00:00+00:00,68730.2,67565.1
2025-12-16 07:15:00+00:00,69270.6,68730.2
2025-12-16 07:30:00+00:00,69529.4,69270.6
2025-12-16 07:45:00+00:00,69514.4,69529.4
2025-12-16 08:00:00+00:00,69214.2,69514.4
2025-12-16 08:15:00+00:00,69385.6,69214.2
2025-12-16 08:30:00+00:00,69143.0,69385.6
2025-12-16 08:45:00+00:00,69150.1,69143.0
2025-12-16 09:00:00+00:00,68933.5,69150.1
2025-12-16 09:15:00+00:00,68365.7,68933.5
2025-12-16 09:30:00+00:00,68239.5,68365.7
2025-12-16 09:45:00+00:00,68215.9,68239.5
2025-12-16 10:00:00+00:00,68192.1,68215.9
2025-12-16 10:15:00+00:00,68197.9,68192.1
2025-12-16 10:30:00+00:00,68489.6,68197.9
2025-12-16 10:45:00+00:00,68331.0,68489.6
2025-12-16 11:00:00+00:00,68192.9,68331.0
2025-12-16 11:15:00+00:00,68185.5,68192.9
2025-12-16 11:30:00+00:00,67785.8,68185.5
2025-12-16 11:45:00+00:00,67756.6,67785.8
2025-12-16 12:00:00+00:00,68044.0,67756.6
2025-12-16 12:15:00+00:00,67377.9,68044.0
2025-12-16 12:30:00+00:00,66750.1,67377.9
2025-12-16 12:45:00+00:00,66362.2,66750.1
2025-12-16 13:00:00+00:00,66173.4,66362.2
2025-12-16 13:15:00+00:00,66203.1,66173.4
2025-12-16 13:30:00+00:00,65822.2,66203.1
2025-12-16 13:45:00+00:00,65882.4,65822.2
2025-12-16 14:00:00+00:00,66303.8,65882.4
2025-12-16 14:15:00+00:00,66304.3,66303.8
2025-12-16 14:30:00+00:00,66124.9,66304.3
2025-12-16 14:45:00+00:00,66371.4,66124.9
2025-12-16 15:00:00+00:00,66461.7,66371.4
2025-12-16 15:15:00+00:00,67050.5,66461.7
2025-12-16 15:30:00+00:00,67922.5,67050.5
2025-12-16 15:45:00+00:00,68577.0,67922.5
2025-12-16 16:00:00+00:00,68764.8,68577.0
2025-12-16 16:15:00+00:00,68963.6,68764.8
2025-12-16 16:30:00+00:00,69127.4,68963.6
2025-12-16 16:45:00+00:00,69348.4,69127.4
2025-12-16 17:00:00+00:00,68892.3,69348.4
2025-12-16 17:15:00+00:00,68829.5,68892.3
2025-12-16 17:30:00+00:00,68610.4,68829.5
2025-12-16 17:45:00+00:00,68535.2,68610.4
2025-12-16 18:00:00+00:00,68126.9,68535.2
2025-12-16 18:15:00+00:00,67432.3,68126.9
2025-12-16 18:30:00+00:00,67054.7,67432.3
2025-12-16 18:45:00+00:00,66405.8,67054.7
2025-12-16 19:00:00+00:00,65365.0,66405.8
2025-12-16 19:15:00+00:00,64356.2,65365.0
2025-12-16 19:30:00+00:00,63579.0,64356.2
2025-12-16 19:45:00+00:00,62693.5,63579.0
2025-12-16 20:00:00+00:00,62168.1,62693.5
2025-12-16 20:15:00+00:00,61225.6,62168.1
2025-12-16 20:30:00+00:00,60275.9,61225.6
2025-12-16 20:45:00+00:00,59276.1,60275.9
2025-12-16 21:00:00+00:00,58660.7,59276.1
2025-12-16 21:15:00+00:00,58225.3,58660.7
2025-12-16 21:30:00+00:00,57230.6,58225.3
2025-12-16 21:45:00+00:00,56153.9,57230.6
2025-12-16 22:00:00+00:00,55165.2,56153.9
2025-12-16 22:15:00+00:00,54355.7,55165.2
2025-12-16 22:30:00+00:00,53307.4,54355.7
2025-12-16 22:45:00+00:00,52347.4,53307.4
2025-12-16 23:00:00+00:00,51677.3,52347.4
2025-12-16 23:15:00+00:00,50673.8,51677.3
2025-12-16 23:30:00+00:00,50116.2,50673.8
2025-12-16 23:45:00+00:00,49561.3,50116.2
2025-12-17 00:00:00+00:00,49204.2,49561.3
2025-12-17 00:15:00+00:00,48820.5,49204.2
2025-12-17 00:30:00+00:00,48532.2,48820.5
2025-12-17 00:45:00+00:00,48312.0,48532.2
2025-12-17 01:00:00+00:00,47849.1,48312.0
2025-12-17 01:15:00+00:00,48030.1,47849.1
2025-12-17 01:30:00+00:00,48068.1,48030.1
2025-12-17 01:45:00+00:00,47645.4,48068.1
2025-12-17 02:00:00+00:00,47827.4,47645.4
2025-12-17 02:15:00+00:00,47819.2,47827.4
2025-12-17 02:30:00+00:00,47582.9,47819.2
2025-12-17 02:45:00+00:00,47630.9,47582.9
2025-12-17 03:00:00+00:00,48132.3,47630.9
2025-12-17 03:15:00+00:00,48497.8,48132.3
2025-12-17 03:30:00+00:00,48869.9,48497.8
2025-12-17 03:45:00+00:00,49480.1,48869.9
2025-12-17 04:00:00+00:00,51153.8,49480.1
2025-12-17 04:15:00+00:00,52013.3,51153.8
2025-12-17 04:30:00+00:00,53019.3,52013.3
2025-12-17 04:45:00+00:00,54324.1,53019.3
2025-12-17 05:00:00+00:00,57019.6,54324.1
2025-12-17 05:15:00+00:00,59043.1,57019.6
2025-12-17 05:30:00+00:00,60560.5,59043.1
2025-12-17 05:45:00+00:00,61802.0,60560.5
2025-12-17 06:00:00+00:00,63902.1,61802.0
2025-12-17 06:15:00+00:00,64963.1,63902.1
2025-12-17 06:30:00+00:00,66018.8,64963.1
2025-12-17 06:45:00+00:00,66739.4,66018.8
2025-12-17 07:00:00+00:00,67777.5,66739.4
2025-12-17 07:15:00+00:00,68187.3,67777.5
2025-12-17 07:30:00+00:00,68195.5,68187.3
2025-12-17 07:45:00+00:00,67954.4,68195.5
2025-12-17 08:00:00+00:00,67679.5,67954.4
2025-12-17 08:15:00+00:00,67868.2,67679.5
2025-12-17 08:30:00+00:00,68090.6,67868.2
2025-12-17 08:45:00+00:00,68054.2,68090.6
2025-12-17 09:00:00+00:00,68185.9,68054.2
2025-12-17 09:15:00+00:00,67811.7,68185.9
2025-12-17 09:30:00+00:00,67897.0,67811.7
2025-12-17 09:45:00+00:00,67652.4,67897.0
2025-12-17 10:00:00+00:00,67714.4,67652.4
2025-12-17 10:15:00+00:00,67815.9,67714.4
2025-12-17 10:30:00+00:00,67546.5,67815.9
2025-12-17 10:45:00+00:00,67108.4,67546.5
2025-12-17 11:00:00+00:00,66909.7,67108.4
2025-12-17 11:15:00+00:00,66053.0,66909.7
2025-12-17 11:30:00+00:00,66406.2,66053.0
2025-12-17 11:45:00+00:00,66111.7,66406.2
2025-12-17 12:00:00+00:00,65984.4,66111.7
2025-12-17 12:15:00+00:00,65671.3,65984.4
2025-12-17 12:30:00+00:00,65139.5,65671.3
2025-12-17 12:45:00+00:00,64835.0,65139.5
2025-12-17 13:00:00+00:00,64609.3,64835.0
2025-12-17 13:15:00+00:00,64646.5,64609.3
2025-12-17 13:30:00+00:00,64753.6,64646.5
2025-12-17 13:45:00+00:00,64560.4,64753.6
2025-12-17 14:00:00+00:00,64926.8,64560.4
2025-12-17 14:15:00+00:00,65198.9,64926.8
2025-12-17 14:30:00+00:00,65362.2,65198.9
2025-12-17 14:45:00+00:00,65542.0,65362.2
2025-12-17 15:00:00+00:00,66051.0,65542.0
2025-12-17 15:15:00+00:00,66490.4,66051.0
2025-12-17 15:30:00+00:00,67320.1,66490.4
2025-12-17 15:45:00+00:00,68115.4,67320.1
2025-12-17 16:00:00+00:00,68354.2,68115.4
2025-12-17 16:15:00+00:00,68786.5,68354.2
2025-12-17 16:30:00+00:00,69245.1,68786.5
2025-12-17 16:45:00+00:00,69263.7,69245.1
2025-12-17 17:00:00+00:00,69158.3,69263.7
2025-12-17 17:15:00+00:00,68850.2,69158.3
2025-12-17 17:30:00+00:00,68485.3,68850.2
2025-12-17 17:45:00+00:00,68090.5,68485.3
2025-12-17 18:00:00+00:00,67244.1,68090.5
2025-12-17 18:15:00+00:00,66544.4,67244.1
2025-12-17 18:30:00+00:00,65963.2,66544.4
2025-12-17 18:45:00+00:00,65362.7,65963.2
2025-12-17 19:00:00+00:00,64516.7,65362.7
2025-12-17 19:15:00+00:00,63454.3,64516.7
2025-12-17 19:30:00+00:00,62495.7,63454.3
2025-12-17 19:45:00+00:00,61574.0,62495.7
2025-12-17 20:00:00+00:00,60624.7,61574.0
2025-12-17 20:15:00+00:00,59829.9,60624.7
2025-12-17 20:30:00+00:00,59085.8,59829.9
2025-12-17 20:45:00+00:00,58200.5,59085.8
2025-12-17 21:00:00+00:00,57088.1,58200.5
2025-12-17 21:15:00+00:00,56601.8,57088.1
2025-12-17 21:30:00+00:00,55756.0,56601.8
2025-12-17 21:45:00+00:00,54792.7,55756.0
2025-12-17 22:00:00+00:00,53447.3,54792.7
2025-12-17 22:15:00+00:00,52550.4,53447.3
2025-12-17 22:30:00+00:00,51676.8,52550.4
2025-12-17 22:45:00+00:00,51129.0,51676.8
2025-12-17 23:00:00+00:00,50102.2,51129.0
2025-12-17 23:15:00+00:00,49206.2,50102.2
2025-12-17 23:30:00+00:00,48433.8,49206.2
2025-12-17 23:45:00+00:00,48137.8,48433.8
2025-12-18 00:00:00+00:00,47399.2,48137.8
2025-12-18 00:15:00+00:00,47264.1,47399.2
2025-12-18 00:30:00+00:00,46822.1,47264.1
2025-12-18 00:45:00+00:00,46696.6,46822.1
2025-12-18 01:00:00+00:00,46422.7,46696.6
2025-12-18 01:15:00+00:00,46313.2,46422.7
2025-12-18 01:30:00+00:00,46450.8,46313.2
2025-12-18 01:45:00+00:00,46339.6,46450.8
2025-12-18 02:00:00+00:00,46811.0,46339.6
2025-12-18 02:15:00+00:00,47118.2,46811.0
2025-12-18 02:30:00+00:00,47100.2,47118.2
2025-12-18 02:45:00+00:00,47335.8,47100.2
2025-12-18 03:00:00+00:00,48016.9,47335.8
2025-12-18 03:15:00+00:00,48767.0,48016.9
2025-12-18 03:30:00+00:00,49346.7,48767.0
2025-12-18 03:45:00+00:00,49965.8,49346.7
2025-12-18 04:00:00+00:00,51207.5,49965.8
2025-12-18 04:15:00+00:00,52132.1,51207.5
2025-12-18 04:30:00+00:00,53097.8,52132.1
2025-12-18 04:45:00+00:00,54263.8,53097.8
2025-12-18 05:00:00+00:00,57341.6,54263.8
2025-12-18 05:15:00+00:00,59359.2,57341.6
2025-12-18 05:30:00+00:00,60664.7,59359.2
2025-12-18 05:45:00+00:00,62014.2,60664.7
2025-12-18 06:00:00+00:00,64097.0,62014.2
2025-12-18 06:15:00+00:00,65645.8,64097.0
2025-12-18 06:30:00+00:00,67000.0,65645.8
2025-12-18 06:45:00+00:00,67619.8,67000.0
2025-12-18 07:00:00+00:00,68643.9,67619.8
2025-12-18 07:15:00+00:00,69135.5,68643.9
2025-12-18 07:30:00+00:00,69109.6,69135.5
2025-12-18 07:45:00+00:00,68749.6,69109.6
2025-12-18 08:00:00+00:00,68578.0,68749.6
2025-12-18 08:15:00+00:00,68667.9,68578.0
2025-12-18 08:30:00+00:00,68178.8,68667.9
2025-12-18 08:45:00+00:00,68302.2,68178.8
2025-12-18 09:00:00+00:00,67988.3,68302.2
2025-12-18 09:15:00+00:00,67615.4,67988.3
2025-12-18 09:30:00+00:00,67204.2,67615.4
2025-12-18 09:45:00+00:00,67250.3,67204.2
2025-12-18 10:00:00+00:00,66647.9,67250.3
2025-12-18 10:15:00+00:00,66574.5,66647.9
2025-12-18 10:30:00+00:00,66392.0,66574.5
2025-12-18 10:45:00+00:00,66202.9,66392.0
2025-12-18 11:00:00+00:00,65782.7,66202.9
2025-12-18 11:15:00+00:00,65077.7,65782.7
2025-12-18 11:30:00+00:00,64826.3,65077.7
2025-12-18 11:45:00+00:00,64495.6,64826.3
2025-12-18 12:00:00+00:00,63950.6,64495.6
2025-12-18 12:15:00+00:00,63661.1,63950.6
2025-12-18 12:30:00+00:00,63564.9,63661.1
2025-12-18 12:45:00+00:00,63240.1,63564.9
2025-12-18 13:00:00+00:00,63457.7,63240.1
2025-12-18 13:15:00+00:00,63031.7,63457.7
2025-12-18 13:30:00+00:00,63134.0,63031.7
2025-12-18 13:45:00+00:00,63153.2,63134.0
2025-12-18 14:00:00+00:00,63203.1,63153.2
2025-12-18 14:15:00+00:00,63393.7,63203.1
2025-12-18 14:30:00+00:00,63615.2,63393.7
2025-12-18 14:45:00+00:00,63588.5,63615.2
2025-12-18 15:00:00+00:00,64208.9,63588.5
2025-12-18 15:15:00+00:00,65153.6,64208.9
2025-12-18 15:30:00+00:00,66348.7,65153.6
2025-12-18 15:45:00+00:00,67176.3,66348.7
2025-12-18 16:00:00+00:00,67898.7,67176.3
2025-12-18 16:15:00+00:00,68225.8,67898.7
2025-12-18 16:30:00+00:00,68653.1,68225.8
2025-12-18 16:45:00+00:00,69057.4,68653.1
2025-12-18 17:00:00+00:00,68774.6,69057.4
2025-12-18 17:15:00+00:00,68928.3,68774.6
2025-12-18 17:30:00+00:00,68694.6,68928.3
2025-12-18 17:45:00+00:00,68205.2,68694.6
2025-12-18 18:00:00+00:00,67449.4,68205.2
2025-12-18 18:15:00+00:00,66519.7,67449.4
2025-12-18 18:30:00+00:00,65935.4,66519.7
2025-12-18 18:45:00+00:00,65629.3,65935.4
2025-12-18 19:00:00+00:00,64680.3,65629.3
2025-12-18 19:15:00+00:00,63787.4,64680.3
2025-12-18 19:30:00+00:00,63015.9,63787.4
2025-12-18 19:45:00+00:00,62223.3,63015.9
2025-12-18 20:00:00+00:00,61404.9,62223.3
2025-12-18 20:15:00+00:00,60606.1,61404.9
2025-12-18 20:30:00+00:00,59869.7,60606.1
2025-12-18 20:45:00+00:00,59198.7,59869.7
2025-12-18 21:00:00+00:00,58179.2,59198.7
2025-12-18 21:15:00+00:00,57688.7,58179.2
2025-12-18 21:30:00+00:00,56792.3,57688.7
2025-12-18 21:45:00+00:00,56172.0,56792.3
2025-12-18 22:00:00+00:00,55015.6,56172.0
2025-12-18 22:15:00+00:00,53680.8,55015.6
2025-12-18 22:30:00+00:00,52982.4,53680.8
2025-12-18 22:45:00+00:00,52480.5,52982.4
2025-12-18 23:00:00+00:00,51624.0,52480.5
2025-12-18 23:15:00+00:00,50776.4,51624.0
2025-12-18 23:30:00+00:00,50298.6,50776.4
2025-12-18 23:45:00+00:00,49924.4,50298.6
2025-12-19 00:00:00+00:00,49549.1,49924.4
2025-12-19 00:15:00+00:00,49352.4,49549.1
2025-12-19 00:30:00+00:00,48642.8,49352.4
2025-12-19 00:45:00+00:00,48686.6,48642.8
2025-12-19 01:00:00+00:00,48502.5,48686.6
2025-12-19 01:15:00+00:00,48264.3,48502.5
2025-12-19 01:30:00+00:00,48244.5,48264.3
2025-12-19 01:45:00+00:00,48259.5,48244.5
2025-12-19 02:00:00+00:00,48283.5,48259.5
2025-12-19 02:15:00+00:00,48377.5,48283.5
2025-12-19 02:30:00+00:00,48243.4,48377.5
2025-12-19 02:45:00+00:00,48726.9,48243.4
2025-12-19 03:00:00+00:00,49296.3,48726.9
2025-12-19 03:15:00+00:00,49299.7,49296.3
2025-12-19 03:30:00+00:00,49552.4,49299.7
2025-12-19 03:45:00+00:00,50259.7,49552.4
2025-12-19 04:00:00+00:00,51349.5,50259.7
2025-12-19 04:15:00+00:00,51863.4,51349.5
2025-12-19 04:30:00+00:00,53299.3,51863.4
2025-12-19 04:45:00+00:00,54419.4,53299.3
2025-12-19 05:00:00+00:00,56891.6,54419.4
2025-12-19 05:15:00+00:00,58217.4,56891.6
2025-12-19 05:30:00+00:00,59417.0,58217.4
2025-12-19 05:45:00+00:00,60403.4,59417.0
2025-12-19 06:00:00+00:00,61986.6,60403.4
2025-12-19 06:15:00+00:00,62475.0,61986.6
2025-12-19 06:30:00+00:00,63571.3,62475.0
2025-12-19 06:45:00+00:00,64454.8,63571.3
2025-12-19 07:00:00+00:00,66046.8,64454.8
2025-12-19 07:15:00+00:00,66546.3,66046.8
2025-12-19 07:30:00+00:00,66559.4,66546.3
2025-12-19 07:45:00+00:00,66340.6,66559.4
2025-12-19 08:00:00+00:00,66245.6,66340.6
2025-12-19 08:15:00+00:00,65935.8,66245.6
2025-12-19 08:30:00+00:00,65714.6,65935.8
2025-12-19 08:45:00+00:00,65518.8,65714.6
2025-12-19 09:00:00+00:00,65709.8,65518.8
2025-12-19 09:15:00+00:00,65280.6,65709.8
2025-12-19 09:30:00+00:00,64923.4,65280.6
2025-12-19 09:45:00+00:00,64574.2,64923.4
2025-12-19 10:00:00+00:00,64410.6,64574.2
2025-12-19 10:15:00+00:00,64364.6,64410.6
2025-12-19 10:30:00+00:00,64833.8,64364.6
2025-12-19 10:45:00+00:00,64701.1,64833.8
2025-12-19 11:00:00+00:00,64770.0,64701.1
2025-12-19 11:15:00+00:00,64684.2,64770.0
2025-12-19 11:30:00+00:00,64292.8,64684.2
2025-12-19 11:45:00+00:00,63858.8,64292.8
2025-12-19 12:00:00+00:00,63581.0,63858.8
2025-12-19 12:15:00+00:00,63061.3,63581.0
2025-12-19 12:30:00+00:00,62286.3,63061.3
2025-12-19 12:45:00+00:00,61553.2,62286.3
2025-12-19 13:00:00+00:00,61754.6,61553.2
2025-12-19 13:15:00+00:00,61562.2,61754.6
2025-12-19 13:30:00+00:00,61541.6,61562.2
2025-12-19 13:45:00+00:00,61564.2,61541.6
2025-12-19 14:00:00+00:00,61961.9,61564.2
2025-12-19 14:15:00+00:00,61871.1,61961.9
2025-12-19 14:30:00+00:00,61770.7,61871.1
2025-12-19 14:45:00+00:00,62400.9,61770.7
2025-12-19 15:00:00+00:00,63047.6,62400.9
2025-12-19 15:15:00+00:00,63488.5,63047.6
2025-12-19 15:30:00+00:00,63951.8,63488.5
2025-12-19 15:45:00+00:00,64361.5,63951.8
2025-12-19 16:00:00+00:00,64555.7,64361.5
2025-12-19 16:15:00+00:00,64765.3,64555.7
2025-12-19 16:30:00+00:00,64566.8,64765.3
2025-12-19 16:45:00+00:00,64256.1,64566.8
2025-12-19 17:00:00+00:00,64033.4,64256.1
2025-12-19 17:15:00+00:00,63612.7,64033.4
2025-12-19 17:30:00+00:00,63388.5,63612.7
2025-12-19 17:45:00+00:00,63095.1,63388.5
2025-12-19 18:00:00+00:00,62445.9,63095.1
2025-12-19 18:15:00+00:00,61597.3,62445.9
2025-12-19 18:30:00+00:00,60938.5,61597.3
2025-12-19 18:45:00+00:00,60366.0,60938.5
2025-12-19 19:00:00+00:00,59167.5,60366.0
2025-12-19 19:15:00+00:00,58160.3,59167.5
2025-12-19 19:30:00+00:00,57393.3,58160.3
2025-12-19 19:45:00+00:00,56500.1,57393.3
2025-12-19 20:00:00+00:00,55804.4,56500.1
2025-12-19 20:15:00+00:00,55241.0,55804.4
2025-12-19 20:30:00+00:00,54468.9,55241.0
2025-12-19 20:45:00+00:00,53688.7,54468.9
2025-12-19 21:00:00+00:00,53222.5,53688.7
2025-12-19 21:15:00+00:00,52361.8,53222.5
2025-12-19 21:30:00+00:00,51398.9,52361.8
2025-12-19 21:45:00+00:00,50599.6,51398.9
2025-12-19 22:00:00+00:00,49701.7,50599.6
2025-12-19 22:15:00+00:00,48651.7,49701.7
2025-12-19 22:30:00+00:00,47904.0,48651.7
2025-12-19 22:45:00+00:00,47277.2,47904.0
2025-12-19 23:00:00+00:00,46050.8,47277.2
2025-12-19 23:15:00+00:00,45730.1,46050.8
2025-12-19 23:30:00+00:00,44889.8,45730.1
2025-12-19 23:45:00+00:00,44234.6,44889.8
2025-12-20 00:00:00+00:00,43757.9,44234.6
2025-12-20 00:15:00+00:00,43359.5,43757.9
2025-12-20 00:30:00+00:00,43112.6,43359.5
2025-12-20 00:45:00+00:00,43011.8,43112.6
2025-12-20 01:00:00+00:00,43069.7,43011.8
2025-12-20 01:15:00+00:00,42681.3,43069.7
2025-12-20 01:30:00+00:00,42428.2,42681.3
2025-12-20 01:45:00+00:00,42277.0,42428.2
2025-12-20 02:00:00+00:00,42051.9,42277.0
2025-12-20 02:15:00+00:00,41971.5,42051.9
2025-12-20 02:30:00+00:00,42046.3,41971.5
2025-12-20 02:45:00+00:00,41864.3,42046.3
2025-12-20 03:00:00+00:00,41994.4,41864.3
2025-12-20 03:15:00+00:00,42115.2,41994.4
2025-12-20 03:30:00+00:00,42218.6,42115.2
2025-12-20 03:45:00+00:00,42197.8,42218.6
2025-12-20 04:00:00+00:00,42440.4,42197.8
2025-12-20 04:15:00+00:00,42428.8,42440.4
2025-12-20 04:30:00+00:00,42673.0,42428.8
2025-12-20 04:45:00+00:00,42820.8,42673.0
2025-12-20 05:00:00+00:00,43340.1,42820.8
2025-12-20 05:15:00+00:00,43911.3,43340.1
2025-12-20 05:30:00+00:00,44414.7,43911.3
2025-12-20 05:45:00+00:00,44679.9,44414.7
2025-12-20 06:00:00+00:00,45999.9,44679.9
2025-12-20 06:15:00+00:00,46546.1,45999.9
2025-12-20 06:30:00+00:00,47558.8,46546.1
2025-12-20 06:45:00+00:00,48416.8,47558.8
2025-12-20 07:00:00+00:00,49484.4,48416.8
2025-12-20 07:15:00+00:00,49964.2,49484.4
2025-12-20 07:30:00+00:00,50543.7,49964.2
2025-12-20 07:45:00+00:00,51218.1,50543.7
2025-12-20 08:00:00+00:00,51857.2,51218.1
2025-12-20 08:15:00+00:00,52242.3,51857.2
2025-12-20 08:30:00+00:00,52622.7,52242.3
2025-12-20 08:45:00+00:00,53134.4,52622.7
2025-12-20 09:00:00+00:00,53475.2,53134.4
2025-12-20 09:15:00+00:00,53530.5,53475.2
2025-12-20 09:30:00+00:00,53971.4,53530.5
2025-12-20 09:45:00+00:00,54512.8,53971.4
2025-12-20 10:00:00+00:00,54698.5,54512.8
2025-12-20 10:15:00+00:00,54905.6,54698.5
2025-12-20 10:30:00+00:00,54992.6,54905.6
2025-12-20 10:45:00+00:00,55287.9,54992.6
2025-12-20 11:00:00+00:00,55258.1,55287.9
2025-12-20 11:15:00+00:00,54954.0,55258.1
2025-12-20 11:30:00+00:00,54851.2,54954.0
2025-12-20 11:45:00+00:00,54872.0,54851.2
2025-12-20 12:00:00+00:00,54493.2,54872.0
2025-12-20 12:15:00+00:00,54256.2,54493.2
2025-12-20 12:30:00+00:00,53731.2,54256.2
2025-12-20 12:45:00+00:00,53369.7,53731.2
2025-12-20 13:00:00+00:00,53372.2,53369.7
2025-12-20 13:15:00+00:00,53211.2,53372.2
2025-12-20 13:30:00+00:00,53208.8,53211.2
2025-12-20 13:45:00+00:00,52967.6,53208.8
2025-12-20 14:00:00+00:00,53117.5,52967.6
2025-12-20 14:15:00+00:00,53398.8,53117.5
2025-12-20 14:30:00+00:00,53714.0,53398.8
2025-12-20 14:45:00+00:00,53766.7,53714.0
2025-12-20 15:00:00+00:00,54409.8,53766.7
2025-12-20 15:15:00+00:00,54911.5,54409.8
2025-12-20 15:30:00+00:00,55382.8,54911.5
2025-12-20 15:45:00+00:00,56008.2,55382.8
2025-12-20 16:00:00+00:00,56546.5,56008.2
2025-12-20 16:15:00+00:00,56879.7,56546.5
2025-12-20 16:30:00+00:00,56812.1,56879.7
2025-12-20 16:45:00+00:00,56852.0,56812.1
2025-12-20 17:00:00+00:00,56884.3,56852.0
2025-12-20 17:15:00+00:00,56633.6,56884.3
2025-12-20 17:30:00+00:00,56445.6,56633.6
2025-12-20 17:45:00+00:00,56518.9,56445.6
2025-12-20 18:00:00+00:00,55921.5,56518.9
2025-12-20 18:15:00+00:00,55412.1,55921.5
2025-12-20 18:30:00+00:00,54780.9,55412.1
2025-12-20 18:45:00+00:00,54406.4,54780.9
2025-12-20 19:00:00+00:00,53674.7,54406.4
2025-12-20 19:15:00+00:00,52588.5,53674.7
2025-12-20 19:30:00+00:00,51925.6,52588.5
2025-12-20 19:45:00+00:00,51385.2,51925.6
2025-12-20 20:00:00+00:00,50784.5,51385.2
2025-12-20 20:15:00+00:00,50297.3,50784.5
2025-12-20 20:30:00+00:00,49913.4,50297.3
2025-12-20 20:45:00+00:00,49454.6,49913.4
2025-12-20 21:00:00+00:00,49002.6,49454.6
2025-12-20 21:15:00+00:00,48451.3,49002.6
2025-12-20 21:30:00+00:00,47905.8,48451.3
2025-12-20 21:45:00+00:00,47343.6,47905.8
2025-12-20 22:00:00+00:00,46799.9,47343.6
2025-12-20 22:15:00+00:00,46129.8,46799.9
2025-12-20 22:30:00+00:00,45532.7,46129.8
2025-12-20 22:45:00+00:00,44987.6,45532.7
2025-12-20 23:00:00+00:00,44037.2,44987.6
2025-12-20 23:15:00+00:00,42963.0,44037.2
2025-12-20 23:30:00+00:00,42362.2,42963.0
2025-12-20 23:45:00+00:00,41885.6,42362.2
2025-12-21 00:00:00+00:00,41580.9,41885.6
2025-12-21 00:15:00+00:00,41275.0,41580.9
2025-12-21 00:30:00+00:00,40913.1,41275.0
2025-12-21 00:45:00+00:00,40662.5,40913.1
2025-12-21 01:00:00+00:00,40372.1,40662.5
2025-12-21 01:15:00+00:00,40043.9,40372.1
2025-12-21 01:30:00+00:00,40051.7,40043.9
2025-12-21 01:45:00+00:00,40255.6,40051.7
2025-12-21 02:00:00+00:00,40277.1,40255.6
2025-12-21 02:15:00+00:00,40091.6,40277.1
2025-12-21 02:30:00+00:00,40164.8,40091.6
2025-12-21 02:45:00+00:00,40234.7,40164.8
2025-12-21 03:00:00+00:00,40128.1,40234.7
2025-12-21 03:15:00+00:00,40092.6,40128.1
2025-12-21 03:30:00+00:00,40236.4,40092.6
2025-12-21 03:45:00+00:00,40326.6,40236.4
2025-12-21 04:00:00+00:00,40505.9,40326.6
2025-12-21 04:15:00+00:00,40670.7,40505.9
2025-12-21 04:30:00+00:00,40868.5,40670.7
2025-12-21 04:45:00+00:00,41061.2,40868.5
2025-12-21 05:00:00+00:00,41197.8,41061.2
2025-12-21 05:15:00+00:00,41370.1,41197.8
2025-12-21 05:30:00+00:00,41627.1,41370.1
2025-12-21 05:45:00+00:00,41893.2,41627.1
2025-12-21 06:00:00+00:00,42740.7,41893.2
2025-12-21 06:15:00+00:00,43454.7,42740.7
2025-12-21 06:30:00+00:00,44240.0,43454.7
2025-12-21 06:45:00+00:00,44813.4,44240.0
2025-12-21 07:00:00+00:00,45648.9,44813.4
2025-12-21 07:15:00+00:00,46172.6,45648.9
2025-12-21 07:30:00+00:00,46827.7,46172.6
2025-12-21 07:45:00+00:00,47490.0,46827.7
2025-12-21 08:00:00+00:00,48309.2,47490.0
2025-12-21 08:15:00+00:00,49107.1,48309.2
2025-12-21 08:30:00+00:00,49589.8,49107.1
2025-12-21 08:45:00+00:00,50148.0,49589.8
2025-12-21 09:00:00+00:00,50625.3,50148.0
2025-12-21 09:15:00+00:00,51189.5,50625.3
2025-12-21 09:30:00+00:00,51717.4,51189.5
2025-12-21 09:45:00+00:00,52233.9,51717.4
2025-12-21 10:00:00+00:00,52466.8,52233.9
2025-12-21 10:15:00+00:00,52895.0,52466.8
2025-12-21 10:30:00+00:00,53272.7,52895.0
2025-12-21 10:45:00+00:00,53528.2,53272.7
2025-12-21 11:00:00+00:00,53399.2,53528.2
2025-12-21 11:15:00+00:00,53286.8,53399.2
2025-12-21 11:30:00+00:00,52843.8,53286.8
2025-12-21 11:45:00+00:00,52440.3,52843.8
2025-12-21 12:00:00+00:00,51870.2,52440.3
2025-12-21 12:15:00+00:00,51301.8,51870.2
2025-12-21 12:30:00+00:00,50993.0,51301.8
2025-12-21 12:45:00+00:00,50621.2,50993.0
2025-12-21 13:00:00+00:00,50224.7,50621.2
2025-12-21 13:15:00+00:00,50098.8,50224.7
2025-12-21 13:30:00+00:00,50256.6,50098.8
2025-12-21 13:45:00+00:00,50133.1,50256.6
2025-12-21 14:00:00+00:00,50310.0,50133.1
2025-12-21 14:15:00+00:00,50532.3,50310.0
2025-12-21 14:30:00+00:00,50938.0,50532.3
2025-12-21 14:45:00+00:00,50890.8,50938.0
2025-12-21 15:00:00+00:00,51248.9,50890.8
2025-12-21 15:15:00+00:00,51874.6,51248.9
2025-12-21 15:30:00+00:00,52861.5,51874.6
2025-12-21 15:45:00+00:00,53848.8,52861.5
2025-12-21 16:00:00+00:00,54511.8,53848.8
2025-12-21 16:15:00+00:00,54845.1,54511.8
2025-12-21 16:30:00+00:00,55290.9,54845.1
2025-12-21 16:45:00+00:00,55550.1,55290.9
2025-12-21 17:00:00+00:00,55610.8,55550.1
2025-12-21 17:15:00+00:00,56196.4,55610.8
2025-12-21 17:30:00+00:00,56186.4,56196.4
2025-12-21 17:45:00+00:00,55644.0,56186.4
2025-12-21 18:00:00+00:00,55048.8,55644.0
2025-12-21 18:15:00+00:00,54960.4,55048.8
2025-12-21 18:30:00+00:00,54497.1,54960.4
2025-12-21 18:45:00+00:00,54024.3,54497.1
2025-12-21 19:00:00+00:00,53635.7,54024.3
2025-12-21 19:15:00+00:00,52593.6,53635.7
2025-12-21 19:30:00+00:00,51822.0,52593.6
2025-12-21 19:45:00+00:00,51286.0,51822.0
2025-12-21 20:00:00+00:00,51065.3,51286.0
2025-12-21 20:15:00+00:00,51166.8,51065.3
2025-12-21 20:30:00+00:00,50498.9,51166.8
2025-12-21 20:45:00+00:00,50026.5,50498.9
2025-12-21 21:00:00+00:00,49677.4,50026.5
2025-12-21 21:15:00+00:00,49257.5,49677.4
2025-12-21 21:30:00+00:00,48545.4,49257.5
2025-12-21 21:45:00+00:00,47917.2,48545.4
2025-12-21 22:00:00+00:00,46826.7,47917.2
2025-12-21 22:15:00+00:00,46221.7,46826.7
2025-12-21 22:30:00+00:00,45495.6,46221.7
2025-12-21 22:45:00+00:00,44960.2,45495.6
2025-12-21 23:00:00+00:00,44813.7,44960.2
2025-12-21 23:15:00+00:00,44258.9,44813.7
2025-12-21 23:30:00+00:00,43888.4,44258.9
2025-12-21 23:45:00+00:00,43712.5,43888.4
2025-12-22 00:00:00+00:00,43389.8,43712.5
2025-12-22 00:15:00+00:00,43116.7,43389.8
2025-12-22 00:30:00+00:00,43174.5,43116.7
2025-12-22 00:45:00+00:00,42796.6,43174.5
2025-12-22 01:00:00+00:00,42411.1,42796.6
2025-12-22 01:15:00+00:00,42361.6,42411.1
2025-12-22 01:30:00+00:00,42954.8,42361.6
2025-12-22 01:45:00+00:00,42961.4,42954.8
2025-12-22 02:00:00+00:00,42922.3,42961.4
2025-12-22 02:15:00+00:00,43065.5,42922.3
2025-12-22 02:30:00+00:00,43429.0,43065.5
2025-12-22 02:45:00+00:00,43466.8,43429.0
2025-12-22 03:00:00+00:00,43793.1,43466.8
2025-12-22 03:15:00+00:00,44007.3,43793.1
2025-12-22 03:30:00+00:00,44246.9,44007.3
2025-12-22 03:45:00+00:00,44753.9,44246.9
2025-12-22 04:00:00+00:00,46117.1,44753.9
2025-12-22 04:15:00+00:00,46583.1,46117.1
2025-12-22 04:30:00+00:00,47347.8,46583.1
2025-12-22 04:45:00+00:00,48204.2,47347.8
2025-12-22 05:00:00+00:00,49720.8,48204.2
2025-12-22 05:15:00+00:00,51080.2,49720.8
2025-12-22 05:30:00+00:00,51726.1,51080.2
2025-12-22 05:45:00+00:00,52659.8,51726.1
2025-12-22 06:00:00+00:00,53849.8,52659.8
2025-12-22 06:15:00+00:00,55256.9,53849.8
2025-12-22 06:30:00+00:00,56500.9,55256.9
2025-12-22 06:45:00+00:00,57578.2,56500.9
2025-12-22 07:00:00+00:00,58728.5,57578.2
2025-12-22 07:15:00+00:00,59328.0,58728.5
2025-12-22 07:30:00+00:00,60050.2,59328.0
2025-12-22 07:45:00+00:00,60570.9,60050.2
2025-12-22 08:00:00+00:00,60923.6,60570.9
2025-12-22 08:15:00+00:00,61256.7,60923.6
2025-12-22 08:30:00+00:00,61530.8,61256.7
2025-12-22 08:45:00+00:00,61378.7,61530.8
2025-12-22 09:00:00+00:00,61478.3,61378.7
2025-12-22 09:15:00+00:00,61262.6,61478.3
2025-12-22 09:30:00+00:00,61034.2,61262.6
2025-12-22 09:45:00+00:00,61066.9,61034.2
2025-12-22 10:00:00+00:00,61205.9,61066.9
2025-12-22 10:15:00+00:00,61270.7,61205.9
2025-12-22 10:30:00+00:00,61569.3,61270.7
2025-12-22 10:45:00+00:00,61745.7,61569.3
2025-12-22 11:00:00+00:00,61782.8,61745.7
2025-12-22 11:15:00+00:00,61383.1,61782.8
2025-12-22 11:30:00+00:00,61534.0,61383.1
2025-12-22 11:45:00+00:00,61440.9,61534.0
2025-12-22 12:00:00+00:00,61641.0,61440.9
2025-12-22 12:15:00+00:00,61439.2,61641.0
2025-12-22 12:30:00+00:00,61249.0,61439.2
2025-12-22 12:45:00+00:00,61104.9,61249.0
2025-12-22 13:00:00+00:00,61120.2,61104.9
2025-12-22 13:15:00+00:00,60791.2,61120.2
2025-12-22 13:30:00+00:00,60745.1,60791.2
2025-12-22 13:45:00+00:00,60696.0,60745.1
2025-12-22 14:00:00+00:00,60806.4,60696.0
2025-12-22 14:15:00+00:00,60879.1,60806.4
2025-12-22 14:30:00+00:00,61150.5,60879.1
2025-12-22 14:45:00+00:00,61116.3,61150.5
2025-12-22 15:00:00+00:00,61820.5,61116.3
2025-12-22 15:15:00+00:00,62247.9,61820.5
2025-12-22 15:30:00+00:00,62684.4,62247.9
2025-12-22 15:45:00+00:00,63231.6,62684.4
2025-12-22 16:00:00+00:00,63723.1,63231.6
2025-12-22 16:15:00+00:00,63740.3,63723.1
2025-12-22 16:30:00+00:00,63921.7,63740.3
2025-12-22 16:45:00+00:00,64068.2,63921.7
2025-12-22 17:00:00+00:00,63752.4,64068.2
2025-12-22 17:15:00+00:00,63697.1,63752.4
2025-12-22 17:30:00+00:00,63405.3,63697.1
2025-12-22 17:45:00+00:00,63056.6,63405.3
2025-12-22 18:00:00+00:00,62629.3,63056.6
2025-12-22 18:15:00+00:00,62092.9,62629.3
2025-12-22 18:30:00+00:00,61527.2,62092.9
2025-12-22 18:45:00+00:00,61142.1,61527.2
2025-12-22 19:00:00+00:00,60191.8,61142.1
2025-12-22 19:15:00+00:00,59182.0,60191.8
2025-12-22 19:30:00+00:00,58455.0,59182.0
2025-12-22 19:45:00+00:00,57692.3,58455.0
2025-12-22 20:00:00+00:00,56842.6,57692.3
2025-12-22 20:15:00+00:00,56439.3,56842.6
2025-12-22 20:30:00+00:00,55903.1,56439.3
2025-12-22 20:45:00+00:00,55774.5,55903.1
2025-12-22 21:00:00+00:00,54809.9,55774.5
2025-12-22 21:15:00+00:00,54085.0,54809.9
2025-12-22 21:30:00+00:00,53081.3,54085.0
2025-12-22 21:45:00+00:00,51874.3,53081.3
2025-12-22 22:00:00+00:00,50827.5,51874.3
2025-12-22 22:15:00+00:00,49929.6,50827.5
2025-12-22 22:30:00+00:00,48826.2,49929.6
2025-12-22 22:45:00+00:00,48024.7,48826.2
2025-12-22 23:00:00+00:00,46886.9,48024.7
2025-12-22 23:15:00+00:00,46096.7,46886.9
2025-12-22 23:30:00+00:00,45303.5,46096.7
2025-12-22 23:45:00+00:00,44812.7,45303.5
2025-12-23 00:00:00+00:00,44464.5,44812.7
2025-12-23 00:15:00+00:00,44346.3,44464.5
2025-12-23 00:30:00+00:00,44168.4,44346.3
2025-12-23 00:45:00+00:00,43962.3,44168.4
2025-12-23 01:00:00+00:00,43786.6,43962.3
2025-12-23 01:15:00+00:00,43782.2,43786.6
2025-12-23 01:30:00+00:00,43793.4,43782.2
2025-12-23 01:45:00+00:00,43632.0,43793.4
2025-12-23 02:00:00+00:00,43441.3,43632.0
2025-12-23 02:15:00+00:00,43144.0,43441.3
2025-12-23 02:30:00+00:00,43277.8,43144.0
2025-12-23 02:45:00+00:00,43770.7,43277.8
2025-12-23 03:00:00+00:00,43961.7,43770.7
2025-12-23 03:15:00+00:00,44192.5,43961.7
2025-12-23 03:30:00+00:00,44441.2,44192.5
2025-12-23 03:45:00+00:00,45115.6,44441.2
2025-12-23 04:00:00+00:00,45427.2,45115.6
2025-12-23 04:15:00+00:00,45976.8,45427.2
2025-12-23 04:30:00+00:00,46796.8,45976.8
2025-12-23 04:45:00+00:00,47685.3,46796.8
2025-12-23 05:00:00+00:00,49269.3,47685.3
2025-12-23 05:15:00+00:00,49966.1,49269.3
2025-12-23 05:30:00+00:00,50887.7,49966.1
2025-12-23 05:45:00+00:00,51984.3,50887.7
2025-12-23 06:00:00+00:00,53673.1,51984.3
2025-12-23 06:15:00+00:00,54558.8,53673.1
2025-12-23 06:30:00+00:00,55817.6,54558.8
2025-12-23 06:45:00+00:00,56476.9,55817.6
2025-12-23 07:00:00+00:00,57971.9,56476.9
2025-12-23 07:15:00+00:00,58655.3,57971.9
2025-12-23 07:30:00+00:00,59414.1,58655.3
2025-12-23 07:45:00+00:00,59994.1,59414.1
2025-12-23 08:00:00+00:00,60749.5,59994.1
2025-12-23 08:15:00+00:00,61183.2,60749.5
2025-12-23 08:30:00+00:00,61670.3,61183.2
2025-12-23 08:45:00+00:00,61654.9,61670.3
2025-12-23 09:00:00+00:00,61266.6,61654.9
2025-12-23 09:15:00+00:00,61476.5,61266.6
2025-12-23 09:30:00+00:00,61673.0,61476.5
2025-12-23 09:45:00+00:00,61557.8,61673.0
2025-12-23 10:00:00+00:00,62238.3,61557.8
2025-12-23 10:15:00+00:00,62417.3,62238.3
2025-12-23 10:30:00+00:00,62479.1,62417.3
2025-12-23 10:45:00+00:00,62521.7,62479.1
2025-12-23 11:00:00+00:00,63304.4,62521.7
2025-12-23 11:15:00+00:00,63282.6,63304.4
2025-12-23 11:30:00+00:00,63235.4,63282.6
2025-12-23 11:45:00+00:00,63480.8,63235.4
2025-12-23 12:00:00+00:00,63344.4,63480.8
2025-12-23 12:15:00+00:00,62645.1,63344.4
2025-12-23 12:30:00+00:00,62467.1,62645.1
2025-12-23 12:45:00+00:00,62111.7,62467.1
2025-12-23 13:00:00+00:00,62301.5,62111.7
2025-12-23 13:15:00+00:00,61876.6,62301.5
2025-12-23 13:30:00+00:00,61949.8,61876.6
2025-12-23 13:45:00+00:00,61737.4,61949.8
2025-12-23 14:00:00+00:00,61849.4,61737.4
2025-12-23 14:15:00+00:00,61652.2,61849.4
2025-12-23 14:30:00+00:00,61900.8,61652.2
2025-12-23 14:45:00+00:00,62174.8,61900.8
2025-12-23 15:00:00+00:00,61971.8,62174.8
2025-12-23 15:15:00+00:00,62645.2,61971.8
2025-12-23 15:30:00+00:00,63046.4,62645.2
2025-12-23 15:45:00+00:00,63609.1,63046.4
2025-12-23 16:00:00+00:00,64416.5,63609.1
2025-12-23 16:15:00+00:00,64683.2,64416.5
2025-12-23 16:30:00+00:00,64786.1,64683.2
2025-12-23 16:45:00+00:00,64584.7,64786.1
2025-12-23 17:00:00+00:00,64418.9,64584.7
2025-12-23 17:15:00+00:00,64093.0,64418.9
2025-12-23 17:30:00+00:00,63545.0,64093.0
2025-12-23 17:45:00+00:00,63152.5,63545.0
2025-12-23 18:00:00+00:00,62788.9,63152.5
2025-12-23 18:15:00+00:00,62125.8,62788.9
2025-12-23 18:30:00+00:00,62136.1,62125.8
2025-12-23 18:45:00+00:00,61445.0,62136.1
2025-12-23 19:00:00+00:00,60444.0,61445.0
2025-12-23 19:15:00+00:00,59071.7,60444.0
2025-12-23 19:30:00+00:00,58072.5,59071.7
2025-12-23 19:45:00+00:00,57301.4,58072.5
2025-12-23 20:00:00+00:00,56730.4,57301.4
2025-12-23 20:15:00+00:00,56277.9,56730.4
2025-12-23 20:30:00+00:00,55536.0,56277.9
2025-12-23 20:45:00+00:00,54998.9,55536.0
2025-12-23 21:00:00+00:00,54160.2,54998.9
2025-12-23 21:15:00+00:00,53411.2,54160.2
2025-12-23 21:30:00+00:00,52570.7,53411.2
2025-12-23 21:45:00+00:00,51609.6,52570.7
2025-12-23 22:00:00+00:00,50753.6,51609.6
2025-12-23 22:15:00+00:00,49848.7,50753.6
2025-12-23 22:30:00+00:00,48861.3,49848.7
2025-12-23 22:45:00+00:00,47950.1,48861.3
2025-12-23 23:00:00+00:00,47244.7,47950.1
2025-12-23 23:15:00+00:00,46387.1,47244.7
2025-12-23 23:30:00+00:00,45975.7,46387.1
2025-12-23 23:45:00+00:00,45147.2,45975.7
2025-12-24 00:00:00+00:00,44595.6,45147.2
2025-12-24 00:15:00+00:00,44402.6,44595.6
2025-12-24 00:30:00+00:00,43764.2,44402.6
2025-12-24 00:45:00+00:00,43728.3,43764.2
2025-12-24 01:00:00+00:00,43532.9,43728.3
2025-12-24 01:15:00+00:00,43135.7,43532.9
2025-12-24 01:30:00+00:00,42866.8,43135.7
2025-12-24 01:45:00+00:00,42735.1,42866.8
2025-12-24 02:00:00+00:00,42807.6,42735.1
2025-12-24 02:15:00+00:00,42703.2,42807.6
2025-12-24 02:30:00+00:00,42797.7,42703.2
2025-12-24 02:45:00+00:00,42869.9,42797.7
2025-12-24 03:00:00+00:00,43070.5,42869.9
2025-12-24 03:15:00+00:00,42785.0,43070.5
2025-12-24 03:30:00+00:00,43214.4,42785.0
2025-12-24 03:45:00+00:00,43417.4,43214.4
2025-12-24 04:00:00+00:00,44260.5,43417.4
2025-12-24 04:15:00+00:00,44172.1,44260.5
2025-12-24 04:30:00+00:00,44671.8,44172.1
2025-12-24 04:45:00+00:00,44991.9,44671.8
2025-12-24 05:00:00+00:00,46020.9,44991.9
2025-12-24 05:15:00+00:00,46126.0,46020.9
2025-12-24 05:30:00+00:00,46123.4,46126.0
2025-12-24 05:45:00+00:00,46535.5,46123.4
2025-12-24 06:00:00+00:00,47363.9,46535.5
2025-12-24 06:15:00+00:00,48225.2,47363.9
2025-12-24 06:30:00+00:00,49295.2,48225.2
2025-12-24 06:45:00+00:00,50054.8,49295.2
2025-12-24 07:00:00+00:00,50837.8,50054.8
2025-12-24 07:15:00+00:00,51750.3,50837.8
2025-12-24 07:30:00+00:00,52583.6,51750.3
2025-12-24 07:45:00+00:00,53562.9,52583.6
2025-12-24 08:00:00+00:00,54815.4,53562.9
2025-12-24 08:15:00+00:00,55532.9,54815.4
2025-12-24 08:30:00+00:00,56005.6,55532.9
2025-12-24 08:45:00+00:00,55986.2,56005.6
2025-12-24 09:00:00+00:00,56318.8,55986.2
2025-12-24 09:15:00+00:00,56509.9,56318.8
2025-12-24 09:30:00+00:00,56687.8,56509.9
2025-12-24 09:45:00+00:00,56790.1,56687.8
2025-12-24 10:00:00+00:00,57026.6,56790.1
2025-12-24 10:15:00+00:00,57068.6,57026.6
2025-12-24 10:30:00+00:00,57295.2,57068.6
2025-12-24 10:45:00+00:00,57097.5,57295.2
2025-12-24 11:00:00+00:00,57054.1,57097.5
2025-12-24 11:15:00+00:00,56912.9,57054.1
2025-12-24 11:30:00+00:00,56786.5,56912.9
2025-12-24 11:45:00+00:00,56382.4,56786.5
2025-12-24 12:00:00+00:00,56409.8,56382.4
2025-12-24 12:15:00+00:00,55922.8,56409.8
2025-12-24 12:30:00+00:00,55616.5,55922.8
2025-12-24 12:45:00+00:00,55122.0,55616.5
2025-12-24 13:00:00+00:00,55047.5,55122.0
2025-12-24 13:15:00+00:00,54715.3,55047.5
2025-12-24 13:30:00+00:00,54581.2,54715.3
2025-12-24 13:45:00+00:00,54370.9,54581.2
2025-12-24 14:00:00+00:00,54614.3,54370.9
2025-12-24 14:15:00+00:00,54334.9,54614.3
2025-12-24 14:30:00+00:00,54388.0,54334.9
2025-12-24 14:45:00+00:00,54257.6,54388.0
2025-12-24 15:00:00+00:00,54937.3,54257.6
2025-12-24 15:15:00+00:00,55342.9,54937.3
2025-12-24 15:30:00+00:00,56237.3,55342.9
2025-12-24 15:45:00+00:00,56726.7,56237.3
2025-12-24 16:00:00+00:00,57375.2,56726.7
2025-12-24 16:15:00+00:00,57609.8,57375.2
2025-12-24 16:30:00+00:00,57679.0,57609.8
2025-12-24 16:45:00+00:00,57349.4,57679.0
2025-12-24 17:00:00+00:00,57287.9,57349.4
2025-12-24 17:15:00+00:00,56664.2,57287.9
2025-12-24 17:30:00+00:00,56097.3,56664.2
2025-12-24 17:45:00+00:00,54965.2,56097.3
2025-12-24 18:00:00+00:00,54304.2,54965.2
2025-12-24 18:15:00+00:00,53431.2,54304.2
2025-12-24 18:30:00+00:00,52943.7,53431.2
2025-12-24 18:45:00+00:00,52553.2,52943.7
2025-12-24 19:00:00+00:00,51799.1,52553.2
2025-12-24 19:15:00+00:00,51345.0,51799.1
2025-12-24 19:30:00+00:00,50639.4,51345.0
2025-12-24 19:45:00+00:00,50325.0,50639.4
2025-12-24 20:00:00+00:00,49862.7,50325.0
2025-12-24 20:15:00+00:00,49970.4,49862.7
2025-12-24 20:30:00+00:00,49733.4,49970.4
2025-12-24 20:45:00+00:00,49405.1,49733.4
2025-12-24 21:00:00+00:00,49627.4,49405.1
2025-12-24 21:15:00+00:00,49378.1,49627.4
2025-12-24 21:30:00+00:00,48770.3,49378.1
2025-12-24 21:45:00+00:00,48164.1,48770.3
2025-12-24 22:00:00+00:00,47749.1,48164.1
2025-12-24 22:15:00+00:00,47155.5,47749.1
2025-12-24 22:30:00+00:00,46661.6,47155.5
2025-12-24 22:45:00+00:00,46190.4,46661.6
2025-12-24 23:00:00+00:00,45756.6,46190.4
2025-12-24 23:15:00+00:00,45293.9,45756.6
2025-12-24 23:30:00+00:00,44819.4,45293.9
2025-12-24 23:45:00+00:00,44287.6,44819.4
2025-12-25 00:00:00+00:00,43529.7,44287.6
2025-12-25 00:15:00+00:00,43071.0,43529.7
2025-12-25 00:30:00+00:00,42513.8,43071.0
2025-12-25 00:45:00+00:00,42253.1,42513.8
2025-12-25 01:00:00+00:00,42457.3,42253.1
2025-12-25 01:15:00+00:00,42299.1,42457.3
2025-12-25 01:30:00+00:00,41970.8,42299.1
2025-12-25 01:45:00+00:00,41488.4,41970.8
2025-12-25 02:00:00+00:00,41730.5,41488.4
2025-12-25 02:15:00+00:00,41552.4,41730.5
2025-12-25 02:30:00+00:00,41507.7,41552.4
2025-12-25 02:45:00+00:00,41515.0,41507.7
2025-12-25 03:00:00+00:00,41773.9,41515.0
2025-12-25 03:15:00+00:00,41791.3,41773.9
2025-12-25 03:30:00+00:00,41780.0,41791.3
2025-12-25 03:45:00+00:00,41783.0,41780.0
2025-12-25 04:00:00+00:00,42334.9,41783.0
2025-12-25 04:15:00+00:00,42176.2,42334.9
2025-12-25 04:30:00+00:00,42134.7,42176.2
2025-12-25 04:45:00+00:00,42112.8,42134.7
2025-12-25 05:00:00+00:00,41915.5,42112.8
2025-12-25 05:15:00+00:00,41754.3,41915.5
2025-12-25 05:30:00+00:00,42093.6,41754.3
2025-12-25 05:45:00+00:00,42643.8,42093.6
2025-12-25 06:00:00+00:00,43199.0,42643.8
2025-12-25 06:15:00+00:00,43421.1,43199.0
2025-12-25 06:30:00+00:00,43957.1,43421.1
2025-12-25 06:45:00+00:00,44874.1,43957.1
2025-12-25 07:00:00+00:00,45791.2,44874.1
2025-12-25 07:15:00+00:00,46275.6,45791.2
2025-12-25 07:30:00+00:00,47067.7,46275.6
2025-12-25 07:45:00+00:00,48042.4,47067.7
2025-12-25 08:00:00+00:00,48763.6,48042.4
2025-12-25 08:15:00+00:00,49358.6,48763.6
2025-12-25 08:30:00+00:00,50020.6,49358.6
2025-12-25 08:45:00+00:00,50493.8,50020.6
2025-12-25 09:00:00+00:00,51375.0,50493.8
2025-12-25 09:15:00+00:00,51653.0,51375.0
2025-12-25 09:30:00+00:00,52121.3,51653.0
2025-12-25 09:45:00+00:00,52441.8,52121.3
2025-12-25 10:00:00+00:00,52883.2,52441.8
2025-12-25 10:15:00+00:00,53719.0,52883.2
2025-12-25 10:30:00+00:00,54246.6,53719.0
2025-12-25 10:45:00+00:00,54005.7,54246.6
2025-12-25 11:00:00+00:00,53851.8,54005.7
2025-12-25 11:15:00+00:00,53402.9,53851.8
2025-12-25 11:30:00+00:00,52709.4,53402.9
2025-12-25 11:45:00+00:00,51803.2,52709.4
2025-12-25 12:00:00+00:00,50656.3,51803.2
2025-12-25 12:15:00+00:00,49786.0,50656.3
2025-12-25 12:30:00+00:00,49144.5,49786.0
2025-12-25 12:45:00+00:00,48810.6,49144.5
2025-12-25 13:00:00+00:00,48412.5,48810.6
2025-12-25 13:15:00+00:00,48042.6,48412.5
2025-12-25 13:30:00+00:00,47903.1,48042.6
2025-12-25 13:45:00+00:00,48146.9,47903.1
2025-12-25 14:00:00+00:00,48741.6,48146.9
2025-12-25 14:15:00+00:00,48624.5,48741.6
2025-12-25 14:30:00+00:00,49244.4,48624.5
2025-12-25 14:45:00+00:00,49504.6,49244.4
2025-12-25 15:00:00+00:00,50052.2,49504.6
2025-12-25 15:15:00+00:00,50766.7,50052.2
2025-12-25 15:30:00+00:00,51748.3,50766.7
2025-12-25 15:45:00+00:00,52739.3,51748.3
2025-12-25 16:00:00+00:00,53343.6,52739.3
2025-12-25 16:15:00+00:00,53982.3,53343.6
2025-12-25 16:30:00+00:00,54222.7,53982.3
2025-12-25 16:45:00+00:00,54468.1,54222.7
2025-12-25 17:00:00+00:00,54565.4,54468.1
2025-12-25 17:15:00+00:00,54445.7,54565.4
2025-12-25 17:30:00+00:00,54366.5,54445.7
2025-12-25 17:45:00+00:00,54138.6,54366.5
2025-12-25 18:00:00+00:00,53902.0,54138.6
2025-12-25 18:15:00+00:00,53575.2,53902.0
2025-12-25 18:30:00+00:00,53143.1,53575.2
2025-12-25 18:45:00+00:00,52595.7,53143.1
2025-12-25 19:00:00+00:00,52214.5,52595.7
2025-12-25 19:15:00+00:00,51731.2,52214.5
2025-12-25 19:30:00+00:00,51217.6,51731.2
2025-12-25 19:45:00+00:00,50776.2,51217.6
2025-12-25 20:00:00+00:00,50583.0,50776.2
2025-12-25 20:15:00+00:00,50367.2,50583.0
2025-12-25 20:30:00+00:00,49821.7,50367.2
2025-12-25 20:45:00+00:00,49565.5,49821.7
2025-12-25 21:00:00+00:00,49968.1,49565.5
2025-12-25 21:15:00+00:00,49683.9,49968.1
2025-12-25 21:30:00+00:00,49124.0,49683.9
2025-12-25 21:45:00+00:00,48602.8,49124.0
2025-12-25 22:00:00+00:00,48016.5,48602.8
2025-12-25 22:15:00+00:00,47491.2,48016.5
2025-12-25 22:30:00+00:00,47115.2,47491.2
2025-12-25 22:45:00+00:00,46663.2,47115.2
2025-12-25 23:00:00+00:00,45990.3,46663.2
2025-12-25 23:15:00+00:00,45474.9,45990.3
2025-12-25 23:30:00+00:00,45006.6,45474.9
2025-12-25 23:45:00+00:00,44611.5,45006.6
2025-12-26 00:00:00+00:00,44245.4,44611.5
2025-12-26 00:15:00+00:00,43976.2,44245.4
2025-12-26 00:30:00+00:00,43438.2,43976.2
2025-12-26 00:45:00+00:00,43300.1,43438.2
2025-12-26 01:00:00+00:00,42943.0,43300.1
2025-12-26 01:15:00+00:00,42786.5,42943.0
2025-12-26 01:30:00+00:00,42564.3,42786.5
2025-12-26 01:45:00+00:00,42556.2,42564.3
2025-12-26 02:00:00+00:00,42408.5,42556.2
2025-12-26 02:15:00+00:00,42042.6,42408.5
2025-12-26 02:30:00+00:00,41906.0,42042.6
2025-12-26 02:45:00+00:00,41924.7,41906.0
2025-12-26 03:00:00+00:00,42153.4,41924.7
2025-12-26 03:15:00+00:00,42245.1,42153.4
2025-12-26 03:30:00+00:00,42401.3,42245.1
2025-12-26 03:45:00+00:00,42666.8,42401.3
2025-12-26 04:00:00+00:00,43255.6,42666.8
2025-12-26 04:15:00+00:00,43345.3,43255.6
2025-12-26 04:30:00+00:00,43152.8,43345.3
2025-12-26 04:45:00+00:00,43305.0,43152.8
2025-12-26 05:00:00+00:00,42964.1,43305.0
2025-12-26 05:15:00+00:00,43070.9,42964.1
2025-12-26 05:30:00+00:00,43085.5,43070.9
2025-12-26 05:45:00+00:00,43147.3,43085.5
2025-12-26 06:00:00+00:00,43935.1,43147.3
2025-12-26 06:15:00+00:00,44198.2,43935.1
2025-12-26 06:30:00+00:00,44819.9,44198.2
2025-12-26 06:45:00+00:00,45234.7,44819.9
2025-12-26 07:00:00+00:00,46269.2,45234.7
2025-12-26 07:15:00+00:00,46938.7,46269.2
2025-12-26 07:30:00+00:00,47757.5,46938.7
2025-12-26 07:45:00+00:00,48594.0,47757.5
2025-12-26 08:00:00+00:00,49521.7,48594.0
2025-12-26 08:15:00+00:00,50118.5,49521.7
2025-12-26 08:30:00+00:00,50564.2,50118.5
2025-12-26 08:45:00+00:00,50961.0,50564.2
2025-12-26 09:00:00+00:00,51042.3,50961.0
2025-12-26 09:15:00+00:00,51336.1,51042.3
2025-12-26 09:30:00+00:00,51550.4,51336.1
2025-12-26 09:45:00+00:00,52431.7,51550.4
2025-12-26 10:00:00+00:00,53087.9,52431.7
2025-12-26 10:15:00+00:00,53518.9,53087.9
2025-12-26 10:30:00+00:00,53702.1,53518.9
2025-12-26 10:45:00+00:00,53404.2,53702.1
2025-12-26 11:00:00+00:00,53114.7,53404.2
2025-12-26 11:15:00+00:00,52764.7,53114.7
2025-12-26 11:30:00+00:00,52023.6,52764.7
2025-12-26 11:45:00+00:00,51330.1,52023.6
2025-12-26 12:00:00+00:00,51086.0,51330.1
2025-12-26 12:15:00+00:00,50349.4,51086.0
2025-12-26 12:30:00+00:00,49554.4,50349.4
2025-12-26 12:45:00+00:00,49138.3,49554.4
2025-12-26 13:00:00+00:00,48690.7,49138.3
2025-12-26 13:15:00+00:00,48453.1,48690.7
2025-12-26 13:30:00+00:00,48386.7,48453.1
2025-12-26 13:45:00+00:00,48533.5,48386.7
2025-12-26 14:00:00+00:00,48926.5,48533.5
2025-12-26 14:15:00+00:00,48990.9,48926.5
2025-12-26 14:30:00+00:00,49383.8,48990.9
2025-12-26 14:45:00+00:00,49413.7,49383.8
2025-12-26 15:00:00+00:00,49824.2,49413.7
2025-12-26 15:15:00+00:00,50248.6,49824.2
2025-12-26 15:30:00+00:00,51217.8,50248.6
2025-12-26 15:45:00+00:00,51838.8,51217.8
2025-12-26 16:00:00+00:00,52619.4,51838.8
2025-12-26 16:15:00+00:00,52848.5,52619.4
2025-12-26 16:30:00+00:00,53060.7,52848.5
2025-12-26 16:45:00+00:00,53366.1,53060.7
2025-12-26 17:00:00+00:00,53730.6,53366.1
2025-12-26 17:15:00+00:00,53596.7,53730.6
2025-12-26 17:30:00+00:00,53404.3,53596.7
2025-12-26 17:45:00+00:00,53287.4,53404.3
2025-12-26 18:00:00+00:00,53070.1,53287.4
2025-12-26 18:15:00+00:00,52685.3,53070.1
2025-12-26 18:30:00+00:00,52399.4,52685.3
2025-12-26 18:45:00+00:00,52037.7,52399.4
2025-12-26 19:00:00+00:00,51592.3,52037.7
2025-12-26 19:15:00+00:00,51201.0,51592.3
2025-12-26 19:30:00+00:00,50974.5,51201.0
2025-12-26 19:45:00+00:00,50573.9,50974.5
2025-12-26 20:00:00+00:00,50209.1,50573.9
2025-12-26 20:15:00+00:00,49879.9,50209.1
2025-12-26 20:30:00+00:00,49524.4,49879.9
2025-12-26 20:45:00+00:00,49402.2,49524.4
2025-12-26 21:00:00+00:00,49426.0,49402.2
2025-12-26 21:15:00+00:00,48999.3,49426.0
2025-12-26 21:30:00+00:00,48289.7,48999.3
2025-12-26 21:45:00+00:00,47819.0,48289.7
2025-12-26 22:00:00+00:00,47238.6,47819.0
2025-12-26 22:15:00+00:00,46763.4,47238.6
2025-12-26 22:30:00+00:00,46288.4,46763.4
2025-12-26 22:45:00+00:00,45713.2,46288.4
2025-12-26 23:00:00+00:00,44905.4,45713.2
2025-12-26 23:15:00+00:00,44340.6,44905.4
2025-12-26 23:30:00+00:00,43908.2,44340.6
2025-12-26 23:45:00+00:00,43584.4,43908.2
2025-12-27 00:00:00+00:00,43068.6,43584.4
2025-12-27 00:15:00+00:00,42858.7,43068.6
2025-12-27 00:30:00+00:00,42806.2,42858.7
2025-12-27 00:45:00+00:00,42669.4,42806.2
2025-12-27 01:00:00+00:00,42242.1,42669.4
2025-12-27 01:15:00+00:00,42298.0,42242.1
2025-12-27 01:30:00+00:00,42010.6,42298.0
2025-12-27 01:45:00+00:00,42291.3,42010.6
2025-12-27 02:00:00+00:00,42056.8,42291.3
2025-12-27 02:15:00+00:00,41904.6,42056.8
2025-12-27 02:30:00+00:00,41878.6,41904.6
2025-12-27 02:45:00+00:00,42084.0,41878.6
2025-12-27 03:00:00+00:00,42425.7,42084.0
2025-12-27 03:15:00+00:00,42335.5,42425.7
2025-12-27 03:30:00+00:00,42376.9,42335.5
2025-12-27 03:45:00+00:00,42606.2,42376.9
2025-12-27 04:00:00+00:00,43012.9,42606.2
2025-12-27 04:15:00+00:00,42995.9,43012.9
2025-12-27 04:30:00+00:00,43351.0,42995.9
2025-12-27 04:45:00+00:00,43850.6,43351.0
2025-12-27 05:00:00+00:00,44534.3,43850.6
2025-12-27 05:15:00+00:00,44945.8,44534.3
2025-12-27 05:30:00+00:00,45398.1,44945.8
2025-12-27 05:45:00+00:00,45873.1,45398.1
2025-12-27 06:00:00+00:00,46851.6,45873.1
2025-12-27 06:15:00+00:00,47520.5,46851.6
2025-12-27 06:30:00+00:00,48185.6,47520.5
2025-12-27 06:45:00+00:00,49061.7,48185.6
2025-12-27 07:00:00+00:00,50275.0,49061.7
2025-12-27 07:15:00+00:00,50835.1,50275.0
2025-12-27 07:30:00+00:00,51816.7,50835.1
2025-12-27 07:45:00+00:00,52529.4,51816.7
2025-12-27 08:00:00+00:00,53202.6,52529.4
2025-12-27 08:15:00+00:00,53693.8,53202.6
2025-12-27 08:30:00+00:00,54268.8,53693.8
2025-12-27 08:45:00+00:00,54706.3,54268.8
2025-12-27 09:00:00+00:00,54756.4,54706.3
2025-12-27 09:15:00+00:00,55154.7,54756.4
2025-12-27 09:30:00+00:00,55430.3,55154.7
2025-12-27 09:45:00+00:00,55687.1,55430.3
2025-12-27 10:00:00+00:00,55874.8,55687.1
2025-12-27 10:15:00+00:00,56603.6,55874.8
2025-12-27 10:30:00+00:00,57019.3,56603.6
2025-12-27 10:45:00+00:00,56626.7,57019.3
2025-12-27 11:00:00+00:00,56881.7,56626.7
2025-12-27 11:15:00+00:00,57131.9,56881.7
2025-12-27 11:30:00+00:00,56737.7,57131.9
2025-12-27 11:45:00+00:00,56316.4,56737.7
2025-12-27 12:00:00+00:00,56051.6,56316.4
2025-12-27 12:15:00+00:00,55553.4,56051.6
2025-12-27 12:30:00+00:00,55116.0,55553.4
2025-12-27 12:45:00+00:00,54879.0,55116.0
2025-12-27 13:00:00+00:00,54777.6,54879.0
2025-12-27 13:15:00+00:00,54166.3,54777.6
2025-12-27 13:30:00+00:00,53947.3,54166.3
2025-12-27 13:45:00+00:00,54040.2,53947.3
2025-12-27 14:00:00+00:00,54557.3,54040.2
2025-12-27 14:15:00+00:00,54594.0,54557.3
2025-12-27 14:30:00+00:00,54755.4,54594.0
2025-12-27 14:45:00+00:00,55683.7,54755.4
2025-12-27 15:00:00+00:00,56663.7,55683.7
2025-12-27 15:15:00+00:00,57371.3,56663.7
2025-12-27 15:30:00+00:00,58245.3,57371.3
2025-12-27 15:45:00+00:00,59093.8,58245.3
2025-12-27 16:00:00+00:00,60265.5,59093.8
2025-12-27 16:15:00+00:00,60557.0,60265.5
2025-12-27 16:30:00+00:00,60856.4,60557.0
2025-12-27 16:45:00+00:00,61055.5,60856.4
2025-12-27 17:00:00+00:00,61049.3,61055.5
2025-12-27 17:15:00+00:00,61188.7,61049.3
2025-12-27 17:30:00+00:00,61184.8,61188.7
2025-12-27 17:45:00+00:00,60861.0,61184.8
2025-12-27 18:00:00+00:00,59926.6,60861.0
2025-12-27 18:15:00+00:00,59294.2,59926.6
2025-12-27 18:30:00+00:00,58951.1,59294.2
2025-12-27 18:45:00+00:00,58454.3,58951.1
2025-12-27 19:00:00+00:00,57554.3,58454.3
2025-12-27 19:15:00+00:00,56566.1,57554.3
2025-12-27 19:30:00+00:00,56067.9,56566.1
2025-12-27 19:45:00+00:00,55138.7,56067.9
2025-12-27 20:00:00+00:00,54471.9,55138.7
2025-12-27 20:15:00+00:00,53729.6,54471.9
2025-12-27 20:30:00+00:00,53231.0,53729.6
2025-12-27 20:45:00+00:00,53033.6,53231.0
2025-12-27 21:00:00+00:00,52896.1,53033.6
2025-12-27 21:15:00+00:00,52169.9,52896.1
2025-12-27 21:30:00+00:00,51480.1,52169.9
2025-12-27 21:45:00+00:00,50743.3,51480.1
2025-12-27 22:00:00+00:00,50107.0,50743.3
2025-12-27 22:15:00+00:00,49689.6,50107.0
2025-12-27 22:30:00+00:00,49276.8,49689.6
2025-12-27 22:45:00+00:00,48728.8,49276.8
2025-12-27 23:00:00+00:00,47586.3,48728.8
2025-12-27 23:15:00+00:00,46802.4,47586.3
2025-12-27 23:30:00+00:00,46551.4,46802.4
2025-12-27 23:45:00+00:00,46257.1,46551.4
2025-12-28 00:00:00+00:00,45181.4,46257.1
2025-12-28 00:15:00+00:00,44623.1,45181.4
2025-12-28 00:30:00+00:00,44032.4,44623.1
2025-12-28 00:45:00+00:00,43742.9,44032.4
2025-12-28 01:00:00+00:00,43058.7,43742.9
2025-12-28 01:15:00+00:00,42715.7,43058.7
2025-12-28 01:30:00+00:00,42545.8,42715.7
2025-12-28 01:45:00+00:00,42465.7,42545.8
2025-12-28 02:00:00+00:00,42569.5,42465.7
2025-12-28 02:15:00+00:00,42522.4,42569.5
2025-12-28 02:30:00+00:00,42480.8,42522.4
2025-12-28 02:45:00+00:00,42594.9,42480.8
2025-12-28 03:00:00+00:00,42863.3,42594.9
2025-12-28 03:15:00+00:00,42882.4,42863.3
2025-12-28 03:30:00+00:00,42922.1,42882.4
2025-12-28 03:45:00+00:00,42909.2,42922.1
2025-12-28 04:00:00+00:00,43354.9,42909.2
2025-12-28 04:15:00+00:00,43418.0,43354.9
2025-12-28 04:30:00+00:00,43433.6,43418.0
2025-12-28 04:45:00+00:00,43430.9,43433.6
2025-12-28 05:00:00+00:00,43526.9,43430.9
2025-12-28 05:15:00+00:00,43697.2,43526.9
2025-12-28 05:30:00+00:00,44114.0,43697.2
2025-12-28 05:45:00+00:00,44306.2,44114.0
2025-12-28 06:00:00+00:00,44606.2,44306.2
2025-12-28 06:15:00+00:00,45325.1,44606.2
2025-12-28 06:30:00+00:00,46192.3,45325.1
2025-12-28 06:45:00+00:00,46781.7,46192.3
2025-12-28 07:00:00+00:00,47822.2,46781.7
2025-12-28 07:15:00+00:00,48408.7,47822.2
2025-12-28 07:30:00+00:00,49173.0,48408.7
2025-12-28 07:45:00+00:00,49360.6,49173.0
2025-12-28 08:00:00+00:00,49890.2,49360.6
2025-12-28 08:15:00+00:00,49882.2,49890.2
2025-12-28 08:30:00+00:00,50077.7,49882.2
2025-12-28 08:45:00+00:00,50812.1,50077.7
2025-12-28 09:00:00+00:00,51044.4,50812.1
2025-12-28 09:15:00+00:00,51682.6,51044.4
2025-12-28 09:30:00+00:00,51887.2,51682.6
2025-12-28 09:45:00+00:00,52314.3,51887.2
2025-12-28 10:00:00+00:00,52318.1,52314.3
2025-12-28 10:15:00+00:00,52615.8,52318.1
2025-12-28 10:30:00+00:00,53508.2,52615.8
2025-12-28 10:45:00+00:00,53478.1,53508.2
2025-12-28 11:00:00+00:00,53152.6,53478.1
2025-12-28 11:15:00+00:00,53024.1,53152.6
2025-12-28 11:30:00+00:00,52832.1,53024.1
2025-12-28 11:45:00+00:00,52317.6,52832.1
2025-12-28 12:00:00+00:00,51506.7,52317.6
2025-12-28 12:15:00+00:00,51145.0,51506.7
2025-12-28 12:30:00+00:00,50781.1,51145.0
2025-12-28 12:45:00+00:00,50237.7,50781.1
2025-12-28 13:00:00+00:00,50297.5,50237.7
2025-12-28 13:15:00+00:00,50207.0,50297.5
2025-12-28 13:30:00+00:00,50280.8,50207.0
2025-12-28 13:45:00+00:00,50384.4,50280.8
2025-12-28 14:00:00+00:00,51243.3,50384.4
2025-12-28 14:15:00+00:00,51663.4,51243.3
2025-12-28 14:30:00+00:00,51942.0,51663.4
2025-12-28 14:45:00+00:00,52161.8,51942.0
2025-12-28 15:00:00+00:00,52789.5,52161.8
2025-12-28 15:15:00+00:00,52898.3,52789.5
2025-12-28 15:30:00+00:00,53718.6,52898.3
2025-12-28 15:45:00+00:00,54750.3,53718.6
2025-12-28 16:00:00+00:00,55778.2,54750.3
2025-12-28 16:15:00+00:00,56567.2,55778.2
2025-12-28 16:30:00+00:00,56987.3,56567.2
2025-12-28 16:45:00+00:00,57629.0,56987.3
2025-12-28 17:00:00+00:00,57691.2,57629.0
2025-12-28 17:15:00+00:00,57557.0,57691.2
2025-12-28 17:30:00+00:00,57452.2,57557.0
2025-12-28 17:45:00+00:00,57430.0,57452.2
2025-12-28 18:00:00+00:00,57394.5,57430.0
2025-12-28 18:15:00+00:00,57420.6,57394.5
2025-12-28 18:30:00+00:00,56888.7,57420.6
2025-12-28 18:45:00+00:00,56809.9,56888.7
2025-12-28 19:00:00+00:00,56248.1,56809.9
2025-12-28 19:15:00+00:00,55580.8,56248.1
2025-12-28 19:30:00+00:00,55042.7,55580.8
2025-12-28 19:45:00+00:00,54546.8,55042.7
2025-12-28 20:00:00+00:00,54211.6,54546.8
2025-12-28 20:15:00+00:00,53932.1,54211.6
2025-12-28 20:30:00+00:00,53632.8,53932.1
2025-12-28 20:45:00+00:00,53545.6,53632.8
2025-12-28 21:00:00+00:00,53390.4,53545.6
2025-12-28 21:15:00+00:00,53188.2,53390.4
2025-12-28 21:30:00+00:00,52640.5,53188.2
2025-12-28 21:45:00+00:00,52034.5,52640.5
2025-12-28 22:00:00+00:00,51582.9,52034.5
2025-12-28 22:15:00+00:00,51032.0,51582.9
2025-12-28 22:30:00+00:00,50379.8,51032.0
2025-12-28 22:45:00+00:00,49643.8,50379.8
2025-12-28 23:00:00+00:00,48757.0,49643.8
2025-12-28 23:15:00+00:00,48291.1,48757.0
2025-12-28 23:30:00+00:00,47795.4,48291.1
2025-12-28 23:45:00+00:00,47478.5,47795.4
2025-12-29 00:00:00+00:00,47176.8,47478.5
2025-12-29 00:15:00+00:00,46853.9,47176.8
2025-12-29 00:30:00+00:00,46467.9,46853.9
2025-12-29 00:45:00+00:00,46416.1,46467.9
2025-12-29 01:00:00+00:00,45708.1,46416.1
2025-12-29 01:15:00+00:00,45322.6,45708.1
2025-12-29 01:30:00+00:00,45292.6,45322.6
2025-12-29 01:45:00+00:00,45346.4,45292.6
2025-12-29 02:00:00+00:00,45305.9,45346.4
2025-12-29 02:15:00+00:00,45313.4,45305.9
2025-12-29 02:30:00+00:00,45173.2,45313.4
2025-12-29 02:45:00+00:00,45056.4,45173.2
2025-12-29 03:00:00+00:00,45834.1,45056.4
2025-12-29 03:15:00+00:00,45899.6,45834.1
2025-12-29 03:30:00+00:00,45927.6,45899.6
2025-12-29 03:45:00+00:00,46105.8,45927.6
2025-12-29 04:00:00+00:00,46891.8,46105.8
2025-12-29 04:15:00+00:00,46940.6,46891.8
2025-12-29 04:30:00+00:00,47076.2,46940.6
2025-12-29 04:45:00+00:00,47699.6,47076.2
2025-12-29 05:00:00+00:00,48859.5,47699.6
2025-12-29 05:15:00+00:00,49402.1,48859.5
2025-12-29 05:30:00+00:00,49842.4,49402.1
2025-12-29 05:45:00+00:00,50485.3,49842.4
2025-12-29 06:00:00+00:00,51740.5,50485.3
2025-12-29 06:15:00+00:00,52351.3,51740.5
2025-12-29 06:30:00+00:00,53133.3,52351.3
2025-12-29 06:45:00+00:00,54002.8,53133.3
2025-12-29 07:00:00+00:00,55050.6,54002.8
2025-12-29 07:15:00+00:00,55558.2,55050.6
2025-12-29 07:30:00+00:00,56106.1,55558.2
2025-12-29 07:45:00+00:00,56789.1,56106.1
2025-12-29 08:00:00+00:00,57386.2,56789.1
2025-12-29 08:15:00+00:00,57872.7,57386.2
2025-12-29 08:30:00+00:00,58102.8,57872.7
2025-12-29 08:45:00+00:00,58413.0,58102.8
2025-12-29 09:00:00+00:00,58538.0,58413.0
2025-12-29 09:15:00+00:00,58654.6,58538.0
2025-12-29 09:30:00+00:00,58651.2,58654.6
2025-12-29 09:45:00+00:00,58783.3,58651.2
2025-12-29 10:00:00+00:00,58698.1,58783.3
2025-12-29 10:15:00+00:00,59200.5,58698.1
2025-12-29 10:30:00+00:00,59751.8,59200.5
2025-12-29 10:45:00+00:00,59423.4,59751.8
2025-12-29 11:00:00+00:00,59320.8,59423.4
2025-12-29 11:15:00+00:00,59509.5,59320.8
2025-12-29 11:30:00+00:00,59310.2,59509.5
2025-12-29 11:45:00+00:00,59138.0,59310.2
2025-12-29 12:00:00+00:00,59195.0,59138.0
2025-12-29 12:15:00+00:00,59013.8,59195.0
2025-12-29 12:30:00+00:00,59102.4,59013.8
2025-12-29 12:45:00+00:00,58189.3,59102.4
2025-12-29 13:00:00+00:00,58679.3,58189.3
2025-12-29 13:15:00+00:00,58612.5,58679.3
2025-12-29 13:30:00+00:00,58555.3,58612.5
2025-12-29 13:45:00+00:00,58696.6,58555.3
2025-12-29 14:00:00+00:00,59103.8,58696.6
2025-12-29 14:15:00+00:00,59152.0,59103.8
2025-12-29 14:30:00+00:00,59416.3,59152.0
2025-12-29 14:45:00+00:00,59978.2,59416.3
2025-12-29 15:00:00+00:00,60709.9,59978.2
2025-12-29 15:15:00+00:00,61199.2,60709.9
2025-12-29 15:30:00+00:00,61950.7,61199.2
2025-12-29 15:45:00+00:00,62742.5,61950.7
2025-12-29 16:00:00+00:00,63399.2,62742.5
2025-12-29 16:15:00+00:00,63541.4,63399.2
2025-12-29 16:30:00+00:00,64060.7,63541.4
2025-12-29 16:45:00+00:00,64180.0,64060.7
2025-12-29 17:00:00+00:00,64029.8,64180.0
2025-12-29 17:15:00+00:00,63606.8,64029.8
2025-12-29 17:30:00+00:00,63652.8,63606.8
2025-12-29 17:45:00+00:00,63431.6,63652.8
2025-12-29 18:00:00+00:00,62808.7,63431.6
2025-12-29 18:15:00+00:00,61921.1,62808.7
2025-12-29 18:30:00+00:00,61661.6,61921.1
2025-12-29 18:45:00+00:00,60914.9,61661.6
2025-12-29 19:00:00+00:00,59954.9,60914.9
2025-12-29 19:15:00+00:00,58804.9,59954.9
2025-12-29 19:30:00+00:00,57869.7,58804.9
2025-12-29 19:45:00+00:00,57210.7,57869.7
2025-12-29 20:00:00+00:00,56492.2,57210.7
2025-12-29 20:15:00+00:00,56043.0,56492.2
2025-12-29 20:30:00+00:00,55582.5,56043.0
2025-12-29 20:45:00+00:00,55411.8,55582.5
2025-12-29 21:00:00+00:00,54908.8,55411.8
2025-12-29 21:15:00+00:00,54111.4,54908.8
2025-12-29 21:30:00+00:00,53313.6,54111.4
2025-12-29 21:45:00+00:00,52917.0,53313.6
2025-12-29 22:00:00+00:00,52002.3,52917.0
2025-12-29 22:15:00+00:00,51369.9,52002.3
2025-12-29 22:30:00+00:00,50710.0,51369.9
2025-12-29 22:45:00+00:00,50037.6,50710.0
2025-12-29 23:00:00+00:00,49215.6,50037.6
2025-12-29 23:15:00+00:00,48314.9,49215.6
2025-12-29 23:30:00+00:00,47436.6,48314.9
2025-12-29 23:45:00+00:00,46704.4,47436.6
2025-12-30 00:00:00+00:00,45971.1,46704.4
2025-12-30 00:15:00+00:00,45604.3,45971.1
2025-12-30 00:30:00+00:00,45225.5,45604.3
2025-12-30 00:45:00+00:00,45052.4,45225.5
2025-12-30 01:00:00+00:00,44996.7,45052.4
2025-12-30 01:15:00+00:00,44735.8,44996.7
2025-12-30 01:30:00+00:00,44767.2,44735.8
2025-12-30 01:45:00+00:00,44535.7,44767.2
2025-12-30 02:00:00+00:00,44686.9,44535.7
2025-12-30 02:15:00+00:00,44737.8,44686.9
2025-12-30 02:30:00+00:00,44864.2,44737.8
2025-12-30 02:45:00+00:00,44773.3,44864.2
2025-12-30 03:00:00+00:00,45029.7,44773.3
2025-12-30 03:15:00+00:00,45092.4,45029.7
2025-12-30 03:30:00+00:00,45149.1,45092.4
2025-12-30 03:45:00+00:00,45628.2,45149.1
2025-12-30 04:00:00+00:00,46537.7,45628.2
2025-12-30 04:15:00+00:00,46796.2,46537.7
2025-12-30 04:30:00+00:00,47532.3,46796.2
2025-12-30 04:45:00+00:00,48125.5,47532.3
2025-12-30 05:00:00+00:00,49166.4,48125.5
2025-12-30 05:15:00+00:00,50341.7,49166.4
2025-12-30 05:30:00+00:00,51036.1,50341.7
2025-12-30 05:45:00+00:00,51673.2,51036.1
2025-12-30 06:00:00+00:00,52718.1,51673.2
2025-12-30 06:15:00+00:00,53743.5,52718.1
2025-12-30 06:30:00+00:00,54466.4,53743.5
2025-12-30 06:45:00+00:00,55094.2,54466.4
2025-12-30 07:00:00+00:00,56095.8,55094.2
2025-12-30 07:15:00+00:00,56508.0,56095.8
2025-12-30 07:30:00+00:00,57554.3,56508.0
2025-12-30 07:45:00+00:00,58092.6,57554.3
2025-12-30 08:00:00+00:00,58351.6,58092.6
2025-12-30 08:15:00+00:00,58659.5,58351.6
2025-12-30 08:30:00+00:00,58737.8,58659.5
2025-12-30 08:45:00+00:00,58528.1,58737.8
2025-12-30 09:00:00+00:00,58877.3,58528.1
2025-12-30 09:15:00+00:00,59110.6,58877.3
2025-12-30 09:30:00+00:00,59250.0,59110.6
2025-12-30 09:45:00+00:00,59521.1,59250.0
2025-12-30 10:00:00+00:00,58278.3,59521.1
2025-12-30 10:15:00+00:00,59210.1,58278.3
2025-12-30 10:30:00+00:00,59470.2,59210.1
2025-12-30 10:45:00+00:00,59173.4,59470.2
2025-12-30 11:00:00+00:00,59228.8,59173.4
2025-12-30 11:15:00+00:00,58945.5,59228.8
2025-12-30 11:30:00+00:00,58731.8,58945.5
2025-12-30 11:45:00+00:00,58154.0,58731.8
2025-12-30 12:00:00+00:00,57792.4,58154.0
2025-12-30 12:15:00+00:00,57310.0,57792.4
2025-12-30 12:30:00+00:00,57268.4,57310.0
2025-12-30 12:45:00+00:00,56429.6,57268.4
2025-12-30 13:00:00+00:00,56887.1,56429.6
2025-12-30 13:15:00+00:00,56883.6,56887.1
2025-12-30 13:30:00+00:00,56561.2,56883.6
2025-12-30 13:45:00+00:00,56254.5,56561.2
2025-12-30 14:00:00+00:00,56993.5,56254.5
2025-12-30 14:15:00+00:00,57309.5,56993.5
2025-12-30 14:30:00+00:00,57869.5,57309.5
2025-12-30 14:45:00+00:00,58306.4,57869.5
2025-12-30 15:00:00+00:00,59042.4,58306.4
2025-12-30 15:15:00+00:00,59621.3,59042.4
2025-12-30 15:30:00+00:00,60394.4,59621.3
2025-12-30 15:45:00+00:00,61311.6,60394.4
2025-12-30 16:00:00+00:00,62448.6,61311.6
2025-12-30 16:15:00+00:00,62958.7,62448.6
2025-12-30 16:30:00+00:00,62930.6,62958.7
2025-12-30 16:45:00+00:00,63183.9,62930.6
2025-12-30 17:00:00+00:00,63051.7,63183.9
2025-12-30 17:15:00+00:00,63266.8,63051.7
2025-12-30 17:30:00+00:00,62949.7,63266.8
2025-12-30 17:45:00+00:00,62563.3,62949.7
2025-12-30 18:00:00+00:00,62010.8,62563.3
2025-12-30 18:15:00+00:00,61424.6,62010.8
2025-12-30 18:30:00+00:00,60946.7,61424.6
2025-12-30 18:45:00+00:00,60389.3,60946.7
2025-12-30 19:00:00+00:00,59169.1,60389.3
2025-12-30 19:15:00+00:00,58276.4,59169.1
2025-12-30 19:30:00+00:00,57363.3,58276.4
2025-12-30 19:45:00+00:00,56813.0,57363.3
2025-12-30 20:00:00+00:00,56322.6,56813.0
2025-12-30 20:15:00+00:00,56230.5,56322.6
2025-12-30 20:30:00+00:00,55568.4,56230.5
2025-12-30 20:45:00+00:00,55341.7,55568.4
2025-12-30 21:00:00+00:00,55033.3,55341.7
2025-12-30 21:15:00+00:00,54266.7,55033.3
2025-12-30 21:30:00+00:00,53477.9,54266.7
2025-12-30 21:45:00+00:00,52753.7,53477.9
2025-12-30 22:00:00+00:00,51887.1,52753.7
2025-12-30 22:15:00+00:00,51659.4,51887.1
2025-12-30 22:30:00+00:00,51415.3,51659.4
2025-12-30 22:45:00+00:00,50949.4,51415.3
2025-12-30 23:00:00+00:00,50248.3,50949.4
2025-12-30 23:15:00+00:00,49687.0,50248.3
2025-12-30 23:30:00+00:00,49248.6,49687.0
2025-12-30 23:45:00+00:00,49126.7,49248.6
2025-12-31 00:00:00+00:00,48214.7,49126.7
2025-12-31 00:15:00+00:00,47586.4,48214.7
2025-12-31 00:30:00+00:00,47293.4,47586.4
2025-12-31 00:45:00+00:00,47062.6,47293.4
2025-12-31 01:00:00+00:00,46760.8,47062.6
2025-12-31 01:15:00+00:00,46581.2,46760.8
2025-12-31 01:30:00+00:00,46555.7,46581.2
2025-12-31 01:45:00+00:00,46193.2,46555.7
2025-12-31 02:00:00+00:00,45876.5,46193.2
2025-12-31 02:15:00+00:00,45741.1,45876.5
2025-12-31 02:30:00+00:00,45492.1,45741.1
2025-12-31 02:45:00+00:00,45348.3,45492.1
2025-12-31 03:00:00+00:00,45310.9,45348.3
2025-12-31 03:15:00+00:00,45584.2,45310.9
2025-12-31 03:30:00+00:00,45457.8,45584.2
2025-12-31 03:45:00+00:00,45657.9,45457.8
2025-12-31 04:00:00+00:00,46598.8,45657.9
2025-12-31 04:15:00+00:00,46814.3,46598.8
2025-12-31 04:30:00+00:00,47293.0,46814.3
2025-12-31 04:45:00+00:00,47548.6,47293.0
2025-12-31 05:00:00+00:00,48073.2,47548.6
2025-12-31 05:15:00+00:00,48256.6,48073.2
2025-12-31 05:30:00+00:00,48746.7,48256.6
2025-12-31 05:45:00+00:00,48898.1,48746.7
2025-12-31 06:00:00+00:00,49611.8,48898.1
2025-12-31 06:15:00+00:00,50323.3,49611.8
2025-12-31 06:30:00+00:00,50922.5,50323.3
2025-12-31 06:45:00+00:00,51627.3,50922.5
2025-12-31 07:00:00+00:00,52252.9,51627.3
2025-12-31 07:15:00+00:00,52504.2,52252.9
2025-12-31 07:30:00+00:00,52918.5,52504.2
2025-12-31 07:45:00+00:00,53307.8,52918.5
2025-12-31 08:00:00+00:00,54129.6,53307.8
2025-12-31 08:15:00+00:00,54667.8,54129.6
2025-12-31 08:30:00+00:00,55227.4,54667.8
2025-12-31 08:45:00+00:00,55889.3,55227.4
2025-12-31 09:00:00+00:00,55948.2,55889.3
2025-12-31 09:15:00+00:00,56029.1,55948.2
2025-12-31 09:30:00+00:00,56042.8,56029.1
2025-12-31 09:45:00+00:00,56323.1,56042.8
2025-12-31 10:00:00+00:00,56496.6,56323.1
2025-12-31 10:15:00+00:00,56914.9,56496.6
2025-12-31 10:30:00+00:00,56949.0,56914.9
2025-12-31 10:45:00+00:00,57182.7,56949.0
2025-12-31 11:00:00+00:00,57071.5,57182.7
2025-12-31 11:15:00+00:00,57202.8,57071.5
2025-12-31 11:30:00+00:00,57607.6,57202.8
2025-12-31 11:45:00+00:00,57138.7,57607.6
2025-12-31 12:00:00+00:00,56563.6,57138.7
2025-12-31 12:15:00+00:00,56272.5,56563.6
2025-12-31 12:30:00+00:00,55979.1,56272.5
2025-12-31 12:45:00+00:00,55710.5,55979.1
2025-12-31 13:00:00+00:00,55794.2,55710.5
2025-12-31 13:15:00+00:00,54854.5,55794.2
2025-12-31 13:30:00+00:00,54847.1,54854.5
2025-12-31 13:45:00+00:00,55076.1,54847.1
2025-12-31 14:00:00+00:00,55084.2,55076.1
2025-12-31 14:15:00+00:00,55423.6,55084.2
2025-12-31 14:30:00+00:00,55733.8,55423.6
2025-12-31 14:45:00+00:00,56148.1,55733.8
2025-12-31 15:00:00+00:00,56815.0,56148.1
2025-12-31 15:15:00+00:00,57051.5,56815.0
2025-12-31 15:30:00+00:00,57711.8,57051.5
2025-12-31 15:45:00+00:00,58291.4,57711.8
2025-12-31 16:00:00+00:00,58938.1,58291.4
2025-12-31 16:15:00+00:00,59257.1,58938.1
2025-12-31 16:30:00+00:00,58932.3,59257.1
2025-12-31 16:45:00+00:00,59190.2,58932.3
2025-12-31 17:00:00+00:00,59201.5,59190.2
2025-12-31 17:15:00+00:00,58796.6,59201.5
2025-12-31 17:30:00+00:00,58000.6,58796.6
2025-12-31 17:45:00+00:00,57434.0,58000.6
2025-12-31 18:00:00+00:00,56632.0,57434.0
2025-12-31 18:15:00+00:00,55933.1,56632.0
2025-12-31 18:30:00+00:00,55200.2,55933.1
2025-12-31 18:45:00+00:00,54257.1,55200.2
2025-12-31 19:00:00+00:00,53113.0,54257.1
2025-12-31 19:15:00+00:00,52611.0,53113.0
2025-12-31 19:30:00+00:00,51942.0,52611.0
2025-12-31 19:45:00+00:00,51523.3,51942.0
2025-12-31 20:00:00+00:00,50941.9,51523.3
2025-12-31 20:15:00+00:00,50619.0,50941.9
2025-12-31 20:30:00+00:00,50151.5,50619.0
2025-12-31 20:45:00+00:00,49708.9,50151.5
2025-12-31 21:00:00+00:00,49572.8,49708.9
2025-12-31 21:15:00+00:00,49380.8,49572.8
2025-12-31 21:30:00+00:00,48779.3,49380.8
2025-12-31 21:45:00+00:00,48369.3,48779.3
2025-12-31 22:00:00+00:00,47816.1,48369.3
2025-12-31 22:15:00+00:00,47620.6,47816.1
2025-12-31 22:30:00+00:00,47274.5,47620.6
2025-12-31 22:45:00+00:00,47027.3,47274.5
